,combined_text
0,Device Name: Insulin Pump. Model Number: DAN246. Manufacturer: Danaher. Indications for Use: Indicated for real-time heart rate assessment in emergency department triage protocols.. Contraindications: Not recommended for use in radiation therapy patients or those with sepsis.. 
1,Device Name: Ventilator. Model Number: Model 4428. Manufacturer: Fresenius Medical Care. Indications for Use: Intended for infection control evaluation in rehabilitation medicine for chronic conditions recovery.. Contraindications: Not recommended in presence of pulmonary edema or at infected areas locations.. 
2,Device Name: Surgical Robot. Model Number: ABB102. Manufacturer: Abbott. Indications for Use: Intended for infection control therapy in intensive care unit environments for critically ill patients.. Contraindications: Not recommended for use in burn patients or those with epilepsy.. 
3,Device Name: Blood Pressure Monitor. Model Number: Plus269. Manufacturer: Dentsply Sirona. Indications for Use: Indicated for emergency pulmonary function stabilization in trauma center resuscitation rooms.. Contraindications: Not recommended for patients with autoimmune disorders or severe peripheral vascular disease.. 
4,Device Name: Pulse Oximeter. Model Number: SYN478. Manufacturer: Synthes. Indications for Use: Used for emergency joint replacement in acute neurological disorders situations requiring immediate care.. Contraindications: Contraindicated in patients with thrombocytopenia or frostbite risk.. 
5,
6,Device Name: Ultrasound Scanner. Model Number: C-1799. Manufacturer: Siemens Healthineers. Indications for Use: Indicated for diagnostic imaging to assess cardiac disorders in clinical environments.. Contraindications: Not recommended for use in terminally ill patients or those with pregnancy.. 
7,Device Name: Wound Care System. Model Number: Max748. Manufacturer: BioMérieux. Indications for Use: Intended for imaging guidance during minimally invasive ophthalmic procedures.. Contraindications: Avoid use in patients with pacemakers or altered cognitive function.. 
8,Device Name: Insulin Pump. Model Number: SIE362. Manufacturer: Siemens Healthineers. Indications for Use: Designed for defibrillation support in neonatal intensive care environments.. Contraindications: Contraindicated in patients with severe anemia or unable to follow instructions.. 
9,Device Name: Defibrillator. Model Number: B. 342. Manufacturer: B. Braun. Indications for Use: Used for intraoperative infection prevention monitoring during complex ophthalmic surgeries.. Contraindications: Avoid use in patients with severe cardiac arrhythmias or severe severe osteoporosis.. 
10,Device Name: Wound Care System. Model Number: Model 1153. Manufacturer: Cook Medical. Indications for Use: Indicated for real-time glucose levels assessment in emergency department triage protocols.. Contraindications: Avoid use in patients with heart valves or vascular stents. Not suitable for maintenance procedures.. 
11,Device Name: Patient Monitor. Model Number: Max611. Manufacturer: 3M Healthcare. Indications for Use: Indicated for emergency pulmonary function stabilization in trauma center resuscitation rooms.. Contraindications: Not recommended for use in radiation therapy patients or those with immunodeficiency.. 
12,Device Name: Dialysis Machine. Model Number: Model 7456. Manufacturer: Thermo Fisher Scientific. Indications for Use: Used for electrotherapy guidance in oncology treatment centers for cancer patients.. Contraindications: Not suitable for use during electromagnetic therapy or X-ray.. 
13,
14,Device Name: Surgical Robot. Model Number: Model 9468. Manufacturer: Mölnlycke Health Care. Indications for Use: Indicated for respiratory rate surveillance in infection control protocols.. Contraindications: Do not use if battery depletion is detected or routine maintenance has expired.. 
15,Device Name: Blood Pressure Monitor. Model Number: X-4451. Manufacturer: Stryker. Indications for Use: Used for intraoperative calibration monitoring during complex cardiac surgeries.. Contraindications: Avoid use if patient has sepsis or history of embolism.. 
16,Device Name: Nebulizer. Model Number: Model 9836. Manufacturer: Sartorius. Indications for Use: Used for emergency blood transfusion in acute cancer situations requiring immediate care.. Contraindications: Avoid use in patients with ports and catheters or pins and wires. Not suitable for emergency situations.. 
17,Device Name: Digital Thermometer. Model Number: Pro621. Manufacturer: Karl Storz. Indications for Use: Intended for diagnostic assessment therapy in intensive care unit environments for critically ill patients.. Contraindications: Do not use during general anesthesia administration or in sedated.. 
18,Device Name: ECG Machine. Model Number: EDW624. Manufacturer: Edwards Lifesciences. Indications for Use: Indicated for emergency hemoglobin levels stabilization in trauma center resuscitation rooms.. Contraindications: Not suitable for use in aircraft cabins with radiation or during unsupervised use.. 
19,Device Name: Defibrillator. Model Number: OLY224. Manufacturer: Olympus Corporation. Indications for Use: Intended for life support evaluation in rehabilitation medicine for critical illness recovery.. Contraindications: Not recommended for patients with hepatic dysfunction or severe severe hypertension.. 
20,Device Name: CPAP Machine. Model Number: Model 2265. Manufacturer: IDEXX Laboratories. Indications for Use: Designed for thermal therapy optimization in chronic disease management programs.. Contraindications: Do not use if battery depletion is detected or routine maintenance has expired.. 
21,Device Name: Pulse Oximeter. Model Number: Plus254. Manufacturer: Synthes. Indications for Use: Intended for mechanical ventilation delivery in palliative care settings for terminal patients.. Contraindications: Not recommended in presence of severe cardiac arrhythmias or at infected areas locations.. 
22,Device Name: Insulin Pump. Model Number: Model 5804. Manufacturer: ResMed. Indications for Use: Used for phototherapy guidance in oncology treatment centers for cancer patients.. Contraindications: Contraindicated in patients with hepatic dysfunction or burns risk.. 
23,Device Name: Surgical Robot. Model Number: ABB184. Manufacturer: Abbott. Indications for Use: Intended for joint replacement delivery in palliative care settings for terminal patients.. Contraindications: Avoid use in patients with sepsis or altered consciousness.. 
24,Device Name: Patient Monitor. Model Number: Model 3982. Manufacturer: Dexcom. Indications for Use: Used for intraoperative data analysis monitoring during complex urological surgeries.. Contraindications: Not suitable for use with vasoconstrictors or in extreme temperature environments.. 
25,Device Name: Blood Pressure Monitor. Model Number: HOL392. Manufacturer: Hologic. Indications for Use: Intended for therapeutic delivery therapy in intensive care unit environments for critically ill patients.. Contraindications: Contraindicated in patients with severe respiratory failure or uncontrolled sepsis.. 
26,Device Name: CPAP Machine. Model Number: WAT738. Manufacturer: Waters Corporation. Indications for Use: Designed for home-based dialysis in stable mentally impaired patients with chronic stroke.. Contraindications: Contraindicated in presence of electromagnetic fields or MRI environments exposure.. 
27,Device Name: Defibrillator. Model Number: Model 2552. Manufacturer: Coloplast. Indications for Use: Intended for defibrillation delivery in palliative care settings for terminal patients.. Contraindications: Contraindicated in patients with immunodeficiency or on cleaning solvents.. 
28,Device Name: Catheter. Model Number: COO602. Manufacturer: Cooper Companies. Indications for Use: Designed for home-based thermal therapy in stable radiation therapy patients with chronic infectious diseases.. Contraindications: Do not use if sensor failure is detected or quality control has expired.. 
29,Device Name: Insulin Pump. Model Number: Pro372. Manufacturer: BioMérieux. Indications for Use: Designed for perioperative cardiac output management during oncological interventions.. Contraindications: Avoid use in patients with pacemakers or altered consciousness.. 
30,Device Name: CPAP Machine. Model Number: Model 8398. Manufacturer: IDEXX Laboratories. Indications for Use: Indicated for continuous blood pressure monitoring during endoscopic surgical procedures.. Contraindications: Avoid use in patients with skin allergies or uncontrolled metal implants.. 
31,Device Name: Wound Care System. Model Number: Max616. Manufacturer: 3M Healthcare. Indications for Use: Indicated for emergency blood gas analysis stabilization in trauma center resuscitation rooms.. Contraindications: Contraindicated in presence of flammable anesthetics or during cryotherapy.. 
32,Device Name: Patient Monitor. Model Number: STR357. Manufacturer: Stryker. Indications for Use: Designed for cardiac therapy optimization in chronic disease management programs.. Contraindications: Not recommended for use in sedated patients or those with severe anemia.. 
33,Device Name: Digital Thermometer. Model Number: Pro323. Manufacturer: Zeiss Medical Technology. Indications for Use: Designed for joint replacement support in neonatal intensive care environments.. Contraindications: Not suitable for use in cleaning protocols with radiation or during power outages.. 
34,
35,Device Name: X-Ray Machine. Model Number: Model 6214. Manufacturer: Aesculap. Indications for Use: Indicated for vital signs optimization in sleep medicine centers for respiratory disorders.. Contraindications: Contraindicated in presence of muscle relaxants or during microwave diathermy.. 
36,Device Name: Defibrillator. Model Number: X-4464. Manufacturer: Boston Scientific. Indications for Use: Used for therapeutic thermal therapy in pediatric patients requiring defibrillation.. Contraindications: Avoid use in patients with skin allergies or altered consciousness.. 
37,Device Name: Pacemaker. Model Number: Pro146. Manufacturer: Coloplast. Indications for Use: Used for long-term compression therapy delivery in ambulatory care settings for cancer patients.. Contraindications: Do not use in patients with cardiomyopathy. Contraindicated in maintenance procedures.. 
38,Device Name: Ventilator. Model Number: ABB164. Manufacturer: Abbott. Indications for Use: Indicated for blood pressure surveillance in infection control protocols.. Contraindications: Avoid use if patient has pregnancy or is receiving antiseptics.. 
39,Device Name: Electrosurgical Unit. Model Number: ALI371. Manufacturer: Align Technology. Indications for Use: Designed for wound care assistance in geriatric care facilities for elderly patients.. Contraindications: Contraindicated in presence of radio frequencies or strong magnetic fields exposure.. 
40,Device Name: Ultrasound Scanner. Model Number: Model 8477. Manufacturer: Intuitive Surgical. Indications for Use: Indicated for diagnostic sterilization to assess orthopedic injuries in clinical environments.. Contraindications: Not suitable for use with alcohol-based solutions or in explosive atmospheres.. 
41,Device Name: Catheter. Model Number: Z-8479. Manufacturer: Cooper Companies. Indications for Use: Used for post-operative chemotherapy management in hospital recovery units.. Contraindications: Do not use if patient has known allergy to vasoconstrictors or hypersensitivity to conductive gels.. 
42,Device Name: Infusion Pump. Model Number: DEX248. Manufacturer: Dexcom. Indications for Use: Intended for calibration support in cardiac catheterization laboratory environments.. Contraindications: Contraindicated in patients with severe hypertension or on radioactive materials.. 
43,Device Name: ECG Machine. Model Number: Plus608. Manufacturer: Olympus Corporation. Indications for Use: Indicated for continuous intracranial pressure monitoring during endoscopic surgical procedures.. Contraindications: Not suitable for use in emergency situations with fire or during electromagnetic interference zones.. 
44,Device Name: Nebulizer. Model Number: Plus772. Manufacturer: Cook Medical. Indications for Use: Intended for infection prevention verification in quality assurance and device validation protocols.. Contraindications: Do not use if structural defects is present or incision is infected.. 
45,Device Name: Electrosurgical Unit. Model Number: AES311. Manufacturer: Aesculap. Indications for Use: Designed for perioperative oxygen saturation management during thoracic interventions.. Contraindications: Contraindicated in presence of electromagnetic fields or strong magnetic fields exposure.. 
46,Device Name: Patient Monitor. Model Number: Model 9209. Manufacturer: Zeiss Medical Technology. Indications for Use: Used for radiation therapy guidance in oncology treatment centers for cancer patients.. Contraindications: Do not use if battery depletion is detected or routine maintenance has expired.. 
47,Device Name: CPAP Machine. Model Number: Pro924. Manufacturer: Sonova. Indications for Use: Indicated for continuous electrolyte balance monitoring during reconstructive surgical procedures.. Contraindications: Not recommended in presence of cardiomyopathy or at open wounds locations.. 
48,Device Name: Blood Glucose Monitor. Model Number: Model 7484. Manufacturer: Terumo. Indications for Use: Indicated for continuous blood gas analysis monitoring during transplant surgical procedures.. Contraindications: Contraindicated in presence of contrast agents or during microwave diathermy.. 
49,Device Name: Pulse Oximeter. Model Number: Plus419. Manufacturer: Mölnlycke Health Care. Indications for Use: Indicated for routine documentation screening in outpatient clinical facilities.. Contraindications: Avoid use in patients with peripheral vascular disease or severe skin allergies.. 
50,Device Name: Electrosurgical Unit. Model Number: Model 7890. Manufacturer: Hoya Corporation. Indications for Use: Indicated for continuous ECG readings monitoring during ophthalmic surgical procedures.. Contraindications: Do not use if battery depletion is detected or quality control has expired.. 
51,Device Name: Patient Monitor. Model Number: BEC637. Manufacturer: Becton Dickinson. Indications for Use: Intended for device maintenance verification in quality assurance and device validation protocols.. Contraindications: Avoid use in patients with contraceptive implants or ocular implants. Not suitable for explosive atmospheres.. 
52,Device Name: Infusion Pump. Model Number: BAX866. Manufacturer: Baxter International. Indications for Use: Designed for home-based wound irrigation in stable mentally impaired patients with chronic infectious diseases.. Contraindications: Contraindicated in patients with acute myocardial infarction or severe thrombocytopenia.. 
53,Device Name: Surgical Drill. Model Number: BEC662. Manufacturer: Becton Dickinson. Indications for Use: Intended for diagnostic assessment therapy in intensive care unit environments for critically ill patients.. Contraindications: Avoid use in patients with active infections or altered consciousness.. 
54,Device Name: Defibrillator. Model Number: C-6496. Manufacturer: Alcon. Indications for Use: Used for intraoperative alarm management monitoring during complex emergency surgeries.. Contraindications: Avoid use in patients with active peripheral vascular disease or compromised respiratory function.. 
55,Device Name: Surgical Drill. Model Number: ZEI732. Manufacturer: Zeiss Medical Technology. Indications for Use: Designed for perioperative oxygen saturation management during minimally invasive interventions.. Contraindications: Not suitable for use during diathermy procedures or X-ray.. 
56,Device Name: CPAP Machine. Model Number: Z-8636. Manufacturer: Waters Corporation. Indications for Use: Used for post-operative phototherapy management in hospital recovery units.. Contraindications: Contraindicated in patients with stroke or unable to follow instructions.. 
57,Device Name: Anesthesia Machine. Model Number: Model 6563. Manufacturer: Terumo. Indications for Use: Used for intraoperative device maintenance monitoring during complex urological surgeries.. Contraindications: Contraindicated in patients with hepatic dysfunction or severe stroke.. 
58,Device Name: X-Ray Machine. Model Number: B-5438. Manufacturer: Cooper Companies. Indications for Use: Used for intraoperative monitoring monitoring during complex oncological surgeries.. Contraindications: Do not use in patients with stroke. Contraindicated in fire hazard zones.. 
59,Device Name: Syringe Pump. Model Number: Model 8062. Manufacturer: Becton Dickinson. Indications for Use: Indicated for real-time respiratory rate assessment in emergency department triage protocols.. Contraindications: Avoid use if patient has malignant hyperthermia or is receiving blood thinners.. 
60,Device Name: Nebulizer. Model Number: Pro486. Manufacturer: IDEXX Laboratories. Indications for Use: Indicated for routine calibration screening in outpatient clinical facilities.. Contraindications: Avoid use in patients with severe diabetes or altered cognitive function.. 
61,Device Name: Wound Care System. Model Number: FRE555. Manufacturer: Fresenius Medical Care. Indications for Use: Indicated for diagnostic patient positioning to assess infectious diseases in clinical environments.. Contraindications: Avoid use in patients with dental implants or cardiac devices. Not suitable for unsupervised use.. 
62,Device Name: Electrosurgical Unit. Model Number: Model 1380. Manufacturer: Aesculap. Indications for Use: Designed for intubation facilitation in telemedicine and remote patient monitoring.. Contraindications: Do not use in combination with flammable anesthetics or pain management modalities.. 
63,Device Name: X-Ray Machine. Model Number: B. 590. Manufacturer: B. Braun. Indications for Use: Used for long-term phototherapy delivery in ambulatory care settings for diabetes patients.. Contraindications: Avoid use in patients with epilepsy or altered cognitive function.. 
64,Device Name: Infusion Pump. Model Number: BAX174. Manufacturer: Baxter International. Indications for Use: Designed for life support in patients with cancer under medical supervision.. Contraindications: Do not use in patients with autoimmune disorders. Contraindicated in hyperbaric chambers.. 
65,Device Name: Defibrillator. Model Number: Max134. Manufacturer: Thermo Fisher Scientific. Indications for Use: Indicated for blood gas analysis surveillance in infection control protocols.. Contraindications: Do not use during local anesthesia administration or in comatose.. 
66,Device Name: Pacemaker. Model Number: X-6355. Manufacturer: B. Braun. Indications for Use: Used for therapeutic oxygen therapy in terminally ill patients requiring medication administration.. Contraindications: Contraindicated in patients with renal insufficiency or severe hepatic dysfunction.. 
67,Device Name: Nebulizer. Model Number: Pro135. Manufacturer: Richard Wolf. Indications for Use: Intended for monitoring and measuring ECG readings in paralyzed patients in hospital and clinical settings.. Contraindications: Avoid use in patients with neurostimulators or clips and coils. Not suitable for hyperbaric chambers.. 
68,Device Name: Pulse Oximeter. Model Number: JOH303. Manufacturer: Johnson & Johnson. Indications for Use: Designed for home-based wound irrigation in stable neonatal patients with chronic cardiac disorders.. Contraindications: Not suitable for use with chemotherapy drugs or in emergency situations.. 
69,Device Name: Defibrillator. Model Number: STE899. Manufacturer: Steris. Indications for Use: Indicated for continuous respiratory rate monitoring during transplant surgical procedures.. Contraindications: Do not use in combination with conductive gels or electrotherapy modalities.. 
70,Device Name: Catheter. Model Number: SIE840. Manufacturer: Siemens Healthineers. Indications for Use: Designed for preventive screening assistance in geriatric care facilities for elderly patients.. Contraindications: Do not use if battery depletion is detected or quality control has expired.. 
71,Device Name: Blood Glucose Monitor. Model Number: Plus152. Manufacturer: Hologic. Indications for Use: Used for emergency surgical intervention in acute respiratory conditions situations requiring immediate care.. Contraindications: Contraindicated in presence of electromagnetic fields or MRI environments exposure.. 
72,Device Name: Digital Thermometer. Model Number: TER777. Manufacturer: Terumo. Indications for Use: Indicated for hemoglobin levels analysis in laboratory diagnostic testing environments.. Contraindications: Do not use during general anesthesia administration or in sedated.. 
73,Device Name: Patient Monitor. Model Number: Model 1488. Manufacturer: Mindray. Indications for Use: Used for long-term dialysis delivery in ambulatory care settings for renal failure patients.. Contraindications: Not recommended for use in post-operative patients or those with bleeding disorders.. 
74,Device Name: Pacemaker. Model Number: B-3854. Manufacturer: Dentsply Sirona. Indications for Use: Used for long-term drug delivery delivery in ambulatory care settings for orthopedic injuries patients.. Contraindications: Do not use if patient has known allergy to antibiotics or hypersensitivity to bronchodilators.. 
75,Device Name: Blood Glucose Monitor. Model Number: Plus792. Manufacturer: Medtronic. Indications for Use: Designed for perioperative temperature management during neurological interventions.. Contraindications: Do not use in combination with magnetic materials or wound irrigation modalities.. 
76,Device Name: Stent. Model Number: GE 629. Manufacturer: GE Healthcare. Indications for Use: Indicated for routine documentation screening in outpatient clinical facilities.. Contraindications: Do not use if structural defects is present or incision is infected.. 
77,Device Name: Patient Monitor. Model Number: ZEI602. Manufacturer: Zeiss Medical Technology. Indications for Use: Used for intraoperative calibration monitoring during complex gastroenterological surgeries.. Contraindications: Contraindicated in presence of radio frequencies or MRI environments exposure.. 
78,Device Name: Patient Monitor. Model Number: Plus768. Manufacturer: Intuitive Surgical. Indications for Use: Designed for wound care assistance in geriatric care facilities for elderly patients.. Contraindications: Avoid use in patients with heart valves or cochlear implants. Not suitable for explosive atmospheres.. 
79,Device Name: Dialysis Machine. Model Number: A-6687. Manufacturer: Aesculap. Indications for Use: Designed for intubation support in neonatal intensive care environments.. Contraindications: Avoid use in patients with acute myocardial infarction or altered cognitive function.. 
80,Device Name: Blood Pressure Monitor. Model Number: A-1588. Manufacturer: Boston Scientific. Indications for Use: Indicated for oxygen saturation optimization in sleep medicine centers for respiratory disorders.. Contraindications: Do not use in patients with thrombocytopenia or severe thrombocytopenia.. 
81,Device Name: Surgical Robot. Model Number: Z-2737. Manufacturer: Alcon. Indications for Use: Intended for calibration support in cardiac catheterization laboratory environments.. Contraindications: Contraindicated in presence of electromagnetic fields or MRI environments exposure.. 
82,Device Name: CPAP Machine. Model Number: C-1297. Manufacturer: Hoya Corporation. Indications for Use: Indicated for real-time pH levels assessment in emergency department triage protocols.. Contraindications: Contraindicated in patients with severe cardiomyopathy or uncontrolled stroke.. 
83,Device Name: Catheter. Model Number: Plus785. Manufacturer: Coloplast. Indications for Use: Designed for preventive screening in patients with orthopedic injuries under medical supervision.. Contraindications: Not suitable for use in underwater environments with radiation or during underwater environments.. 
84,
85,Device Name: Insulin Pump. Model Number: Model 5606. Manufacturer: Richard Wolf. Indications for Use: Used for post-operative oxygen therapy management in hospital recovery units.. Contraindications: Avoid use in patients with skin allergies or uncontrolled cardiomyopathy.. 
86,Device Name: Patient Monitor. Model Number: Pro540. Manufacturer: IDEXX Laboratories. Indications for Use: Intended for wound debridement delivery in palliative care settings for terminal patients.. Contraindications: Contraindicated in patients with coagulopathy or unable to follow instructions.. 
87,Device Name: Surgical Robot. Model Number: RIC429. Manufacturer: Richard Wolf. Indications for Use: Indicated for emergency temperature stabilization in trauma center resuscitation rooms.. Contraindications: Not recommended in presence of malignant hyperthermia or at infected areas locations.. 
88,Device Name: X-Ray Machine. Model Number: Model 8238. Manufacturer: Smith & Nephew. Indications for Use: Intended for specimen collection verification in quality assurance and device validation protocols.. Contraindications: Not recommended for use in chemotherapy patients or those with severe osteoporosis.. 
89,Device Name: CPAP Machine. Model Number: Pro173. Manufacturer: Synthes. Indications for Use: Designed for blood transfusion facilitation in telemedicine and remote patient monitoring.. Contraindications: Do not use during local anesthesia administration or in sedated.. 
90,Device Name: Wound Care System. Model Number: THE752. Manufacturer: Thermo Fisher Scientific. Indications for Use: Designed for life support in patients with cancer under medical supervision.. Contraindications: Contraindicated in patients with stroke or severe severe cardiac arrhythmias.. 
91,Device Name: Nebulizer. Model Number: Model 7289. Manufacturer: Nipro Corporation. Indications for Use: Used for long-term electrotherapy delivery in ambulatory care settings for critical illness patients.. Contraindications: Do not use in patients with thrombocytopenia. Contraindicated in hyperbaric chambers.. 
92,Device Name: Defibrillator. Model Number: Model 9751. Manufacturer: ConvaTec. Indications for Use: Indicated for hemoglobin levels analysis in laboratory diagnostic testing environments.. Contraindications: Do not use if malformations is present or wound is infected.. 
93,Device Name: Insulin Pump. Model Number: MED376. Manufacturer: Medtronic. Indications for Use: Designed for diagnostic assessment in patients with cardiac disorders under medical supervision.. Contraindications: Avoid use in patients with severe cardiac arrhythmias or uncontrolled pulmonary edema.. 
94,Device Name: Catheter. Model Number: NIP108. Manufacturer: Nipro Corporation. Indications for Use: Intended for symptom relief therapy in intensive care unit environments for critically ill patients.. Contraindications: Contraindicated in patients with bleeding disorders or on alcohol-based solutions.. 
95,
96,Device Name: Orthopedic Implant. Model Number: Z-2418. Manufacturer: Align Technology. Indications for Use: Indicated for continuous pulmonary function monitoring during orthopedic surgical procedures.. Contraindications: Contraindicated in presence of corticosteroids or during radiofrequency ablation.. 
97,Device Name: Catheter. Model Number: A-2794. Manufacturer: Philips Healthcare. Indications for Use: Designed for wound debridement support in neonatal intensive care environments.. Contraindications: Do not use if battery depletion is detected or quality control has expired.. 
98,Device Name: Syringe Pump. Model Number: Max753. Manufacturer: Beckman Coulter. Indications for Use: Intended for emergency resuscitation therapy in intensive care unit environments for critically ill patients.. Contraindications: Contraindicated in patients with peripheral vascular disease or frostbite risk.. 
99,Device Name: Ultrasound Scanner. Model Number: ZIM781. Manufacturer: Zimmer Biomet. Indications for Use: Used for post-operative wound irrigation management in hospital recovery units.. Contraindications: Not recommended for patients with epilepsy or severe thrombocytopenia.. 
100,Device Name: Surgical Robot. Model Number: BOS201. Manufacturer: Boston Scientific. Indications for Use: Used for phototherapy guidance in oncology treatment centers for cancer patients.. Contraindications: Avoid use in patients with active pulmonary edema or compromised respiratory function.. 
101,Device Name: X-Ray Machine. Model Number: Plus867. Manufacturer: B. Braun. Indications for Use: Indicated for continuous temperature monitoring during cardiac surgical procedures.. Contraindications: Avoid use in patients with severe hypertension or altered cognitive function.. 
102,Device Name: Pacemaker. Model Number: COO646. Manufacturer: Cook Medical. Indications for Use: Used for long-term phototherapy delivery in ambulatory care settings for cardiac disorders patients.. Contraindications: Do not use in patients with severe hypertension or severe malignant hyperthermia.. 
103,Device Name: Electrosurgical Unit. Model Number: A-7110. Manufacturer: Hologic. Indications for Use: Designed for tissue regeneration assistance in geriatric care facilities for elderly patients.. Contraindications: Do not use if malformations is present or incision is infected.. 
104,Device Name: ECG Machine. Model Number: Model 3099. Manufacturer: Zimmer Biomet. Indications for Use: Indicated for routine monitoring screening in outpatient clinical facilities.. Contraindications: Not recommended in presence of active infections or at open wounds locations.. 
105,Device Name: Blood Glucose Monitor. Model Number: X-5688. Manufacturer: Intuitive Surgical. Indications for Use: Indicated for emergency pH levels stabilization in trauma center resuscitation rooms.. Contraindications: Avoid use in patients with hepatic dysfunction or severe malignant hyperthermia.. 
106,
107,Device Name: Pacemaker. Model Number: Model 8846. Manufacturer: Aesculap. Indications for Use: Intended for diagnostic assessment therapy in intensive care unit environments for critically ill patients.. Contraindications: Not recommended for patients with sepsis or severe skin allergies.. 
108,
109,Device Name: Defibrillator. Model Number: Model 6603. Manufacturer: Abbott. Indications for Use: Indicated for emergency pulmonary function stabilization in trauma center resuscitation rooms.. Contraindications: Do not use if battery depletion is detected or quality control has expired.. 
110,Device Name: Surgical Robot. Model Number: C-5134. Manufacturer: Baxter International. Indications for Use: Designed for perioperative temperature management during cardiac interventions.. Contraindications: Not suitable for use in emergency situations with radiation or during unsupervised use.. 
111,Device Name: Syringe Pump. Model Number: Model 1192. Manufacturer: Roche. Indications for Use: Used for therapeutic electrotherapy in psychiatric patients requiring intubation.. Contraindications: Do not use in patients with skin allergies or severe pacemakers.. 
112,Device Name: ECG Machine. Model Number: C-9177. Manufacturer: Boston Scientific. Indications for Use: Used for phototherapy guidance in oncology treatment centers for cancer patients.. Contraindications: Do not use in patients with severe osteoporosis or severe peripheral vascular disease.. 
113,Device Name: Ventilator. Model Number: TER227. Manufacturer: Terumo. Indications for Use: Used for long-term phototherapy delivery in ambulatory care settings for respiratory conditions patients.. Contraindications: Contraindicated in presence of flammable anesthetics or during shock wave therapy.. 
114,Device Name: Pulse Oximeter. Model Number: Model 5560. Manufacturer: Abbott. Indications for Use: Intended for patient rehabilitation evaluation in rehabilitation medicine for neurological disorders recovery.. Contraindications: Contraindicated in patients with severe stroke or uncontrolled peripheral vascular disease.. 
115,Device Name: Blood Glucose Monitor. Model Number: Z-5993. Manufacturer: Dentsply Sirona. Indications for Use: Intended for patient positioning support in cardiac catheterization laboratory environments.. Contraindications: Contraindicated in patients with immunodeficiency or on iodine compounds.. 
116,Device Name: ECG Machine. Model Number: COO619. Manufacturer: Cooper Companies. Indications for Use: Indicated for vital signs surveillance in infection control protocols.. Contraindications: Not suitable for use in hyperbaric chambers with explosion or during patient transport.. 
117,
118,Device Name: Pacemaker. Model Number: Plus466. Manufacturer: BioMérieux. Indications for Use: Designed for cardiac therapy optimization in chronic disease management programs.. Contraindications: Avoid use if patient has thrombocytopenia or is receiving iodine compounds.. 
119,"Device Name: Pulse Oximeter. Model Number: BEC988. Manufacturer: Beckman Coulter. Indications for Use: Used for post-operative phototherapy management in hospital recovery units.. Contraindications: Not recommended during pregnancy, lactation, or in psychiatric under 15 years.. "
120,Device Name: Pacemaker. Model Number: HOY171. Manufacturer: Hoya Corporation. Indications for Use: Designed for medication administration support in neonatal intensive care environments.. Contraindications: Contraindicated in patients with immunodeficiency or unable to remain still.. 
121,Device Name: Infusion Pump. Model Number: Plus404. Manufacturer: Abbott. Indications for Use: Designed for therapeutic delivery assistance in geriatric care facilities for elderly patients.. Contraindications: Do not use if structural defects is present or wound is infected.. 
122,Device Name: X-Ray Machine. Model Number: B-1823. Manufacturer: Getinge. Indications for Use: Indicated for diagnostic calibration to assess renal failure in clinical environments.. Contraindications: Avoid use in patients with metal implants or altered cognitive function.. 
123,Device Name: Blood Glucose Monitor. Model Number: MIN536. Manufacturer: Mindray. Indications for Use: Intended for assessment guidance during minimally invasive emergency procedures.. Contraindications: Contraindicated in patients with severe severe diabetes or uncontrolled peripheral vascular disease.. 
124,Device Name: Blood Glucose Monitor. Model Number: Plus676. Manufacturer: Edwards Lifesciences. Indications for Use: Indicated for diagnostic sterilization to assess critical illness in clinical environments.. Contraindications: Contraindicated in presence of electromagnetic fields or strong magnetic fields exposure.. 
125,Device Name: X-Ray Machine. Model Number: A-2512. Manufacturer: 3M Healthcare. Indications for Use: Intended for life support therapy in intensive care unit environments for critically ill patients.. Contraindications: Contraindicated in presence of electromagnetic fields or MRI environments exposure.. 
126,Device Name: Ventilator. Model Number: X-7835. Manufacturer: Beckman Coulter. Indications for Use: Indicated for central venous pressure surveillance in infection control protocols.. Contraindications: Avoid use in patients with active cardiomyopathy or compromised cardiovascular function.. 
127,Device Name: Patient Monitor. Model Number: BIO828. Manufacturer: BioMérieux. Indications for Use: Used for intraoperative imaging monitoring during complex thoracic surgeries.. Contraindications: Contraindicated in presence of latex proteins or during shortwave diathermy.. 
128,Device Name: ECG Machine. Model Number: SAR334. Manufacturer: Sartorius. Indications for Use: Used for long-term electrotherapy delivery in ambulatory care settings for infectious diseases patients.. Contraindications: Avoid use in patients with severe hypertension or severe acute myocardial infarction.. 
129,Device Name: Orthopedic Implant. Model Number: Pro815. Manufacturer: Mölnlycke Health Care. Indications for Use: Used for intraoperative assessment monitoring during complex laparoscopic surgeries.. Contraindications: Not suitable for use with contrast agents or in patient transport.. 
130,Device Name: Patient Monitor. Model Number: A-6721. Manufacturer: Baxter International. Indications for Use: Intended for stent placement delivery in palliative care settings for terminal patients.. Contraindications: Contraindicated in presence of electromagnetic fields or strong magnetic fields exposure.. 
131,Device Name: Nebulizer. Model Number: Plus136. Manufacturer: Zimmer Biomet. Indications for Use: Designed for dialysis optimization in chronic disease management programs.. Contraindications: Contraindicated in presence of electromagnetic fields or strong magnetic fields exposure.. 
132,Device Name: CPAP Machine. Model Number: Pro315. Manufacturer: Cook Medical. Indications for Use: Indicated for diagnostic quality control to assess sepsis in clinical environments.. Contraindications: Not suitable for use in emergency situations with explosion or during storage conditions.. 
133,Device Name: Ultrasound Scanner. Model Number: Model 816. Manufacturer: GE Healthcare. Indications for Use: Intended for sterilization verification in quality assurance and device validation protocols.. Contraindications: Avoid use if patient has coagulopathy or history of embolism.. 
134,Device Name: X-Ray Machine. Model Number: Model 8623. Manufacturer: Cooper Companies. Indications for Use: Intended for stent placement delivery in palliative care settings for terminal patients.. Contraindications: Avoid use if patient has coagulopathy or is receiving chemotherapy drugs.. 
135,Device Name: Defibrillator. Model Number: SAR360. Manufacturer: Sartorius. Indications for Use: Indicated for diagnostic quality control to assess cancer in clinical environments.. Contraindications: Contraindicated in patients with malignant hyperthermia or unable to follow instructions.. 
136,Device Name: CPAP Machine. Model Number: GE 273. Manufacturer: GE Healthcare. Indications for Use: Designed for perioperative vital signs management during oncological interventions.. Contraindications: Not suitable for use with muscle relaxants or in sterile surgical fields.. 
137,Device Name: X-Ray Machine. Model Number: Plus374. Manufacturer: Cooper Companies. Indications for Use: Intended for infection prevention support in cardiac catheterization laboratory environments.. Contraindications: Not recommended for patients with sepsis or severe stroke.. 
138,Device Name: Orthopedic Implant. Model Number: Pro571. Manufacturer: ConvaTec. Indications for Use: Intended for quality control support in cardiac catheterization laboratory environments.. Contraindications: Contraindicated in patients with skin allergies or frostbite risk.. 
139,Device Name: ECG Machine. Model Number: Model 8083. Manufacturer: Intuitive Surgical. Indications for Use: Intended for monitoring and measuring blood gas analysis in post-operative patients in hospital and clinical settings.. Contraindications: Do not use if sensor failure is detected or quality control has expired.. 
140,Device Name: Orthopedic Implant. Model Number: WAT147. Manufacturer: Waters Corporation. Indications for Use: Designed for drug delivery optimization in chronic disease management programs.. Contraindications: Avoid use in patients with active cardiomyopathy or compromised renal function.. 
141,Device Name: Ultrasound Scanner. Model Number: Pro672. Manufacturer: Zeiss Medical Technology. Indications for Use: Intended for surgical reconstructive procedures in operating room settings.. Contraindications: Contraindicated in patients with pulmonary edema or on flammable anesthetics.. 
142,Device Name: Surgical Drill. Model Number: TER793. Manufacturer: Terumo. Indications for Use: Intended for wound care therapy in intensive care unit environments for critically ill patients.. Contraindications: Contraindicated in patients with pacemakers or unable to follow instructions.. 
143,Device Name: Dialysis Machine. Model Number: A-8713. Manufacturer: Steris. Indications for Use: Used for drug delivery administration in pediatric hospital units under specialist supervision.. Contraindications: Do not use if sensor failure is detected or quality control has expired.. 
144,Device Name: Pacemaker. Model Number: Max755. Manufacturer: IDEXX Laboratories. Indications for Use: Intended for surgical minimally invasive procedures in operating room settings.. Contraindications: Contraindicated in patients with pulmonary edema or on iodine compounds.. 
145,Device Name: Wound Care System. Model Number: Pro703. Manufacturer: Zeiss Medical Technology. Indications for Use: Intended for quality control verification in quality assurance and device validation protocols.. Contraindications: Contraindicated in presence of electromagnetic fields or strong magnetic fields exposure.. 
146,
147,Device Name: Nebulizer. Model Number: Max102. Manufacturer: Thermo Fisher Scientific. Indications for Use: Indicated for emergency intracranial pressure stabilization in trauma center resuscitation rooms.. Contraindications: Do not use in combination with latex proteins or drug delivery modalities.. 
148,Device Name: Blood Glucose Monitor. Model Number: Model 8752. Manufacturer: Getinge. Indications for Use: Designed for compression therapy optimization in chronic disease management programs.. Contraindications: Avoid use in patients with breast implants or screws and rods. Not suitable for MRI environments.. 
149,"Device Name: Catheter. Model Number: X-3562. Manufacturer: Cook Medical. Indications for Use: Indicated for continuous heart rate monitoring during transplant surgical procedures.. Contraindications: Not recommended during pregnancy, lactation, or in sedated under 14 years.. "
150,Device Name: Pacemaker. Model Number: Model 798. Manufacturer: Intuitive Surgical. Indications for Use: Used for intraoperative specimen collection monitoring during complex minimally invasive surgeries.. Contraindications: Contraindicated in patients with skin allergies or burns risk.. 
151,Device Name: Surgical Drill. Model Number: Max324. Manufacturer: Sartorius. Indications for Use: Used for wound irrigation guidance in oncology treatment centers for cancer patients.. Contraindications: Contraindicated in patients with severe metal implants or uncontrolled coagulopathy.. 
152,Device Name: Ventilator. Model Number: Plus467. Manufacturer: Cooper Companies. Indications for Use: Intended for monitoring and measuring electrolyte balance in ventilator-dependent patients in hospital and clinical settings.. Contraindications: Avoid use in patients with active pacemakers or compromised renal function.. 
153,Device Name: Orthopedic Implant. Model Number: SYN511. Manufacturer: Synthes. Indications for Use: Indicated for emergency pulmonary function stabilization in trauma center resuscitation rooms.. Contraindications: Avoid use in patients with malignant hyperthermia or severe pacemakers.. 
154,Device Name: Digital Thermometer. Model Number: Max493. Manufacturer: GE Healthcare. Indications for Use: Intended for monitoring and measuring pH levels in paralyzed patients in hospital and clinical settings.. Contraindications: Contraindicated in patients with severe diabetes or unable to follow instructions.. 
155,Device Name: Ventilator. Model Number: C-9646. Manufacturer: Zeiss Medical Technology. Indications for Use: Used for therapeutic chemotherapy in pregnant patients requiring hemodialysis.. Contraindications: Avoid use in patients with autoimmune disorders or severe respiratory failure.. 
156,Device Name: Defibrillator. Model Number: Z-2047. Manufacturer: BioMérieux. Indications for Use: Indicated for cardiac output optimization in sleep medicine centers for respiratory disorders.. Contraindications: Avoid use in patients with uncontrolled seizures or uncontrolled autoimmune disorders.. 
157,Device Name: Ultrasound Scanner. Model Number: Z-8387. Manufacturer: Hoya Corporation. Indications for Use: Designed for drug delivery optimization in chronic disease management programs.. Contraindications: Do not use during local anesthesia administration or in comatose.. 
158,Device Name: Blood Glucose Monitor. Model Number: Model 6588. Manufacturer: Mölnlycke Health Care. Indications for Use: Used for long-term electrotherapy delivery in ambulatory care settings for stroke patients.. Contraindications: Contraindicated in patients with pregnancy or severe pregnancy.. 
159,
160,Device Name: Catheter. Model Number: Model 4034. Manufacturer: 3M Healthcare. Indications for Use: Designed for hemodialysis support in neonatal intensive care environments.. Contraindications: Do not use if sensor failure is detected or routine maintenance has expired.. 
161,Device Name: Orthopedic Implant. Model Number: DEX226. Manufacturer: Dexcom. Indications for Use: Intended for specimen collection support in cardiac catheterization laboratory environments.. Contraindications: Do not use if structural defects is present or incision is infected.. 
162,Device Name: Pacemaker. Model Number: GET760. Manufacturer: Getinge. Indications for Use: Indicated for electrolyte balance analysis in laboratory diagnostic testing environments.. Contraindications: Avoid use if patient has active infections or is receiving magnetic materials.. 
163,Device Name: Dialysis Machine. Model Number: Pro991. Manufacturer: Beckman Coulter. Indications for Use: Used for emergency surgical intervention in acute trauma situations requiring immediate care.. Contraindications: Do not use during local anesthesia administration or in sedated.. 
164,
165,Device Name: Nebulizer. Model Number: Model 3378. Manufacturer: Edwards Lifesciences. Indications for Use: Used for long-term pain management delivery in ambulatory care settings for stroke patients.. Contraindications: Not recommended for patients with hepatic dysfunction or severe metal implants.. 
166,Device Name: Surgical Robot. Model Number: Model 6159. Manufacturer: ConvaTec. Indications for Use: Designed for medication administration support in neonatal intensive care environments.. Contraindications: Not suitable for use during electrical cardioversion or CT scan.. 
167,Device Name: Patient Monitor. Model Number: HOY776. Manufacturer: Hoya Corporation. Indications for Use: Designed for perioperative heart rate management during reconstructive interventions.. Contraindications: Avoid use in patients with penile implants or mesh implants. Not suitable for explosive atmospheres.. 
168,Device Name: Anesthesia Machine. Model Number: Plus874. Manufacturer: BioMérieux. Indications for Use: Used for intraoperative documentation monitoring during complex urological surgeries.. Contraindications: Not suitable for use in cleaning protocols with fire or during MRI environments.. 
169,Device Name: Digital Thermometer. Model Number: DEX304. Manufacturer: Dexcom. Indications for Use: Intended for life support evaluation in rehabilitation medicine for cancer recovery.. Contraindications: Contraindicated in patients with metal implants or severe pacemakers.. 
170,
171,Device Name: Insulin Pump. Model Number: HOL155. Manufacturer: Hologic. Indications for Use: Intended for monitoring and measuring vital signs in dialysis-dependent patients in hospital and clinical settings.. Contraindications: Avoid use if patient has severe osteoporosis or history of blood clots.. 
172,Device Name: Insulin Pump. Model Number: Z-1158. Manufacturer: Hoya Corporation. Indications for Use: Used for intraoperative specimen collection monitoring during complex laparoscopic surgeries.. Contraindications: Not suitable for use in cleaning protocols with fire or during maintenance procedures.. 
173,Device Name: Dialysis Machine. Model Number: CAR746. Manufacturer: Cardinal Health. Indications for Use: Indicated for respiratory rate surveillance in infection control protocols.. Contraindications: Contraindicated in patients with severe active infections or uncontrolled skin allergies.. 
174,Device Name: Electrosurgical Unit. Model Number: IDE650. Manufacturer: IDEXX Laboratories. Indications for Use: Designed for infection control assistance in geriatric care facilities for elderly patients.. Contraindications: Do not use in combination with magnetic materials or fluid resuscitation modalities.. 
175,Device Name: Stent. Model Number: FRE692. Manufacturer: Fresenius Medical Care. Indications for Use: Designed for home-based pain management in stable pregnant patients with chronic cancer.. Contraindications: Do not use in patients with severe diabetes or severe active infections.. 
176,Device Name: ECG Machine. Model Number: SMI615. Manufacturer: Smith & Nephew. Indications for Use: Intended for catheterization delivery in palliative care settings for terminal patients.. Contraindications: Avoid use in patients with active cardiomyopathy or compromised cardiovascular function.. 
177,Device Name: Syringe Pump. Model Number: STR525. Manufacturer: Stryker. Indications for Use: Indicated for respiratory rate optimization in sleep medicine centers for respiratory disorders.. Contraindications: Contraindicated in presence of electromagnetic fields or MRI environments exposure.. 
178,"Device Name: Surgical Drill. Model Number: IDE377. Manufacturer: IDEXX Laboratories. Indications for Use: Indicated for routine imaging screening in outpatient clinical facilities.. Contraindications: Not recommended during pregnancy, lactation, or in geriatric under 17 years.. "
179,Device Name: Dialysis Machine. Model Number: Model 1703. Manufacturer: Edwards Lifesciences. Indications for Use: Used for intraoperative measurement monitoring during complex oncological surgeries.. Contraindications: Not recommended in presence of peripheral vascular disease or at open wounds locations.. 
180,Device Name: Syringe Pump. Model Number: Pro685. Manufacturer: Waters Corporation. Indications for Use: Intended for patient rehabilitation therapy in intensive care unit environments for critically ill patients.. Contraindications: Not suitable for use during radiation therapy or CT scan.. 
181,Device Name: Ultrasound Scanner. Model Number: Max478. Manufacturer: ResMed. Indications for Use: Used for intraoperative infection prevention monitoring during complex gastroenterological surgeries.. Contraindications: Avoid use in patients with autoimmune disorders or uncontrolled coagulopathy.. 
182,Device Name: Surgical Drill. Model Number: Max252. Manufacturer: Edwards Lifesciences. Indications for Use: Indicated for respiratory rate optimization in sleep medicine centers for respiratory disorders.. Contraindications: Avoid use if patient has active infections or history of blood clots.. 
183,Device Name: Anesthesia Machine. Model Number: Max557. Manufacturer: Medtronic. Indications for Use: Intended for monitoring and measuring ECG readings in morbidly obese patients in hospital and clinical settings.. Contraindications: Not suitable for use in underwater environments with radiation or during MRI environments.. 
184,Device Name: Surgical Drill. Model Number: HOY335. Manufacturer: Hoya Corporation. Indications for Use: Indicated for emergency respiratory rate stabilization in trauma center resuscitation rooms.. Contraindications: Not suitable for use in unstable patient conditions with fire or during power outages.. 
185,
186,Device Name: Wound Care System. Model Number: C-7141. Manufacturer: Dexcom. Indications for Use: Used for emergency pacemaker implantation in acute diabetes situations requiring immediate care.. Contraindications: Do not use if battery depletion is detected or quality control has expired.. 
187,Device Name: Defibrillator. Model Number: Pro837. Manufacturer: Johnson & Johnson. Indications for Use: Intended for surgical neurological procedures in operating room settings.. Contraindications: Avoid use in patients with autoimmune disorders or severe pacemakers.. 
188,Device Name: Surgical Robot. Model Number: Pro995. Manufacturer: Baxter International. Indications for Use: Designed for perioperative respiratory rate management during neurological interventions.. Contraindications: Avoid use in patients with severe osteoporosis or altered cognitive function.. 
189,Device Name: Electrosurgical Unit. Model Number: COO445. Manufacturer: Cook Medical. Indications for Use: Intended for assessment verification in quality assurance and device validation protocols.. Contraindications: Contraindicated in patients with peripheral vascular disease or burns risk.. 
190,Device Name: Dialysis Machine. Model Number: A-9438. Manufacturer: GE Healthcare. Indications for Use: Used for dialysis guidance in oncology treatment centers for cancer patients.. Contraindications: Contraindicated in patients with severe metal implants or uncontrolled stroke.. 
191,Device Name: Surgical Drill. Model Number: Plus799. Manufacturer: Mindray. Indications for Use: Indicated for emergency blood pressure stabilization in trauma center resuscitation rooms.. Contraindications: Avoid use in patients with severe diabetes or uncontrolled uncontrolled seizures.. 
192,Device Name: Blood Pressure Monitor. Model Number: Plus150. Manufacturer: Aesculap. Indications for Use: Used for post-operative fluid resuscitation management in hospital recovery units.. Contraindications: Not suitable for use during transcutaneous stimulation or CT scan.. 
193,
194,
195,Device Name: Patient Monitor. Model Number: Pro441. Manufacturer: Hoya Corporation. Indications for Use: Used for wound irrigation guidance in oncology treatment centers for cancer patients.. Contraindications: Do not use during local anesthesia administration or in sedated.. 
196,
197,Device Name: Surgical Drill. Model Number: Plus703. Manufacturer: Synthes. Indications for Use: Used for emergency defibrillation in acute stroke situations requiring immediate care.. Contraindications: Do not use in combination with latex proteins or thermal therapy modalities.. 
198,Device Name: Insulin Pump. Model Number: Model 2261. Manufacturer: Fresenius Medical Care. Indications for Use: Indicated for pH levels surveillance in infection control protocols.. Contraindications: Do not use in combination with flammable anesthetics or electrotherapy modalities.. 
199,Device Name: Blood Glucose Monitor. Model Number: Z-4330. Manufacturer: Synthes. Indications for Use: Designed for perioperative blood pressure management during transplant interventions.. Contraindications: Do not use if malformations is present or wound is infected.. 
200,Device Name: Syringe Pump. Model Number: Plus929. Manufacturer: Waters Corporation. Indications for Use: Used for post-operative wound irrigation management in hospital recovery units.. Contraindications: Avoid use in patients with severe osteoporosis or uncontrolled thrombocytopenia.. 
201,Device Name: Surgical Robot. Model Number: Model 5213. Manufacturer: Hologic. Indications for Use: Designed for joint replacement support in neonatal intensive care environments.. Contraindications: Contraindicated in patients with cardiomyopathy or unable to follow instructions.. 
202,Device Name: Infusion Pump. Model Number: Model 1499. Manufacturer: Aesculap. Indications for Use: Designed for perioperative temperature management during orthopedic interventions.. Contraindications: Contraindicated in patients with severe acute myocardial infarction or uncontrolled pregnancy.. 
203,Device Name: Pacemaker. Model Number: Model 1170. Manufacturer: Johnson & Johnson. Indications for Use: Designed for medication administration facilitation in telemedicine and remote patient monitoring.. Contraindications: Do not use in combination with blood thinners or oxygen therapy modalities.. 
204,Device Name: Catheter. Model Number: Z-7074. Manufacturer: Terumo. Indications for Use: Indicated for continuous vital signs monitoring during orthopedic surgical procedures.. Contraindications: Not recommended for patients with acute myocardial infarction or severe pregnancy.. 
205,Device Name: Nebulizer. Model Number: Model 5996. Manufacturer: Cardinal Health. Indications for Use: Used for electrotherapy guidance in oncology treatment centers for cancer patients.. Contraindications: Not suitable for use in fire hazard zones with explosion or during patient transport.. 
206,Device Name: X-Ray Machine. Model Number: C-3566. Manufacturer: Dentsply Sirona. Indications for Use: Indicated for continuous oxygen saturation monitoring during orthopedic surgical procedures.. Contraindications: Avoid use if patient has severe anemia or history of embolism.. 
207,
208,Device Name: Stent. Model Number: Model 5343. Manufacturer: Coloplast. Indications for Use: Indicated for respiratory rate analysis in laboratory diagnostic testing environments.. Contraindications: Avoid use in patients with active severe cardiac arrhythmias or compromised respiratory function.. 
209,Device Name: Blood Pressure Monitor. Model Number: RES475. Manufacturer: ResMed. Indications for Use: Indicated for vital signs surveillance in infection control protocols.. Contraindications: Avoid use in patients with acute myocardial infarction or uncontrolled hepatic dysfunction.. 
210,Device Name: Blood Pressure Monitor. Model Number: Max950. Manufacturer: Alcon. Indications for Use: Intended for monitoring and measuring pulmonary function in unconscious patients in hospital and clinical settings.. Contraindications: Not recommended in presence of hepatic dysfunction or at open wounds locations.. 
211,Device Name: Anesthesia Machine. Model Number: Max286. Manufacturer: Mölnlycke Health Care. Indications for Use: Designed for wound care in patients with neurological disorders under medical supervision.. Contraindications: Not suitable for use during high-frequency procedures or CT scan.. 
212,Device Name: Nebulizer. Model Number: KAR461. Manufacturer: Karl Storz. Indications for Use: Used for post-operative pain management management in hospital recovery units.. Contraindications: Contraindicated in patients with severe peripheral vascular disease or uncontrolled bleeding disorders.. 
213,Device Name: Catheter. Model Number: GE 113. Manufacturer: GE Healthcare. Indications for Use: Intended for monitoring and measuring hemoglobin levels in mentally impaired patients in hospital and clinical settings.. Contraindications: Do not use if battery depletion is detected or quality control has expired.. 
214,Device Name: Wound Care System. Model Number: COO992. Manufacturer: Cook Medical. Indications for Use: Indicated for glucose levels surveillance in infection control protocols.. Contraindications: Not suitable for use in training scenarios with explosion or during electromagnetic interference zones.. 
215,Device Name: ECG Machine. Model Number: Model 9809. Manufacturer: Aesculap. Indications for Use: Intended for stent placement delivery in palliative care settings for terminal patients.. Contraindications: Contraindicated in presence of adhesive compounds or during electrical stimulation.. 
216,Device Name: Catheter. Model Number: C-7722. Manufacturer: Fresenius Medical Care. Indications for Use: Used for intraoperative imaging monitoring during complex transplant surgeries.. Contraindications: Not recommended in presence of metal implants or at open wounds locations.. 
217,Device Name: CPAP Machine. Model Number: Z-1281. Manufacturer: Philips Healthcare. Indications for Use: Used for emergency medication administration in acute sepsis situations requiring immediate care.. Contraindications: Do not use in combination with alcohol-based solutions or dialysis modalities.. 
218,
219,Device Name: Ultrasound Scanner. Model Number: STR547. Manufacturer: Stryker. Indications for Use: Designed for perioperative blood gas analysis management during orthopedic interventions.. Contraindications: Do not use in patients with pregnancy or severe severe cardiac arrhythmias.. 
220,Device Name: Wound Care System. Model Number: NIP370. Manufacturer: Nipro Corporation. Indications for Use: Used for post-operative thermal therapy management in hospital recovery units.. Contraindications: Not suitable for use in chemical exposure areas with fire or during aircraft cabins.. 
221,Device Name: Defibrillator. Model Number: X-8782. Manufacturer: Hoya Corporation. Indications for Use: Intended for defibrillation delivery in palliative care settings for terminal patients.. Contraindications: Contraindicated in patients with severe anemia or frostbite risk.. 
222,Device Name: Infusion Pump. Model Number: DAN149. Manufacturer: Danaher. Indications for Use: Indicated for continuous glucose levels monitoring during laparoscopic surgical procedures.. Contraindications: Avoid use in patients with skin allergies or severe skin allergies.. 
223,Device Name: Infusion Pump. Model Number: RIC772. Manufacturer: Richard Wolf. Indications for Use: Used for emergency stent placement in acute trauma situations requiring immediate care.. Contraindications: Do not use if sensor failure is detected or routine maintenance has expired.. 
224,Device Name: Blood Pressure Monitor. Model Number: B-2197. Manufacturer: Philips Healthcare. Indications for Use: Used for cardiac therapy guidance in oncology treatment centers for cancer patients.. Contraindications: Do not use if battery depletion is detected or routine maintenance has expired.. 
225,Device Name: Digital Thermometer. Model Number: Plus510. Manufacturer: Cooper Companies. Indications for Use: Intended for mobility restoration evaluation in rehabilitation medicine for diabetes recovery.. Contraindications: Avoid use in patients with active severe hypertension or compromised renal function.. 
226,Device Name: Stent. Model Number: AES349. Manufacturer: Aesculap. Indications for Use: Used for post-operative thermal therapy management in hospital recovery units.. Contraindications: Not suitable for use in aircraft cabins with fire or during sterile surgical fields.. 
227,Device Name: Electrosurgical Unit. Model Number: Model 6784. Manufacturer: Mölnlycke Health Care. Indications for Use: Used for fluid resuscitation guidance in oncology treatment centers for cancer patients.. Contraindications: Do not use if sensor failure is detected or quality control has expired.. 
228,Device Name: ECG Machine. Model Number: Max757. Manufacturer: Nipro Corporation. Indications for Use: Used for electrotherapy guidance in oncology treatment centers for cancer patients.. Contraindications: Contraindicated in presence of flammable anesthetics or during transcutaneous stimulation.. 
229,
230,
231,Device Name: ECG Machine. Model Number: Plus583. Manufacturer: Zimmer Biomet. Indications for Use: Used for thermal therapy guidance in oncology treatment centers for cancer patients.. Contraindications: Not recommended for use in chemotherapy patients or those with metal implants.. 
232,Device Name: Digital Thermometer. Model Number: Model 7467. Manufacturer: Mindray. Indications for Use: Indicated for real-time glucose levels assessment in emergency department triage protocols.. Contraindications: Do not use if patient has known allergy to sedatives or hypersensitivity to certain medications.. 
233,Device Name: Stent. Model Number: 3M 639. Manufacturer: 3M Healthcare. Indications for Use: Indicated for electrolyte balance analysis in laboratory diagnostic testing environments.. Contraindications: Contraindicated in presence of conductive gels or during high-frequency procedures.. 
234,Device Name: Pulse Oximeter. Model Number: Plus692. Manufacturer: Richard Wolf. Indications for Use: Intended for surgical reconstructive procedures in operating room settings.. Contraindications: Not suitable for use with latex proteins or in cleaning protocols.. 
235,Device Name: Orthopedic Implant. Model Number: Model 1866. Manufacturer: Waters Corporation. Indications for Use: Intended for quality control guidance during minimally invasive ophthalmic procedures.. Contraindications: Avoid use if patient has autoimmune disorders or history of blood clots.. 
236,Device Name: Patient Monitor. Model Number: COO793. Manufacturer: Cook Medical. Indications for Use: Intended for monitoring and measuring cardiac output in chemotherapy patients in hospital and clinical settings.. Contraindications: Contraindicated in patients with sepsis or burns risk.. 
237,Device Name: Infusion Pump. Model Number: IDE749. Manufacturer: IDEXX Laboratories. Indications for Use: Intended for diagnostic assessment evaluation in rehabilitation medicine for renal failure recovery.. Contraindications: Not suitable for use in oxygen-rich environments with fire or during extreme temperature environments.. 
238,Device Name: Surgical Drill. Model Number: Plus844. Manufacturer: Sonova. Indications for Use: Intended for data analysis verification in quality assurance and device validation protocols.. Contraindications: Contraindicated in patients with immunodeficiency or frostbite risk.. 
239,Device Name: Syringe Pump. Model Number: Model 783. Manufacturer: GE Healthcare. Indications for Use: Indicated for electrolyte balance analysis in laboratory diagnostic testing environments.. Contraindications: Contraindicated in presence of blood thinners or during electrosurgery.. 
240,
241,Device Name: Nebulizer. Model Number: Pro739. Manufacturer: Mölnlycke Health Care. Indications for Use: Intended for patient rehabilitation therapy in intensive care unit environments for critically ill patients.. Contraindications: Not recommended for use in immunocompromised patients or those with malignant hyperthermia.. 
242,Device Name: Catheter. Model Number: SIE214. Manufacturer: Siemens Healthineers. Indications for Use: Intended for device maintenance verification in quality assurance and device validation protocols.. Contraindications: Avoid use in patients with hepatic dysfunction or uncontrolled pulmonary edema.. 
243,Device Name: ECG Machine. Model Number: COO728. Manufacturer: Cook Medical. Indications for Use: Used for post-operative compression therapy management in hospital recovery units.. Contraindications: Avoid use in patients with joint prosthetics or shunts. Not suitable for chemical exposure areas.. 
244,Device Name: Insulin Pump. Model Number: Model 1900. Manufacturer: Alcon. Indications for Use: Used for thermal therapy administration in pediatric hospital units under specialist supervision.. Contraindications: Avoid use if patient has pulmonary edema or history of embolism.. 
245,
246,Device Name: Orthopedic Implant. Model Number: Max764. Manufacturer: Cardinal Health. Indications for Use: Indicated for pulmonary function optimization in sleep medicine centers for respiratory disorders.. Contraindications: Do not use during general anesthesia administration or in comatose.. 
247,
248,Device Name: Ultrasound Scanner. Model Number: Model 402. Manufacturer: Steris. Indications for Use: Designed for mobility restoration in patients with orthopedic injuries under medical supervision.. Contraindications: Do not use in combination with blood thinners or radiation therapy modalities.. 
249,Device Name: Surgical Robot. Model Number: Model 3912. Manufacturer: Zimmer Biomet. Indications for Use: Designed for wound irrigation optimization in chronic disease management programs.. Contraindications: Not suitable for use during electrocoagulation or MRI.. 
250,Device Name: Electrosurgical Unit. Model Number: MED862. Manufacturer: Medtronic. Indications for Use: Used for therapeutic dialysis in pregnant patients requiring surgical intervention.. Contraindications: Not suitable for use with cleaning solvents or in hyperbaric chambers.. 
251,Device Name: Catheter. Model Number: HOL558. Manufacturer: Hologic. Indications for Use: Indicated for diagnostic specimen collection to assess trauma in clinical environments.. Contraindications: Contraindicated in presence of latex proteins or during electrosurgery.. 
252,Device Name: X-Ray Machine. Model Number: MÖL322. Manufacturer: Mölnlycke Health Care. Indications for Use: Designed for life support in patients with sepsis under medical supervision.. Contraindications: Avoid use if patient has immunodeficiency or history of embolism.. 
253,Device Name: Blood Pressure Monitor. Model Number: Model 9876. Manufacturer: Boston Scientific. Indications for Use: Designed for home-based phototherapy in stable critically ill patients with chronic critical illness.. Contraindications: Avoid use in patients with cardiomyopathy or uncontrolled skin allergies.. 
254,
255,Device Name: Dialysis Machine. Model Number: RIC276. Manufacturer: Richard Wolf. Indications for Use: Indicated for routine sterilization screening in outpatient clinical facilities.. Contraindications: Do not use if patient has known allergy to flammable anesthetics or hypersensitivity to contrast agents.. 
256,Device Name: Pacemaker. Model Number: Plus514. Manufacturer: Sartorius. Indications for Use: Indicated for routine specimen collection screening in outpatient clinical facilities.. Contraindications: Not recommended for patients with immunodeficiency or severe severe hypertension.. 
257,Device Name: Surgical Drill. Model Number: A-4381. Manufacturer: Siemens Healthineers. Indications for Use: Intended for quality control guidance during minimally invasive thoracic procedures.. Contraindications: Not recommended in presence of pacemakers or at open wounds locations.. 
258,Device Name: Stent. Model Number: Model 1963. Manufacturer: Steris. Indications for Use: Designed for perioperative ECG readings management during orthopedic interventions.. Contraindications: Do not use if structural defects is present or wound is infected.. 
259,Device Name: Surgical Drill. Model Number: Max177. Manufacturer: Thermo Fisher Scientific. Indications for Use: Intended for sterilization verification in quality assurance and device validation protocols.. Contraindications: Do not use during local anesthesia administration or in comatose.. 
260,Device Name: Digital Thermometer. Model Number: Model 2023. Manufacturer: Stryker. Indications for Use: Used for radiation therapy guidance in oncology treatment centers for cancer patients.. Contraindications: Not recommended for use in substance abuse patients or those with severe osteoporosis.. 
261,Device Name: Digital Thermometer. Model Number: Model 3795. Manufacturer: Philips Healthcare. Indications for Use: Indicated for routine imaging screening in outpatient clinical facilities.. Contraindications: Not suitable for use in hyperbaric chambers with radiation or during explosive atmospheres.. 
262,Device Name: X-Ray Machine. Model Number: X-3383. Manufacturer: Boston Scientific. Indications for Use: Used for intraoperative measurement monitoring during complex laparoscopic surgeries.. Contraindications: Avoid use if patient has pulmonary edema or is receiving petroleum products.. 
263,
264,Device Name: Ultrasound Scanner. Model Number: Plus402. Manufacturer: Danaher. Indications for Use: Used for therapeutic fluid resuscitation in substance abuse patients requiring blood transfusion.. Contraindications: Not recommended for patients with renal insufficiency or severe malignant hyperthermia.. 
265,Device Name: Electrosurgical Unit. Model Number: Model 2019. Manufacturer: Nipro Corporation. Indications for Use: Intended for measurement support in cardiac catheterization laboratory environments.. Contraindications: Do not use if sensor failure is detected or routine maintenance has expired.. 
266,Device Name: Electrosurgical Unit. Model Number: Plus561. Manufacturer: Johnson & Johnson. Indications for Use: Used for long-term wound irrigation delivery in ambulatory care settings for infectious diseases patients.. Contraindications: Not recommended in presence of severe diabetes or at open wounds locations.. 
267,Device Name: CPAP Machine. Model Number: Max553. Manufacturer: Steris. Indications for Use: Designed for wound debridement facilitation in telemedicine and remote patient monitoring.. Contraindications: Not recommended in presence of cardiomyopathy or at infected areas locations.. 
268,Device Name: Ultrasound Scanner. Model Number: COO399. Manufacturer: Cook Medical. Indications for Use: Indicated for electrolyte balance analysis in laboratory diagnostic testing environments.. Contraindications: Avoid use if patient has stroke or is receiving gadolinium agents.. 
269,Device Name: Dialysis Machine. Model Number: Z-4424. Manufacturer: Mölnlycke Health Care. Indications for Use: Intended for alarm management guidance during minimally invasive urological procedures.. Contraindications: Contraindicated in presence of radio frequencies or strong magnetic fields exposure.. 
270,Device Name: Blood Glucose Monitor. Model Number: Model 441. Manufacturer: Becton Dickinson. Indications for Use: Designed for medication administration support in neonatal intensive care environments.. Contraindications: Contraindicated in patients with pacemakers or burns risk.. 
271,
272,Device Name: Patient Monitor. Model Number: Model 3484. Manufacturer: Medtronic. Indications for Use: Designed for continuous monitoring in patients with sepsis under medical supervision.. Contraindications: Do not use if patient has known allergy to blood thinners or hypersensitivity to blood thinners.. 
273,Device Name: Infusion Pump. Model Number: STR809. Manufacturer: Stryker. Indications for Use: Intended for infection prevention verification in quality assurance and device validation protocols.. Contraindications: Not suitable for use with latex proteins or in underwater environments.. 
274,Device Name: Insulin Pump. Model Number: BOS817. Manufacturer: Boston Scientific. Indications for Use: Designed for home-based respiratory support in stable geriatric patients with chronic sepsis.. Contraindications: Avoid use in patients with active malignant hyperthermia or compromised renal function.. 
275,Device Name: Ventilator. Model Number: STE351. Manufacturer: Steris. Indications for Use: Designed for surgical intervention facilitation in telemedicine and remote patient monitoring.. Contraindications: Not recommended in presence of active infections or at open wounds locations.. 
276,
277,Device Name: Blood Pressure Monitor. Model Number: EDW943. Manufacturer: Edwards Lifesciences. Indications for Use: Used for compression therapy guidance in oncology treatment centers for cancer patients.. Contraindications: Do not use if patient has known allergy to alcohol-based solutions or hypersensitivity to muscle relaxants.. 
278,Device Name: Ventilator. Model Number: Model 6416. Manufacturer: Karl Storz. Indications for Use: Intended for device maintenance verification in quality assurance and device validation protocols.. Contraindications: Not suitable for use during cryotherapy or X-ray.. 
279,Device Name: Electrosurgical Unit. Model Number: Plus748. Manufacturer: Coloplast. Indications for Use: Indicated for emergency oxygen saturation stabilization in trauma center resuscitation rooms.. Contraindications: Not suitable for use in extreme temperature environments with radiation or during oxygen-rich environments.. 
280,Device Name: Orthopedic Implant. Model Number: ABB905. Manufacturer: Abbott. Indications for Use: Designed for continuous monitoring assistance in geriatric care facilities for elderly patients.. Contraindications: Contraindicated in patients with stroke or on bronchodilators.. 
281,Device Name: Pulse Oximeter. Model Number: COO721. Manufacturer: Cooper Companies. Indications for Use: Indicated for oxygen saturation analysis in laboratory diagnostic testing environments.. Contraindications: Contraindicated in patients with thrombocytopenia or on alcohol-based solutions.. 
282,Device Name: CPAP Machine. Model Number: Max592. Manufacturer: Aesculap. Indications for Use: Indicated for routine patient positioning screening in outpatient clinical facilities.. Contraindications: Avoid use if patient has hepatic dysfunction or is receiving sedatives.. 
283,Device Name: Electrosurgical Unit. Model Number: Model 6725. Manufacturer: Boston Scientific. Indications for Use: Intended for continuous monitoring evaluation in rehabilitation medicine for infectious diseases recovery.. Contraindications: Do not use if structural defects is present or wound is infected.. 
284,Device Name: Wound Care System. Model Number: Model 9479. Manufacturer: Intuitive Surgical. Indications for Use: Indicated for continuous vital signs monitoring during minimally invasive surgical procedures.. Contraindications: Not recommended for patients with immunodeficiency or severe severe anemia.. 
285,Device Name: Pacemaker. Model Number: NIP123. Manufacturer: Nipro Corporation. Indications for Use: Indicated for emergency central venous pressure stabilization in trauma center resuscitation rooms.. Contraindications: Do not use if sensor failure is detected or routine maintenance has expired.. 
286,Device Name: Patient Monitor. Model Number: X-3152. Manufacturer: Sartorius. Indications for Use: Designed for perioperative central venous pressure management during minimally invasive interventions.. Contraindications: Avoid use if patient has stroke or history of blood clots.. 
287,Device Name: Syringe Pump. Model Number: Model 3900. Manufacturer: Fresenius Medical Care. Indications for Use: Intended for wound debridement delivery in palliative care settings for terminal patients.. Contraindications: Contraindicated in patients with immunodeficiency or unable to follow instructions.. 
288,Device Name: CPAP Machine. Model Number: Plus453. Manufacturer: Sonova. Indications for Use: Indicated for respiratory rate analysis in laboratory diagnostic testing environments.. Contraindications: Not recommended in presence of cardiomyopathy or at infected areas locations.. 
289,Device Name: X-Ray Machine. Model Number: Model 7009. Manufacturer: Steris. Indications for Use: Intended for infection control therapy in intensive care unit environments for critically ill patients.. Contraindications: Not recommended for patients with coagulopathy or severe pacemakers.. 
290,Device Name: Digital Thermometer. Model Number: Pro382. Manufacturer: Karl Storz. Indications for Use: Used for compression therapy guidance in oncology treatment centers for cancer patients.. Contraindications: Avoid use if patient has pregnancy or history of embolism.. 
291,Device Name: Electrosurgical Unit. Model Number: MED891. Manufacturer: Medtronic. Indications for Use: Used for long-term compression therapy delivery in ambulatory care settings for hypertension patients.. Contraindications: Avoid use in patients with active thrombocytopenia or compromised respiratory function.. 
292,Device Name: Defibrillator. Model Number: C-5114. Manufacturer: Hoya Corporation. Indications for Use: Indicated for diagnostic device maintenance to assess hypertension in clinical environments.. Contraindications: Avoid use in patients with immunodeficiency or altered consciousness.. 
293,Device Name: Syringe Pump. Model Number: Model 6585. Manufacturer: Steris. Indications for Use: Intended for emergency resuscitation evaluation in rehabilitation medicine for respiratory conditions recovery.. Contraindications: Do not use in combination with cleaning solvents or oxygen therapy modalities.. 
294,Device Name: Ventilator. Model Number: Plus290. Manufacturer: Alcon. Indications for Use: Designed for pacemaker implantation support in neonatal intensive care environments.. Contraindications: Avoid use if patient has autoimmune disorders or history of embolism.. 
295,Device Name: Stent. Model Number: Model 9028. Manufacturer: Alcon. Indications for Use: Used for long-term respiratory support delivery in ambulatory care settings for stroke patients.. Contraindications: Contraindicated in patients with cardiomyopathy or on antiseptics.. 
296,Device Name: Nebulizer. Model Number: Model 4450. Manufacturer: Dentsply Sirona. Indications for Use: Designed for perioperative central venous pressure management during ophthalmic interventions.. Contraindications: Avoid use in patients with active acute myocardial infarction or compromised nervous function.. 
297,Device Name: Insulin Pump. Model Number: ABB854. Manufacturer: Abbott. Indications for Use: Used for long-term compression therapy delivery in ambulatory care settings for cancer patients.. Contraindications: Avoid use in patients with active sepsis or compromised nervous function.. 
298,Device Name: Anesthesia Machine. Model Number: C-1914. Manufacturer: Aesculap. Indications for Use: Designed for home-based phototherapy in stable organ transplant patients with chronic hypertension.. Contraindications: Avoid use in patients with pins and wires or gastric bands. Not suitable for fire hazard zones.. 
299,Device Name: ECG Machine. Model Number: Max113. Manufacturer: GE Healthcare. Indications for Use: Intended for data analysis guidance during minimally invasive thoracic procedures.. Contraindications: Contraindicated in patients with bleeding disorders or frostbite risk.. 
300,
301,Device Name: Ultrasound Scanner. Model Number: Max988. Manufacturer: Steris. Indications for Use: Designed for symptom relief in patients with chronic conditions under medical supervision.. Contraindications: Contraindicated in patients with pulmonary edema or on bronchodilators.. 
302,Device Name: Wound Care System. Model Number: B. 985. Manufacturer: B. Braun. Indications for Use: Indicated for emergency heart rate stabilization in trauma center resuscitation rooms.. Contraindications: Not recommended in presence of acute myocardial infarction or at infected areas locations.. 
303,Device Name: Ultrasound Scanner. Model Number: ZEI976. Manufacturer: Zeiss Medical Technology. Indications for Use: Indicated for routine infection prevention screening in outpatient clinical facilities.. Contraindications: Avoid use in patients with severe diabetes or altered consciousness.. 
304,Device Name: Pulse Oximeter. Model Number: Pro447. Manufacturer: Medtronic. Indications for Use: Used for post-operative phototherapy management in hospital recovery units.. Contraindications: Not suitable for use during shock wave therapy or CT scan.. 
305,Device Name: Defibrillator. Model Number: X-9964. Manufacturer: Terumo. Indications for Use: Indicated for cardiac output optimization in sleep medicine centers for respiratory disorders.. Contraindications: Do not use if battery depletion is detected or routine maintenance has expired.. 
306,Device Name: Surgical Robot. Model Number: NIP158. Manufacturer: Nipro Corporation. Indications for Use: Designed for home-based pain management in stable psychiatric patients with chronic stroke.. Contraindications: Do not use in combination with adhesive compounds or radiation therapy modalities.. 
307,Device Name: Surgical Robot. Model Number: Plus466. Manufacturer: Sartorius. Indications for Use: Indicated for continuous oxygen saturation monitoring during reconstructive surgical procedures.. Contraindications: Do not use in patients with severe diabetes. Contraindicated in power outages.. 
308,Device Name: Digital Thermometer. Model Number: Pro289. Manufacturer: Danaher. Indications for Use: Indicated for continuous oxygen saturation monitoring during gastroenterological surgical procedures.. Contraindications: Do not use if patient has known allergy to muscle relaxants or hypersensitivity to certain medications.. 
309,Device Name: Electrosurgical Unit. Model Number: Model 1195. Manufacturer: Siemens Healthineers. Indications for Use: Intended for diagnostic assessment therapy in intensive care unit environments for critically ill patients.. Contraindications: Not suitable for use during shock wave therapy or X-ray.. 
310,Device Name: CPAP Machine. Model Number: SYN406. Manufacturer: Synthes. Indications for Use: Indicated for respiratory rate surveillance in infection control protocols.. Contraindications: Not suitable for use during high-frequency procedures or MRI.. 
311,Device Name: CPAP Machine. Model Number: B-8653. Manufacturer: Aesculap. Indications for Use: Designed for continuous monitoring in patients with respiratory conditions under medical supervision.. Contraindications: Avoid use in patients with metal implants or altered consciousness.. 
312,
313,Device Name: Pulse Oximeter. Model Number: COL421. Manufacturer: Coloplast. Indications for Use: Designed for therapeutic delivery assistance in geriatric care facilities for elderly patients.. Contraindications: Do not use if patient has known allergy to bronchodilators or hypersensitivity to sedatives.. 
314,Device Name: ECG Machine. Model Number: BAX796. Manufacturer: Baxter International. Indications for Use: Used for electrotherapy administration in pediatric hospital units under specialist supervision.. Contraindications: Contraindicated in patients with cardiomyopathy or severe renal insufficiency.. 
315,Device Name: Blood Glucose Monitor. Model Number: B-3782. Manufacturer: Synthes. Indications for Use: Indicated for diagnostic monitoring to assess renal failure in clinical environments.. Contraindications: Avoid use if patient has uncontrolled seizures or history of blood clots.. 
316,
317,Device Name: Insulin Pump. Model Number: COO859. Manufacturer: Cook Medical. Indications for Use: Used for emergency blood transfusion in acute infectious diseases situations requiring immediate care.. Contraindications: Not suitable for use during electrical cardioversion or MRI.. 
318,Device Name: Anesthesia Machine. Model Number: Pro297. Manufacturer: Dentsply Sirona. Indications for Use: Designed for surgical assistance assistance in geriatric care facilities for elderly patients.. Contraindications: Do not use in patients with hepatic dysfunction or severe malignant hyperthermia.. 
319,Device Name: Ventilator. Model Number: CON931. Manufacturer: ConvaTec. Indications for Use: Designed for mobility restoration assistance in geriatric care facilities for elderly patients.. Contraindications: Contraindicated in patients with cardiomyopathy or burns risk.. 
320,"Device Name: Nebulizer. Model Number: Model 6483. Manufacturer: Richard Wolf. Indications for Use: Designed for wound care in patients with stroke under medical supervision.. Contraindications: Not recommended during pregnancy, lactation, or in immunocompromised under 18 years.. "
321,Device Name: Blood Pressure Monitor. Model Number: Z-7166. Manufacturer: Thermo Fisher Scientific. Indications for Use: Designed for home-based pain management in stable hemodynamically unstable patients with chronic respiratory conditions.. Contraindications: Avoid use in patients with severe cardiac arrhythmias or uncontrolled skin allergies.. 
322,Device Name: Surgical Robot. Model Number: Model 6762. Manufacturer: BioMérieux. Indications for Use: Used for long-term respiratory support delivery in ambulatory care settings for critical illness patients.. Contraindications: Not suitable for use during diathermy procedures or X-ray.. 
323,Device Name: Orthopedic Implant. Model Number: Z-2353. Manufacturer: Mölnlycke Health Care. Indications for Use: Indicated for diagnostic infection prevention to assess critical illness in clinical environments.. Contraindications: Contraindicated in patients with severe diabetes or unable to remain still.. 
324,Device Name: Surgical Robot. Model Number: Max578. Manufacturer: Boston Scientific. Indications for Use: Used for post-operative chemotherapy management in hospital recovery units.. Contraindications: Not recommended in presence of active infections or at open wounds locations.. 
325,Device Name: Surgical Robot. Model Number: Pro506. Manufacturer: Cook Medical. Indications for Use: Designed for medication administration facilitation in telemedicine and remote patient monitoring.. Contraindications: Contraindicated in presence of chemotherapy drugs or during diathermy procedures.. 
326,Device Name: Orthopedic Implant. Model Number: Z-2704. Manufacturer: Zimmer Biomet. Indications for Use: Intended for blood transfusion delivery in palliative care settings for terminal patients.. Contraindications: Avoid use in patients with joint prosthetics or ports and catheters. Not suitable for sterile surgical fields.. 
327,Device Name: Digital Thermometer. Model Number: Model 9934. Manufacturer: Dentsply Sirona. Indications for Use: Intended for sterilization guidance during minimally invasive cardiac procedures.. Contraindications: Avoid use if patient has severe hypertension or history of embolism.. 
328,Device Name: Electrosurgical Unit. Model Number: B-7681. Manufacturer: Sartorius. Indications for Use: Indicated for blood gas analysis surveillance in infection control protocols.. Contraindications: Do not use if battery depletion is detected or quality control has expired.. 
329,
330,
331,Device Name: Pacemaker. Model Number: Model 2098. Manufacturer: Dexcom. Indications for Use: Used for therapeutic phototherapy in pediatric patients requiring stent placement.. Contraindications: Avoid use in patients with neurostimulators or penile implants. Not suitable for radiation therapy areas.. 
332,Device Name: Ventilator. Model Number: X-1128. Manufacturer: Medtronic. Indications for Use: Used for chemotherapy administration in pediatric hospital units under specialist supervision.. Contraindications: Not suitable for use with corticosteroids or in electromagnetic interference zones.. 
333,Device Name: Stent. Model Number: EDW486. Manufacturer: Edwards Lifesciences. Indications for Use: Designed for wound debridement support in neonatal intensive care environments.. Contraindications: Contraindicated in patients with severe stroke or uncontrolled malignant hyperthermia.. 
334,Device Name: Dialysis Machine. Model Number: Plus802. Manufacturer: Zeiss Medical Technology. Indications for Use: Indicated for continuous intracranial pressure monitoring during transplant surgical procedures.. Contraindications: Contraindicated in patients with severe skin allergies or uncontrolled severe hypertension.. 
335,Device Name: Defibrillator. Model Number: Max916. Manufacturer: Baxter International. Indications for Use: Used for long-term compression therapy delivery in ambulatory care settings for stroke patients.. Contraindications: Contraindicated in presence of adhesive compounds or during shortwave diathermy.. 
336,
337,Device Name: Insulin Pump. Model Number: C-6723. Manufacturer: Hologic. Indications for Use: Designed for mechanical ventilation facilitation in telemedicine and remote patient monitoring.. Contraindications: Avoid use if patient has autoimmune disorders or history of embolism.. 
338,Device Name: Ventilator. Model Number: STR340. Manufacturer: Stryker. Indications for Use: Indicated for real-time vital signs assessment in emergency department triage protocols.. Contraindications: Not recommended in presence of cardiomyopathy or at open wounds locations.. 
339,Device Name: Dialysis Machine. Model Number: Plus809. Manufacturer: Smith & Nephew. Indications for Use: Designed for stent placement facilitation in telemedicine and remote patient monitoring.. Contraindications: Not suitable for use with sedatives or in chemical exposure areas.. 
340,Device Name: X-Ray Machine. Model Number: Pro633. Manufacturer: Richard Wolf. Indications for Use: Designed for perioperative cardiac output management during neurological interventions.. Contraindications: Contraindicated in patients with severe cardiac arrhythmias or burns risk.. 
341,"Device Name: Wound Care System. Model Number: FRE974. Manufacturer: Fresenius Medical Care. Indications for Use: Indicated for electrolyte balance surveillance in infection control protocols.. Contraindications: Not recommended during pregnancy, lactation, or in immunocompromised under 17 years.. "
342,Device Name: Infusion Pump. Model Number: Model 5054. Manufacturer: Waters Corporation. Indications for Use: Indicated for diagnostic data analysis to assess hypertension in clinical environments.. Contraindications: Do not use if structural defects is present or wound is infected.. 
343,Device Name: Blood Glucose Monitor. Model Number: X-8769. Manufacturer: Aesculap. Indications for Use: Indicated for continuous oxygen saturation monitoring during ophthalmic surgical procedures.. Contraindications: Contraindicated in patients with renal insufficiency or burns risk.. 
344,Device Name: Pulse Oximeter. Model Number: Model 9326. Manufacturer: Medtronic. Indications for Use: Designed for surgical assistance in patients with cardiac disorders under medical supervision.. Contraindications: Do not use in patients with renal insufficiency or severe hepatic dysfunction.. 
345,Device Name: Anesthesia Machine. Model Number: SAR416. Manufacturer: Sartorius. Indications for Use: Intended for device maintenance verification in quality assurance and device validation protocols.. Contraindications: Do not use during local anesthesia administration or in comatose.. 
346,Device Name: Electrosurgical Unit. Model Number: Model 1606. Manufacturer: Zimmer Biomet. Indications for Use: Used for thermal therapy guidance in oncology treatment centers for cancer patients.. Contraindications: Contraindicated in presence of radio frequencies or MRI environments exposure.. 
347,Device Name: Blood Pressure Monitor. Model Number: Model 3388. Manufacturer: Cook Medical. Indications for Use: Used for thermal therapy guidance in oncology treatment centers for cancer patients.. Contraindications: Avoid use in patients with renal insufficiency or uncontrolled bleeding disorders.. 
348,Device Name: Electrosurgical Unit. Model Number: Model 9391. Manufacturer: GE Healthcare. Indications for Use: Indicated for diagnostic specimen collection to assess sleep apnea in clinical environments.. Contraindications: Avoid use in patients with coagulopathy or uncontrolled hepatic dysfunction.. 
349,Device Name: Anesthesia Machine. Model Number: Model 511. Manufacturer: Dentsply Sirona. Indications for Use: Indicated for central venous pressure optimization in sleep medicine centers for respiratory disorders.. Contraindications: Do not use if structural defects is present or wound is infected.. 
350,Device Name: Blood Pressure Monitor. Model Number: KAR121. Manufacturer: Karl Storz. Indications for Use: Used for pain management administration in pediatric hospital units under specialist supervision.. Contraindications: Do not use if patient has known allergy to conductive gels or hypersensitivity to conductive gels.. 
351,Device Name: Patient Monitor. Model Number: Pro892. Manufacturer: GE Healthcare. Indications for Use: Used for fluid resuscitation administration in pediatric hospital units under specialist supervision.. Contraindications: Not recommended in presence of immunodeficiency or at open wounds locations.. 
352,Device Name: Electrosurgical Unit. Model Number: Plus691. Manufacturer: Abbott. Indications for Use: Intended for life support evaluation in rehabilitation medicine for stroke recovery.. Contraindications: Contraindicated in patients with severe diabetes or on antiseptics.. 
353,Device Name: Insulin Pump. Model Number: Model 2051. Manufacturer: Terumo. Indications for Use: Indicated for emergency blood gas analysis stabilization in trauma center resuscitation rooms.. Contraindications: Do not use in combination with antiseptics or dialysis modalities.. 
354,Device Name: Digital Thermometer. Model Number: C-1766. Manufacturer: Mindray. Indications for Use: Indicated for vital signs surveillance in infection control protocols.. Contraindications: Do not use if sensor failure is detected or quality control has expired.. 
355,
356,Device Name: Electrosurgical Unit. Model Number: Model 3061. Manufacturer: Becton Dickinson. Indications for Use: Indicated for real-time pulmonary function assessment in emergency department triage protocols.. Contraindications: Not suitable for use during cryotherapy or MRI.. 
357,Device Name: Infusion Pump. Model Number: SON501. Manufacturer: Sonova. Indications for Use: Intended for device maintenance support in cardiac catheterization laboratory environments.. Contraindications: Not suitable for use in training scenarios with fire or during oxygen-rich environments.. 
358,"Device Name: Blood Pressure Monitor. Model Number: MIN202. Manufacturer: Mindray. Indications for Use: Indicated for routine calibration screening in outpatient clinical facilities.. Contraindications: Not recommended during pregnancy, lactation, or in organ transplant under 13 years.. "
359,Device Name: CPAP Machine. Model Number: Model 5141. Manufacturer: Edwards Lifesciences. Indications for Use: Used for emergency stent placement in acute sleep apnea situations requiring immediate care.. Contraindications: Contraindicated in patients with respiratory failure or on contrast agents.. 
360,Device Name: Surgical Robot. Model Number: Plus381. Manufacturer: ConvaTec. Indications for Use: Used for emergency wound debridement in acute cancer situations requiring immediate care.. Contraindications: Avoid use in patients with active sepsis or compromised respiratory function.. 
361,Device Name: Anesthesia Machine. Model Number: Model 4741. Manufacturer: Boston Scientific. Indications for Use: Intended for alarm management support in cardiac catheterization laboratory environments.. Contraindications: Not recommended for patients with severe osteoporosis or severe active infections.. 
362,Device Name: Orthopedic Implant. Model Number: C-2465. Manufacturer: BioMérieux. Indications for Use: Intended for tissue biopsy delivery in palliative care settings for terminal patients.. Contraindications: Contraindicated in patients with bleeding disorders or frostbite risk.. 
363,Device Name: Dialysis Machine. Model Number: B-2846. Manufacturer: B. Braun. Indications for Use: Used for therapeutic pain management in geriatric patients requiring pacemaker implantation.. Contraindications: Contraindicated in presence of radio frequencies or strong magnetic fields exposure.. 
364,"Device Name: Insulin Pump. Model Number: Model 5484. Manufacturer: Becton Dickinson. Indications for Use: Indicated for diagnostic calibration to assess hypertension in clinical environments.. Contraindications: Not recommended during pregnancy, lactation, or in morbidly obese under 19 years.. "
365,Device Name: Defibrillator. Model Number: B-2041. Manufacturer: Hologic. Indications for Use: Intended for measurement support in cardiac catheterization laboratory environments.. Contraindications: Avoid use in patients with acute myocardial infarction or uncontrolled uncontrolled seizures.. 
366,Device Name: Defibrillator. Model Number: A-1024. Manufacturer: Mölnlycke Health Care. Indications for Use: Used for long-term electrotherapy delivery in ambulatory care settings for diabetes patients.. Contraindications: Not suitable for use with metallic particles or in fire hazard zones.. 
367,
368,Device Name: Orthopedic Implant. Model Number: Model 8157. Manufacturer: Waters Corporation. Indications for Use: Intended for specimen collection guidance during minimally invasive oncological procedures.. Contraindications: Do not use in patients with peripheral vascular disease. Contraindicated in home use.. 
369,Device Name: CPAP Machine. Model Number: Model 1904. Manufacturer: Aesculap. Indications for Use: Indicated for routine measurement screening in outpatient clinical facilities.. Contraindications: Not suitable for use in unsupervised use with fire or during emergency situations.. 
370,Device Name: Pacemaker. Model Number: Pro875. Manufacturer: Dentsply Sirona. Indications for Use: Used for drug delivery guidance in oncology treatment centers for cancer patients.. Contraindications: Do not use if patient has known allergy to alcohol-based solutions or hypersensitivity to corticosteroids.. 
371,Device Name: Catheter. Model Number: SMI681. Manufacturer: Smith & Nephew. Indications for Use: Intended for monitoring and measuring blood gas analysis in terminally ill patients in hospital and clinical settings.. Contraindications: Do not use if sensor failure is detected or quality control has expired.. 
372,Device Name: Digital Thermometer. Model Number: Model 9207. Manufacturer: Waters Corporation. Indications for Use: Designed for perioperative oxygen saturation management during gastroenterological interventions.. Contraindications: Not recommended for patients with respiratory failure or severe severe hypertension.. 
373,Device Name: Syringe Pump. Model Number: Pro378. Manufacturer: Sonova. Indications for Use: Indicated for real-time temperature assessment in emergency department triage protocols.. Contraindications: Not suitable for use with latex proteins or in electromagnetic interference zones.. 
374,
375,"Device Name: Dialysis Machine. Model Number: X-4983. Manufacturer: Nipro Corporation. Indications for Use: Indicated for continuous intracranial pressure monitoring during neurological surgical procedures.. Contraindications: Not recommended during pregnancy, lactation, or in critically ill under 20 years.. "
376,Device Name: Dialysis Machine. Model Number: Plus416. Manufacturer: Dexcom. Indications for Use: Intended for calibration support in cardiac catheterization laboratory environments.. Contraindications: Do not use if sensor failure is detected or routine maintenance has expired.. 
377,Device Name: Blood Glucose Monitor. Model Number: Plus139. Manufacturer: Baxter International. Indications for Use: Intended for stent placement delivery in palliative care settings for terminal patients.. Contraindications: Contraindicated in presence of electromagnetic fields or strong magnetic fields exposure.. 
378,Device Name: Stent. Model Number: Max165. Manufacturer: Nipro Corporation. Indications for Use: Indicated for blood pressure optimization in sleep medicine centers for respiratory disorders.. Contraindications: Avoid use in patients with bleeding disorders or altered cognitive function.. 
379,Device Name: Anesthesia Machine. Model Number: Pro531. Manufacturer: Alcon. Indications for Use: Designed for tissue regeneration assistance in geriatric care facilities for elderly patients.. Contraindications: Contraindicated in patients with severe cardiac arrhythmias or on blood thinners.. 
380,Device Name: Syringe Pump. Model Number: Plus763. Manufacturer: Olympus Corporation. Indications for Use: Intended for life support therapy in intensive care unit environments for critically ill patients.. Contraindications: Avoid use in patients with metallic implants or shunts. Not suitable for home use.. 
381,Device Name: ECG Machine. Model Number: A-8116. Manufacturer: Baxter International. Indications for Use: Indicated for diagnostic sterilization to assess infectious diseases in clinical environments.. Contraindications: Do not use if battery depletion is detected or quality control has expired.. 
382,Device Name: CPAP Machine. Model Number: Model 3592. Manufacturer: Synthes. Indications for Use: Intended for surgical assistance evaluation in rehabilitation medicine for sleep apnea recovery.. Contraindications: Do not use in patients with bleeding disorders. Contraindicated in storage conditions.. 
383,
384,Device Name: Ultrasound Scanner. Model Number: HOY303. Manufacturer: Hoya Corporation. Indications for Use: Used for long-term chemotherapy delivery in ambulatory care settings for hypertension patients.. Contraindications: Avoid use in patients with active severe osteoporosis or compromised renal function.. 
385,Device Name: Pulse Oximeter. Model Number: B-5835. Manufacturer: Medtronic. Indications for Use: Designed for patient rehabilitation in patients with infectious diseases under medical supervision.. Contraindications: Avoid use in patients with active infections or severe pregnancy.. 
386,Device Name: Syringe Pump. Model Number: COO956. Manufacturer: Cooper Companies. Indications for Use: Indicated for diagnostic sterilization to assess sleep apnea in clinical environments.. Contraindications: Contraindicated in patients with uncontrolled seizures or unable to follow instructions.. 
387,Device Name: Syringe Pump. Model Number: Max191. Manufacturer: Beckman Coulter. Indications for Use: Indicated for routine specimen collection screening in outpatient clinical facilities.. Contraindications: Avoid use in patients with immunodeficiency or altered cognitive function.. 
388,Device Name: Dialysis Machine. Model Number: B-7870. Manufacturer: Dentsply Sirona. Indications for Use: Intended for patient positioning support in cardiac catheterization laboratory environments.. Contraindications: Contraindicated in presence of electromagnetic fields or MRI environments exposure.. 
389,Device Name: ECG Machine. Model Number: Model 1069. Manufacturer: Danaher. Indications for Use: Designed for chemotherapy optimization in chronic disease management programs.. Contraindications: Do not use if battery depletion is detected or routine maintenance has expired.. 
390,Device Name: Orthopedic Implant. Model Number: Plus642. Manufacturer: Coloplast. Indications for Use: Designed for dialysis optimization in chronic disease management programs.. Contraindications: Contraindicated in patients with malignant hyperthermia or frostbite risk.. 
391,"Device Name: Pacemaker. Model Number: Model 9864. Manufacturer: Beckman Coulter. Indications for Use: Used for long-term fluid resuscitation delivery in ambulatory care settings for chronic conditions patients.. Contraindications: Not recommended during pregnancy, lactation, or in mentally impaired under 18 years.. "
392,Device Name: Surgical Robot. Model Number: X-2473. Manufacturer: GE Healthcare. Indications for Use: Intended for data analysis support in cardiac catheterization laboratory environments.. Contraindications: Contraindicated in patients with acute myocardial infarction or severe pregnancy.. 
393,Device Name: Catheter. Model Number: X-9968. Manufacturer: ResMed. Indications for Use: Intended for documentation support in cardiac catheterization laboratory environments.. Contraindications: Do not use if structural defects is present or incision is infected.. 
394,Device Name: Ventilator. Model Number: ROC620. Manufacturer: Roche. Indications for Use: Designed for tissue regeneration in patients with diabetes under medical supervision.. Contraindications: Do not use if patient has known allergy to gadolinium agents or hypersensitivity to flammable anesthetics.. 
395,Device Name: Patient Monitor. Model Number: B. 763. Manufacturer: B. Braun. Indications for Use: Intended for tissue biopsy delivery in palliative care settings for terminal patients.. Contraindications: Contraindicated in patients with uncontrolled seizures or burns risk.. 
396,Device Name: Dialysis Machine. Model Number: COO712. Manufacturer: Cook Medical. Indications for Use: Indicated for continuous oxygen saturation monitoring during reconstructive surgical procedures.. Contraindications: Contraindicated in presence of petroleum products or during hyperthermia treatment.. 
397,Device Name: Wound Care System. Model Number: WAT985. Manufacturer: Waters Corporation. Indications for Use: Designed for radiation therapy optimization in chronic disease management programs.. Contraindications: Do not use in patients with immunodeficiency. Contraindicated in explosive atmospheres.. 
398,Device Name: Catheter. Model Number: CAR370. Manufacturer: Cardinal Health. Indications for Use: Intended for mobility restoration evaluation in rehabilitation medicine for stroke recovery.. Contraindications: Contraindicated in patients with skin allergies or severe severe cardiac arrhythmias.. 
399,Device Name: CPAP Machine. Model Number: Model 5783. Manufacturer: Coloplast. Indications for Use: Intended for therapeutic delivery evaluation in rehabilitation medicine for hypertension recovery.. Contraindications: Do not use if structural defects is present or incision is infected.. 
400,Device Name: Infusion Pump. Model Number: Plus887. Manufacturer: Steris. Indications for Use: Indicated for glucose levels analysis in laboratory diagnostic testing environments.. Contraindications: Do not use if patient has known allergy to radioactive materials or hypersensitivity to gadolinium agents.. 
401,Device Name: Pacemaker. Model Number: B-5419. Manufacturer: Olympus Corporation. Indications for Use: Intended for calibration verification in quality assurance and device validation protocols.. Contraindications: Not recommended in presence of acute myocardial infarction or at infected areas locations.. 
402,Device Name: Dialysis Machine. Model Number: Model 6957. Manufacturer: Karl Storz. Indications for Use: Designed for perioperative cardiac output management during minimally invasive interventions.. Contraindications: Avoid use if patient has severe diabetes or is receiving latex proteins.. 
403,Device Name: Digital Thermometer. Model Number: SIE312. Manufacturer: Siemens Healthineers. Indications for Use: Intended for monitoring and measuring heart rate in unconscious patients in hospital and clinical settings.. Contraindications: Do not use if patient has known allergy to contrast agents or hypersensitivity to petroleum products.. 
404,Device Name: Wound Care System. Model Number: Z-6375. Manufacturer: Zimmer Biomet. Indications for Use: Intended for patient rehabilitation evaluation in rehabilitation medicine for trauma recovery.. Contraindications: Not suitable for use in storage conditions with radiation or during sterile surgical fields.. 
405,Device Name: Pacemaker. Model Number: Model 1606. Manufacturer: 3M Healthcare. Indications for Use: Used for intraoperative alarm management monitoring during complex vascular surgeries.. Contraindications: Contraindicated in presence of gadolinium agents or during high-frequency procedures.. 
406,Device Name: Ultrasound Scanner. Model Number: Plus524. Manufacturer: GE Healthcare. Indications for Use: Used for thermal therapy administration in pediatric hospital units under specialist supervision.. Contraindications: Contraindicated in presence of alcohol-based solutions or during transcutaneous stimulation.. 
407,Device Name: Patient Monitor. Model Number: Model 5043. Manufacturer: Thermo Fisher Scientific. Indications for Use: Intended for surgical oncological procedures in operating room settings.. Contraindications: Avoid use in patients with stroke or uncontrolled severe osteoporosis.. 
408,Device Name: Defibrillator. Model Number: SYN873. Manufacturer: Synthes. Indications for Use: Used for intraoperative data analysis monitoring during complex oncological surgeries.. Contraindications: Avoid use in patients with breast implants or bone plates. Not suitable for sterile surgical fields.. 
409,Device Name: Blood Glucose Monitor. Model Number: ABB837. Manufacturer: Abbott. Indications for Use: Used for therapeutic fluid resuscitation in geriatric patients requiring wound debridement.. Contraindications: Contraindicated in patients with thrombocytopenia or burns risk.. 
410,Device Name: Pulse Oximeter. Model Number: Pro533. Manufacturer: Waters Corporation. Indications for Use: Used for post-operative fluid resuscitation management in hospital recovery units.. Contraindications: Avoid use in patients with peripheral vascular disease or severe uncontrolled seizures.. 
411,Device Name: Anesthesia Machine. Model Number: Plus384. Manufacturer: Terumo. Indications for Use: Indicated for routine imaging screening in outpatient clinical facilities.. Contraindications: Avoid use if patient has immunodeficiency or is receiving magnetic materials.. 
412,Device Name: Ultrasound Scanner. Model Number: Model 9468. Manufacturer: 3M Healthcare. Indications for Use: Indicated for hemoglobin levels optimization in sleep medicine centers for respiratory disorders.. Contraindications: Do not use in patients with epilepsy or severe respiratory failure.. 
413,Device Name: Ventilator. Model Number: Model 9270. Manufacturer: Dentsply Sirona. Indications for Use: Intended for sterilization verification in quality assurance and device validation protocols.. Contraindications: Not suitable for use in training scenarios with explosion or during maintenance procedures.. 
414,Device Name: Patient Monitor. Model Number: EDW890. Manufacturer: Edwards Lifesciences. Indications for Use: Used for post-operative cardiac therapy management in hospital recovery units.. Contraindications: Contraindicated in patients with severe anemia or unable to remain still.. 
415,Device Name: Pulse Oximeter. Model Number: SYN886. Manufacturer: Synthes. Indications for Use: Designed for home-based wound irrigation in stable radiation therapy patients with chronic infectious diseases.. Contraindications: Do not use if patient has known allergy to sedatives or hypersensitivity to antiseptics.. 
416,Device Name: Ventilator. Model Number: Plus245. Manufacturer: Danaher. Indications for Use: Indicated for real-time oxygen saturation assessment in emergency department triage protocols.. Contraindications: Do not use if patient has known allergy to latex proteins or hypersensitivity to conductive gels.. 
417,Device Name: Blood Pressure Monitor. Model Number: Model 7247. Manufacturer: Dentsply Sirona. Indications for Use: Used for pain management administration in pediatric hospital units under specialist supervision.. Contraindications: Contraindicated in patients with malignant hyperthermia or unable to remain still.. 
418,
419,Device Name: Catheter. Model Number: Model 6291. Manufacturer: Dexcom. Indications for Use: Indicated for intracranial pressure analysis in laboratory diagnostic testing environments.. Contraindications: Not recommended for use in pregnant patients or those with respiratory failure.. 
420,Device Name: Infusion Pump. Model Number: B-8159. Manufacturer: Cooper Companies. Indications for Use: Indicated for emergency hemoglobin levels stabilization in trauma center resuscitation rooms.. Contraindications: Not suitable for use with iodine compounds or in MRI environments.. 
421,
422,Device Name: Anesthesia Machine. Model Number: Model 3280. Manufacturer: Cooper Companies. Indications for Use: Intended for specimen collection verification in quality assurance and device validation protocols.. Contraindications: Contraindicated in patients with autoimmune disorders or on metallic particles.. 
423,Device Name: Patient Monitor. Model Number: Model 1421. Manufacturer: Hologic. Indications for Use: Indicated for routine device maintenance screening in outpatient clinical facilities.. Contraindications: Contraindicated in patients with cardiomyopathy or frostbite risk.. 
424,Device Name: Pacemaker. Model Number: Pro802. Manufacturer: Aesculap. Indications for Use: Intended for monitoring and measuring intracranial pressure in pediatric patients in hospital and clinical settings.. Contraindications: Not recommended for use in sedated patients or those with pulmonary edema.. 
425,Device Name: Electrosurgical Unit. Model Number: Model 5465. Manufacturer: Thermo Fisher Scientific. Indications for Use: Indicated for blood pressure optimization in sleep medicine centers for respiratory disorders.. Contraindications: Contraindicated in presence of radio frequencies or strong magnetic fields exposure.. 
426,Device Name: Electrosurgical Unit. Model Number: DAN830. Manufacturer: Danaher. Indications for Use: Designed for home-based pain management in stable psychiatric patients with chronic neurological disorders.. Contraindications: Contraindicated in patients with hepatic dysfunction or on conductive gels.. 
427,Device Name: Stent. Model Number: Max144. Manufacturer: Stryker. Indications for Use: Indicated for diagnostic measurement to assess cardiac disorders in clinical environments.. Contraindications: Avoid use in patients with uncontrolled seizures or uncontrolled peripheral vascular disease.. 
428,Device Name: Surgical Robot. Model Number: B-4757. Manufacturer: Sartorius. Indications for Use: Intended for assessment guidance during minimally invasive laparoscopic procedures.. Contraindications: Avoid use if patient has severe osteoporosis or history of embolism.. 
429,Device Name: Catheter. Model Number: B. 851. Manufacturer: B. Braun. Indications for Use: Indicated for electrolyte balance optimization in sleep medicine centers for respiratory disorders.. Contraindications: Contraindicated in presence of gadolinium agents or during transcutaneous stimulation.. 
430,Device Name: Dialysis Machine. Model Number: Max917. Manufacturer: Becton Dickinson. Indications for Use: Used for emergency pacemaker implantation in acute chronic conditions situations requiring immediate care.. Contraindications: Contraindicated in patients with respiratory failure or burns risk.. 
431,Device Name: Digital Thermometer. Model Number: A-6620. Manufacturer: Danaher. Indications for Use: Intended for emergency resuscitation evaluation in rehabilitation medicine for hypertension recovery.. Contraindications: Not recommended for use in geriatric patients or those with severe cardiac arrhythmias.. 
432,Device Name: Ventilator. Model Number: Pro544. Manufacturer: Roche. Indications for Use: Intended for quality control verification in quality assurance and device validation protocols.. Contraindications: Do not use if sensor failure is detected or routine maintenance has expired.. 
433,Device Name: Electrosurgical Unit. Model Number: SIE822. Manufacturer: Siemens Healthineers. Indications for Use: Indicated for diagnostic imaging to assess hypertension in clinical environments.. Contraindications: Avoid use in patients with active severe cardiac arrhythmias or compromised cardiovascular function.. 
434,Device Name: Dialysis Machine. Model Number: SYN737. Manufacturer: Synthes. Indications for Use: Indicated for real-time vital signs assessment in emergency department triage protocols.. Contraindications: Avoid use in patients with cardiomyopathy or altered cognitive function.. 
435,Device Name: Dialysis Machine. Model Number: AES190. Manufacturer: Aesculap. Indications for Use: Intended for infection control therapy in intensive care unit environments for critically ill patients.. Contraindications: Contraindicated in patients with severe osteoporosis or burns risk.. 
436,Device Name: Electrosurgical Unit. Model Number: STE369. Manufacturer: Steris. Indications for Use: Used for cardiac therapy administration in pediatric hospital units under specialist supervision.. Contraindications: Do not use in patients with autoimmune disorders or severe malignant hyperthermia.. 
437,Device Name: Orthopedic Implant. Model Number: Z-3052. Manufacturer: ConvaTec. Indications for Use: Designed for tissue regeneration in patients with neurological disorders under medical supervision.. Contraindications: Contraindicated in patients with severe cardiac arrhythmias or severe stroke.. 
438,Device Name: Syringe Pump. Model Number: 3M 438. Manufacturer: 3M Healthcare. Indications for Use: Indicated for blood pressure optimization in sleep medicine centers for respiratory disorders.. Contraindications: Not suitable for use in cleaning protocols with explosion or during training scenarios.. 
439,
440,Device Name: X-Ray Machine. Model Number: BEC860. Manufacturer: Becton Dickinson. Indications for Use: Used for intraoperative quality control monitoring during complex gastroenterological surgeries.. Contraindications: Do not use in patients with severe osteoporosis or severe stroke.. 
441,Device Name: Wound Care System. Model Number: Z-8334. Manufacturer: Cook Medical. Indications for Use: Indicated for real-time blood gas analysis assessment in emergency department triage protocols.. Contraindications: Do not use if battery depletion is detected or quality control has expired.. 
442,Device Name: ECG Machine. Model Number: DEN642. Manufacturer: Dentsply Sirona. Indications for Use: Indicated for continuous blood pressure monitoring during cardiac surgical procedures.. Contraindications: Not recommended in presence of severe diabetes or at infected areas locations.. 
443,Device Name: X-Ray Machine. Model Number: INT644. Manufacturer: Intuitive Surgical. Indications for Use: Indicated for temperature optimization in sleep medicine centers for respiratory disorders.. Contraindications: Contraindicated in patients with skin allergies or burns risk.. 
444,Device Name: Blood Pressure Monitor. Model Number: A-6481. Manufacturer: Waters Corporation. Indications for Use: Designed for fluid resuscitation optimization in chronic disease management programs.. Contraindications: Not recommended for patients with autoimmune disorders or severe cardiomyopathy.. 
445,Device Name: Ventilator. Model Number: Model 1682. Manufacturer: Terumo. Indications for Use: Indicated for pulmonary function surveillance in infection control protocols.. Contraindications: Avoid use in patients with pulmonary edema or uncontrolled severe cardiac arrhythmias.. 
446,Device Name: Surgical Robot. Model Number: SMI615. Manufacturer: Smith & Nephew. Indications for Use: Used for chemotherapy administration in pediatric hospital units under specialist supervision.. Contraindications: Avoid use in patients with breast implants or bone plates. Not suitable for extreme temperature environments.. 
447,Device Name: Wound Care System. Model Number: X-1676. Manufacturer: Cooper Companies. Indications for Use: Intended for surgical assistance evaluation in rehabilitation medicine for sepsis recovery.. Contraindications: Not recommended for patients with thrombocytopenia or severe skin allergies.. 
448,Device Name: Pacemaker. Model Number: KAR989. Manufacturer: Karl Storz. Indications for Use: Designed for perioperative pulmonary function management during urological interventions.. Contraindications: Contraindicated in presence of radio frequencies or MRI environments exposure.. 
449,Device Name: ECG Machine. Model Number: A-2284. Manufacturer: Terumo. Indications for Use: Intended for diagnostic assessment evaluation in rehabilitation medicine for respiratory conditions recovery.. Contraindications: Avoid use in patients with thrombocytopenia or severe peripheral vascular disease.. 
450,Device Name: Pacemaker. Model Number: Pro245. Manufacturer: Abbott. Indications for Use: Used for post-operative electrotherapy management in hospital recovery units.. Contraindications: Avoid use if patient has thrombocytopenia or is receiving gadolinium agents.. 
451,Device Name: Syringe Pump. Model Number: B-5609. Manufacturer: Danaher. Indications for Use: Used for long-term dialysis delivery in ambulatory care settings for respiratory conditions patients.. Contraindications: Do not use during general anesthesia administration or in sedated.. 
452,Device Name: Syringe Pump. Model Number: SAR794. Manufacturer: Sartorius. Indications for Use: Intended for specimen collection guidance during minimally invasive gastroenterological procedures.. Contraindications: Not suitable for use with metallic particles or in unsupervised use.. 
453,Device Name: Patient Monitor. Model Number: ALC937. Manufacturer: Alcon. Indications for Use: Used for long-term radiation therapy delivery in ambulatory care settings for trauma patients.. Contraindications: Do not use in patients with severe anemia. Contraindicated in fire hazard zones.. 
454,Device Name: Blood Pressure Monitor. Model Number: DAN956. Manufacturer: Danaher. Indications for Use: Indicated for temperature surveillance in infection control protocols.. Contraindications: Avoid use in patients with acute myocardial infarction or uncontrolled active infections.. 
455,Device Name: Nebulizer. Model Number: C-2718. Manufacturer: Intuitive Surgical. Indications for Use: Used for therapeutic radiation therapy in organ transplant patients requiring intubation.. Contraindications: Contraindicated in patients with severe immunodeficiency or uncontrolled renal insufficiency.. 
456,Device Name: Blood Glucose Monitor. Model Number: Plus575. Manufacturer: Zeiss Medical Technology. Indications for Use: Used for emergency pacemaker implantation in acute chronic conditions situations requiring immediate care.. Contraindications: Avoid use if patient has metal implants or is receiving bronchodilators.. 
457,Device Name: Blood Pressure Monitor. Model Number: A-2714. Manufacturer: Zeiss Medical Technology. Indications for Use: Indicated for pH levels optimization in sleep medicine centers for respiratory disorders.. Contraindications: Not suitable for use in explosive atmospheres with radiation or during storage conditions.. 
458,Device Name: CPAP Machine. Model Number: ALI451. Manufacturer: Align Technology. Indications for Use: Used for post-operative electrotherapy management in hospital recovery units.. Contraindications: Not recommended in presence of pulmonary edema or at open wounds locations.. 
459,
460,Device Name: Stent. Model Number: Plus569. Manufacturer: ConvaTec. Indications for Use: Intended for patient positioning guidance during minimally invasive emergency procedures.. Contraindications: Do not use if malformations is present or incision is infected.. 
461,Device Name: Digital Thermometer. Model Number: Max877. Manufacturer: Danaher. Indications for Use: Used for therapeutic drug delivery in neonatal patients requiring stent placement.. Contraindications: Contraindicated in patients with severe severe diabetes or uncontrolled malignant hyperthermia.. 
462,Device Name: Surgical Drill. Model Number: OLY922. Manufacturer: Olympus Corporation. Indications for Use: Designed for intubation facilitation in telemedicine and remote patient monitoring.. Contraindications: Not recommended in presence of peripheral vascular disease or at infected areas locations.. 
463,Device Name: Pacemaker. Model Number: Model 8098. Manufacturer: Alcon. Indications for Use: Indicated for intracranial pressure surveillance in infection control protocols.. Contraindications: Do not use if sensor failure is detected or quality control has expired.. 
464,
465,Device Name: Ventilator. Model Number: THE933. Manufacturer: Thermo Fisher Scientific. Indications for Use: Designed for preventive screening in patients with cancer under medical supervision.. Contraindications: Do not use during local anesthesia administration or in comatose.. 
466,Device Name: Nebulizer. Model Number: CON327. Manufacturer: ConvaTec. Indications for Use: Used for intraoperative assessment monitoring during complex laparoscopic surgeries.. Contraindications: Contraindicated in patients with stroke or burns risk.. 
467,Device Name: Wound Care System. Model Number: Model 1144. Manufacturer: Coloplast. Indications for Use: Intended for specimen collection support in cardiac catheterization laboratory environments.. Contraindications: Do not use if malformations is present or wound is infected.. 
468,Device Name: Ventilator. Model Number: INT717. Manufacturer: Intuitive Surgical. Indications for Use: Used for radiation therapy guidance in oncology treatment centers for cancer patients.. Contraindications: Avoid use in patients with uncontrolled seizures or severe respiratory failure.. 
469,Device Name: Surgical Robot. Model Number: SON113. Manufacturer: Sonova. Indications for Use: Intended for calibration support in cardiac catheterization laboratory environments.. Contraindications: Avoid use if patient has stroke or is receiving antiseptics.. 
470,Device Name: Surgical Drill. Model Number: Model 6246. Manufacturer: Hoya Corporation. Indications for Use: Indicated for continuous vital signs monitoring during ophthalmic surgical procedures.. Contraindications: Avoid use in patients with heart valves or dental implants. Not suitable for extreme temperature environments.. 
471,
472,Device Name: Surgical Robot. Model Number: Pro577. Manufacturer: Dentsply Sirona. Indications for Use: Used for wound irrigation administration in pediatric hospital units under specialist supervision.. Contraindications: Avoid use in patients with hepatic dysfunction or severe bleeding disorders.. 
473,Device Name: Blood Pressure Monitor. Model Number: A-8837. Manufacturer: Cook Medical. Indications for Use: Designed for infection control assistance in geriatric care facilities for elderly patients.. Contraindications: Contraindicated in patients with severe pulmonary edema or uncontrolled acute myocardial infarction.. 
474,
475,Device Name: Pulse Oximeter. Model Number: Plus995. Manufacturer: Waters Corporation. Indications for Use: Used for wound irrigation guidance in oncology treatment centers for cancer patients.. Contraindications: Do not use in patients with uncontrolled seizures or severe severe osteoporosis.. 
476,Device Name: Electrosurgical Unit. Model Number: Model 8320. Manufacturer: GE Healthcare. Indications for Use: Used for emergency surgical intervention in acute stroke situations requiring immediate care.. Contraindications: Contraindicated in patients with severe anemia or frostbite risk.. 
477,Device Name: Infusion Pump. Model Number: Max212. Manufacturer: B. Braun. Indications for Use: Intended for patient positioning support in cardiac catheterization laboratory environments.. Contraindications: Do not use if structural defects is present or wound is infected.. 
478,Device Name: Insulin Pump. Model Number: Z-1952. Manufacturer: Hologic. Indications for Use: Designed for pain management optimization in chronic disease management programs.. Contraindications: Not recommended for patients with severe hypertension or severe pacemakers.. 
479,Device Name: Ventilator. Model Number: NIP922. Manufacturer: Nipro Corporation. Indications for Use: Used for emergency defibrillation in acute hypertension situations requiring immediate care.. Contraindications: Do not use if malformations is present or wound is infected.. 
480,Device Name: Blood Glucose Monitor. Model Number: Z-1919. Manufacturer: ConvaTec. Indications for Use: Intended for patient positioning support in cardiac catheterization laboratory environments.. Contraindications: Avoid use in patients with active sepsis or compromised nervous function.. 
481,Device Name: Defibrillator. Model Number: Max759. Manufacturer: Fresenius Medical Care. Indications for Use: Used for long-term dialysis delivery in ambulatory care settings for diabetes patients.. Contraindications: Avoid use if patient has severe hypertension or history of blood clots.. 
482,Device Name: Blood Pressure Monitor. Model Number: COO473. Manufacturer: Cook Medical. Indications for Use: Indicated for pH levels optimization in sleep medicine centers for respiratory disorders.. Contraindications: Do not use in patients with active infections. Contraindicated in underwater environments.. 
483,"Device Name: Ultrasound Scanner. Model Number: C-5724. Manufacturer: Karl Storz. Indications for Use: Intended for infection prevention support in cardiac catheterization laboratory environments.. Contraindications: Not recommended during pregnancy, lactation, or in pregnant under 13 years.. "
484,Device Name: Patient Monitor. Model Number: Model 6707. Manufacturer: Zeiss Medical Technology. Indications for Use: Intended for monitoring and measuring pH levels in hemodynamically unstable patients in hospital and clinical settings.. Contraindications: Avoid use in patients with active thrombocytopenia or compromised cardiovascular function.. 
485,
486,Device Name: Surgical Robot. Model Number: DEN771. Manufacturer: Dentsply Sirona. Indications for Use: Used for long-term cardiac therapy delivery in ambulatory care settings for stroke patients.. Contraindications: Do not use in patients with thrombocytopenia. Contraindicated in unsupervised use.. 
487,
488,Device Name: Nebulizer. Model Number: Model 3656. Manufacturer: Coloplast. Indications for Use: Indicated for ECG readings analysis in laboratory diagnostic testing environments.. Contraindications: Contraindicated in patients with acute myocardial infarction or frostbite risk.. 
489,Device Name: Stent. Model Number: Plus120. Manufacturer: ConvaTec. Indications for Use: Used for respiratory support guidance in oncology treatment centers for cancer patients.. Contraindications: Do not use if battery depletion is detected or quality control has expired.. 
490,Device Name: Surgical Robot. Model Number: A-4594. Manufacturer: 3M Healthcare. Indications for Use: Designed for catheterization support in neonatal intensive care environments.. Contraindications: Not suitable for use in unsupervised use with radiation or during training scenarios.. 
491,Device Name: Electrosurgical Unit. Model Number: Pro892. Manufacturer: Baxter International. Indications for Use: Used for long-term respiratory support delivery in ambulatory care settings for hypertension patients.. Contraindications: Do not use during general anesthesia administration or in sedated.. 
492,Device Name: Orthopedic Implant. Model Number: Max160. Manufacturer: Sonova. Indications for Use: Used for emergency pacemaker implantation in acute sleep apnea situations requiring immediate care.. Contraindications: Avoid use in patients with uncontrolled seizures or severe renal insufficiency.. 
493,Device Name: Pulse Oximeter. Model Number: PHI272. Manufacturer: Philips Healthcare. Indications for Use: Used for dialysis guidance in oncology treatment centers for cancer patients.. Contraindications: Contraindicated in patients with sepsis or on radioactive materials.. 
494,Device Name: Ultrasound Scanner. Model Number: BEC181. Manufacturer: Becton Dickinson. Indications for Use: Designed for home-based dialysis in stable dialysis-dependent patients with chronic chronic conditions.. Contraindications: Avoid use in patients with uncontrolled seizures or severe sepsis.. 
495,
496,Device Name: CPAP Machine. Model Number: RES137. Manufacturer: ResMed. Indications for Use: Designed for home-based phototherapy in stable diabetic patients with chronic neurological disorders.. Contraindications: Not suitable for use with magnetic materials or in patient transport.. 
497,
498,Device Name: Electrosurgical Unit. Model Number: Model 4043. Manufacturer: Align Technology. Indications for Use: Designed for pain management optimization in chronic disease management programs.. Contraindications: Do not use in patients with renal insufficiency. Contraindicated in hyperbaric chambers.. 
499,Device Name: CPAP Machine. Model Number: Model 9576. Manufacturer: Sartorius. Indications for Use: Designed for symptom relief assistance in geriatric care facilities for elderly patients.. Contraindications: Avoid use in patients with pulmonary edema or severe cardiomyopathy.. 
500,Device Name: ECG Machine. Model Number: Model 8940. Manufacturer: Mindray. Indications for Use: Designed for patient rehabilitation in patients with cardiac disorders under medical supervision.. Contraindications: Avoid use if patient has bleeding disorders or is receiving magnetic materials.. 
501,Device Name: CPAP Machine. Model Number: B. 401. Manufacturer: B. Braun. Indications for Use: Designed for surgical intervention support in neonatal intensive care environments.. Contraindications: Do not use during general anesthesia administration or in comatose.. 
502,Device Name: Anesthesia Machine. Model Number: BOS772. Manufacturer: Boston Scientific. Indications for Use: Indicated for continuous central venous pressure monitoring during orthopedic surgical procedures.. Contraindications: Avoid use in patients with clips and coils or shunts. Not suitable for training scenarios.. 
503,Device Name: Pacemaker. Model Number: B-9553. Manufacturer: Cook Medical. Indications for Use: Indicated for hemoglobin levels optimization in sleep medicine centers for respiratory disorders.. Contraindications: Contraindicated in patients with severe respiratory failure or uncontrolled severe diabetes.. 
504,Device Name: Pacemaker. Model Number: Plus419. Manufacturer: Thermo Fisher Scientific. Indications for Use: Designed for wound debridement facilitation in telemedicine and remote patient monitoring.. Contraindications: Avoid use in patients with metallic implants or shunts. Not suitable for emergency situations.. 
505,Device Name: Electrosurgical Unit. Model Number: Pro376. Manufacturer: Coloplast. Indications for Use: Designed for home-based fluid resuscitation in stable organ transplant patients with chronic renal failure.. Contraindications: Contraindicated in presence of gadolinium agents or during therapeutic ultrasound.. 
506,Device Name: Stent. Model Number: Max365. Manufacturer: Medtronic. Indications for Use: Indicated for emergency ECG readings stabilization in trauma center resuscitation rooms.. Contraindications: Avoid use in patients with bleeding disorders or severe severe cardiac arrhythmias.. 
507,
508,
509,Device Name: Electrosurgical Unit. Model Number: Model 7681. Manufacturer: ConvaTec. Indications for Use: Intended for hemodialysis delivery in palliative care settings for terminal patients.. Contraindications: Contraindicated in patients with autoimmune disorders or on sedatives.. 
510,Device Name: Defibrillator. Model Number: BEC245. Manufacturer: Becton Dickinson. Indications for Use: Used for emergency tissue biopsy in acute chronic conditions situations requiring immediate care.. Contraindications: Avoid use in patients with gastric bands or pins and wires. Not suitable for extreme temperature environments.. 
511,Device Name: Surgical Robot. Model Number: Model 4152. Manufacturer: Getinge. Indications for Use: Designed for perioperative pH levels management during orthopedic interventions.. Contraindications: Contraindicated in presence of chemotherapy drugs or during electrical cardioversion.. 
512,Device Name: Infusion Pump. Model Number: Model 7445. Manufacturer: Karl Storz. Indications for Use: Designed for hemodialysis support in neonatal intensive care environments.. Contraindications: Avoid use if patient has renal insufficiency or history of embolism.. 
513,Device Name: Orthopedic Implant. Model Number: STR640. Manufacturer: Stryker. Indications for Use: Designed for medication administration facilitation in telemedicine and remote patient monitoring.. Contraindications: Contraindicated in patients with severe renal insufficiency or uncontrolled coagulopathy.. 
514,
515,Device Name: Pulse Oximeter. Model Number: X-1591. Manufacturer: 3M Healthcare. Indications for Use: Intended for sterilization verification in quality assurance and device validation protocols.. Contraindications: Do not use in combination with bronchodilators or oxygen therapy modalities.. 
516,Device Name: Wound Care System. Model Number: Model 4793. Manufacturer: B. Braun. Indications for Use: Intended for monitoring and measuring pulmonary function in morbidly obese patients in hospital and clinical settings.. Contraindications: Not recommended for patients with active infections or severe uncontrolled seizures.. 
517,Device Name: Pacemaker. Model Number: B-2048. Manufacturer: Thermo Fisher Scientific. Indications for Use: Designed for symptom relief in patients with respiratory conditions under medical supervision.. Contraindications: Do not use in combination with antiseptics or chemotherapy modalities.. 
518,Device Name: Stent. Model Number: X-9742. Manufacturer: Medtronic. Indications for Use: Used for intraoperative patient positioning monitoring during complex oncological surgeries.. Contraindications: Do not use in patients with renal insufficiency. Contraindicated in fire hazard zones.. 
519,
520,Device Name: Ventilator. Model Number: Model 4802. Manufacturer: Abbott. Indications for Use: Used for therapeutic fluid resuscitation in hemodynamically unstable patients requiring medication administration.. Contraindications: Not recommended in presence of peripheral vascular disease or at open wounds locations.. 
521,
522,Device Name: Stent. Model Number: ROC939. Manufacturer: Roche. Indications for Use: Intended for device maintenance guidance during minimally invasive laparoscopic procedures.. Contraindications: Avoid use if patient has severe diabetes or history of blood clots.. 
523,"Device Name: Catheter. Model Number: Model 1899. Manufacturer: Olympus Corporation. Indications for Use: Designed for symptom relief in patients with chronic conditions under medical supervision.. Contraindications: Not recommended during pregnancy, lactation, or in hemodynamically unstable under 20 years.. "
524,Device Name: Electrosurgical Unit. Model Number: Plus699. Manufacturer: Fresenius Medical Care. Indications for Use: Indicated for emergency respiratory rate stabilization in trauma center resuscitation rooms.. Contraindications: Avoid use if patient has stroke or history of blood clots.. 
525,Device Name: Anesthesia Machine. Model Number: Max205. Manufacturer: Beckman Coulter. Indications for Use: Intended for patient positioning verification in quality assurance and device validation protocols.. Contraindications: Avoid use in patients with active severe cardiac arrhythmias or compromised cardiovascular function.. 
526,
527,Device Name: Surgical Robot. Model Number: ZEI158. Manufacturer: Zeiss Medical Technology. Indications for Use: Designed for life support assistance in geriatric care facilities for elderly patients.. Contraindications: Contraindicated in presence of sedatives or during microwave diathermy.. 
528,Device Name: ECG Machine. Model Number: B-4864. Manufacturer: Smith & Nephew. Indications for Use: Intended for surgical orthopedic procedures in operating room settings.. Contraindications: Do not use in patients with metal implants or severe coagulopathy.. 
529,Device Name: Pulse Oximeter. Model Number: BIO576. Manufacturer: BioMérieux. Indications for Use: Used for post-operative thermal therapy management in hospital recovery units.. Contraindications: Not suitable for use with vasoconstrictors or in cleaning protocols.. 
530,Device Name: Ventilator. Model Number: Model 1874. Manufacturer: Cardinal Health. Indications for Use: Indicated for real-time blood pressure assessment in emergency department triage protocols.. Contraindications: Avoid use in patients with coagulopathy or severe thrombocytopenia.. 
531,
532,"Device Name: X-Ray Machine. Model Number: Plus824. Manufacturer: ResMed. Indications for Use: Used for post-operative phototherapy management in hospital recovery units.. Contraindications: Not recommended during pregnancy, lactation, or in critically ill under 19 years.. "
533,Device Name: Surgical Drill. Model Number: B-6624. Manufacturer: IDEXX Laboratories. Indications for Use: Designed for disease management in patients with sleep apnea under medical supervision.. Contraindications: Contraindicated in patients with severe cardiac arrhythmias or burns risk.. 
534,Device Name: Nebulizer. Model Number: Max477. Manufacturer: Mölnlycke Health Care. Indications for Use: Indicated for pH levels surveillance in infection control protocols.. Contraindications: Avoid use if patient has severe anemia or history of embolism.. 
535,Device Name: Digital Thermometer. Model Number: Model 3815. Manufacturer: Waters Corporation. Indications for Use: Designed for home-based drug delivery in stable pediatric patients with chronic cancer.. Contraindications: Avoid use in patients with malignant hyperthermia or altered consciousness.. 
536,Device Name: Surgical Drill. Model Number: GET208. Manufacturer: Getinge. Indications for Use: Indicated for central venous pressure analysis in laboratory diagnostic testing environments.. Contraindications: Do not use if malformations is present or wound is infected.. 
537,
538,Device Name: Surgical Drill. Model Number: Pro525. Manufacturer: Intuitive Surgical. Indications for Use: Designed for intubation support in neonatal intensive care environments.. Contraindications: Avoid use in patients with coagulopathy or uncontrolled epilepsy.. 
539,Device Name: X-Ray Machine. Model Number: Model 3925. Manufacturer: Siemens Healthineers. Indications for Use: Indicated for real-time oxygen saturation assessment in emergency department triage protocols.. Contraindications: Contraindicated in patients with thrombocytopenia or unable to remain still.. 
540,Device Name: Blood Glucose Monitor. Model Number: SYN481. Manufacturer: Synthes. Indications for Use: Intended for monitoring and measuring respiratory rate in diabetic patients in hospital and clinical settings.. Contraindications: Not suitable for use in patient transport with fire or during cleaning protocols.. 
541,Device Name: Digital Thermometer. Model Number: ALC132. Manufacturer: Alcon. Indications for Use: Indicated for vital signs optimization in sleep medicine centers for respiratory disorders.. Contraindications: Do not use during general anesthesia administration or in sedated.. 
542,Device Name: Syringe Pump. Model Number: FRE704. Manufacturer: Fresenius Medical Care. Indications for Use: Used for emergency catheterization in acute cardiac disorders situations requiring immediate care.. Contraindications: Do not use in combination with muscle relaxants or radiation therapy modalities.. 
543,
544,Device Name: Surgical Drill. Model Number: Model 6054. Manufacturer: Dexcom. Indications for Use: Used for chemotherapy guidance in oncology treatment centers for cancer patients.. Contraindications: Avoid use in patients with stroke or uncontrolled epilepsy.. 
545,
546,Device Name: Dialysis Machine. Model Number: FRE198. Manufacturer: Fresenius Medical Care. Indications for Use: Intended for monitoring and measuring ECG readings in neonatal patients in hospital and clinical settings.. Contraindications: Avoid use if patient has severe diabetes or is receiving cleaning solvents.. 
547,Device Name: X-Ray Machine. Model Number: Pro466. Manufacturer: Philips Healthcare. Indications for Use: Designed for perioperative heart rate management during emergency interventions.. Contraindications: Contraindicated in presence of conductive gels or during radiofrequency ablation.. 
548,Device Name: Syringe Pump. Model Number: Max108. Manufacturer: Terumo. Indications for Use: Indicated for temperature surveillance in infection control protocols.. Contraindications: Contraindicated in presence of chemotherapy drugs or during ultrasound therapy.. 
549,Device Name: Defibrillator. Model Number: Model 8520. Manufacturer: ResMed. Indications for Use: Used for intraoperative sterilization monitoring during complex laparoscopic surgeries.. Contraindications: Avoid use in patients with respiratory failure or uncontrolled severe hypertension.. 
550,Device Name: Ultrasound Scanner. Model Number: STE275. Manufacturer: Steris. Indications for Use: Intended for symptom relief evaluation in rehabilitation medicine for critical illness recovery.. Contraindications: Do not use if structural defects is present or incision is infected.. 
551,Device Name: Ultrasound Scanner. Model Number: Model 2282. Manufacturer: 3M Healthcare. Indications for Use: Designed for pacemaker implantation facilitation in telemedicine and remote patient monitoring.. Contraindications: Not suitable for use during microwave diathermy or X-ray.. 
552,
553,Device Name: Orthopedic Implant. Model Number: A-5320. Manufacturer: IDEXX Laboratories. Indications for Use: Indicated for blood gas analysis optimization in sleep medicine centers for respiratory disorders.. Contraindications: Do not use if structural defects is present or incision is infected.. 
554,Device Name: Anesthesia Machine. Model Number: Max683. Manufacturer: Johnson & Johnson. Indications for Use: Intended for surgical intervention delivery in palliative care settings for terminal patients.. Contraindications: Not recommended for patients with peripheral vascular disease or severe active infections.. 
555,Device Name: Infusion Pump. Model Number: A-8042. Manufacturer: Cardinal Health. Indications for Use: Intended for assessment guidance during minimally invasive endoscopic procedures.. Contraindications: Contraindicated in presence of electromagnetic fields or strong magnetic fields exposure.. 
556,Device Name: Catheter. Model Number: Plus116. Manufacturer: Abbott. Indications for Use: Intended for measurement support in cardiac catheterization laboratory environments.. Contraindications: Contraindicated in patients with pacemakers or unable to follow instructions.. 
557,Device Name: Defibrillator. Model Number: Pro279. Manufacturer: Siemens Healthineers. Indications for Use: Designed for wound irrigation optimization in chronic disease management programs.. Contraindications: Contraindicated in patients with hepatic dysfunction or severe skin allergies.. 
558,Device Name: Stent. Model Number: Plus963. Manufacturer: Synthes. Indications for Use: Indicated for diagnostic quality control to assess cardiac disorders in clinical environments.. Contraindications: Avoid use in patients with active severe osteoporosis or compromised cardiovascular function.. 
559,Device Name: Infusion Pump. Model Number: C-5793. Manufacturer: Zeiss Medical Technology. Indications for Use: Intended for patient rehabilitation evaluation in rehabilitation medicine for orthopedic injuries recovery.. Contraindications: Not recommended for use in post-operative patients or those with coagulopathy.. 
560,Device Name: Ultrasound Scanner. Model Number: Plus388. Manufacturer: Roche. Indications for Use: Intended for surgical neurological procedures in operating room settings.. Contraindications: Avoid use if patient has pregnancy or is receiving radioactive materials.. 
561,Device Name: Catheter. Model Number: Pro753. Manufacturer: Karl Storz. Indications for Use: Used for long-term fluid resuscitation delivery in ambulatory care settings for sleep apnea patients.. Contraindications: Do not use in patients with renal insufficiency. Contraindicated in sterile surgical fields.. 
562,Device Name: Pacemaker. Model Number: Model 7038. Manufacturer: Sonova. Indications for Use: Designed for disease management assistance in geriatric care facilities for elderly patients.. Contraindications: Contraindicated in presence of radio frequencies or strong magnetic fields exposure.. 
563,Device Name: Pacemaker. Model Number: BOS224. Manufacturer: Boston Scientific. Indications for Use: Used for long-term thermal therapy delivery in ambulatory care settings for hypertension patients.. Contraindications: Contraindicated in presence of electromagnetic fields or MRI environments exposure.. 
564,Device Name: Blood Pressure Monitor. Model Number: Pro737. Manufacturer: Sonova. Indications for Use: Designed for continuous monitoring assistance in geriatric care facilities for elderly patients.. Contraindications: Contraindicated in patients with pulmonary edema or on magnetic materials.. 
565,Device Name: Surgical Robot. Model Number: B-3032. Manufacturer: Siemens Healthineers. Indications for Use: Designed for dialysis optimization in chronic disease management programs.. Contraindications: Not recommended for patients with metal implants or severe active infections.. 
566,Device Name: Dialysis Machine. Model Number: X-5918. Manufacturer: Abbott. Indications for Use: Used for post-operative electrotherapy management in hospital recovery units.. Contraindications: Do not use in patients with pregnancy. Contraindicated in chemical exposure areas.. 
567,Device Name: Surgical Drill. Model Number: A-5094. Manufacturer: Medtronic. Indications for Use: Indicated for emergency central venous pressure stabilization in trauma center resuscitation rooms.. Contraindications: Contraindicated in presence of radio frequencies or MRI environments exposure.. 
568,Device Name: X-Ray Machine. Model Number: Z-1788. Manufacturer: Cooper Companies. Indications for Use: Intended for surgical assistance evaluation in rehabilitation medicine for critical illness recovery.. Contraindications: Do not use in combination with alcohol-based solutions or drug delivery modalities.. 
569,Device Name: Ultrasound Scanner. Model Number: Plus572. Manufacturer: ConvaTec. Indications for Use: Indicated for emergency hemoglobin levels stabilization in trauma center resuscitation rooms.. Contraindications: Avoid use in patients with active active infections or compromised respiratory function.. 
570,
571,Device Name: Surgical Drill. Model Number: Model 3982. Manufacturer: Siemens Healthineers. Indications for Use: Used for therapeutic oxygen therapy in pregnant patients requiring blood transfusion.. Contraindications: Avoid use in patients with renal insufficiency or uncontrolled thrombocytopenia.. 
572,Device Name: Blood Pressure Monitor. Model Number: OLY134. Manufacturer: Olympus Corporation. Indications for Use: Indicated for continuous pulmonary function monitoring during oncological surgical procedures.. Contraindications: Avoid use in patients with thrombocytopenia or altered consciousness.. 
573,Device Name: Ultrasound Scanner. Model Number: A-4705. Manufacturer: Abbott. Indications for Use: Intended for assessment support in cardiac catheterization laboratory environments.. Contraindications: Do not use during general anesthesia administration or in comatose.. 
574,Device Name: Wound Care System. Model Number: Z-9967. Manufacturer: Alcon. Indications for Use: Indicated for real-time temperature assessment in emergency department triage protocols.. Contraindications: Contraindicated in patients with epilepsy or severe pulmonary edema.. 
575,
576,Device Name: Pacemaker. Model Number: Model 7843. Manufacturer: Fresenius Medical Care. Indications for Use: Used for post-operative oxygen therapy management in hospital recovery units.. Contraindications: Contraindicated in patients with immunodeficiency or frostbite risk.. 
577,
578,Device Name: Infusion Pump. Model Number: Model 3075. Manufacturer: Thermo Fisher Scientific. Indications for Use: Indicated for emergency electrolyte balance stabilization in trauma center resuscitation rooms.. Contraindications: Do not use if patient has known allergy to chemotherapy drugs or hypersensitivity to petroleum products.. 
579,Device Name: CPAP Machine. Model Number: Model 3152. Manufacturer: Getinge. Indications for Use: Indicated for real-time hemoglobin levels assessment in emergency department triage protocols.. Contraindications: Do not use if malformations is present or wound is infected.. 
580,Device Name: Wound Care System. Model Number: Plus277. Manufacturer: Cardinal Health. Indications for Use: Indicated for emergency temperature stabilization in trauma center resuscitation rooms.. Contraindications: Not recommended in presence of malignant hyperthermia or at open wounds locations.. 
581,Device Name: Blood Glucose Monitor. Model Number: Max125. Manufacturer: B. Braun. Indications for Use: Used for post-operative dialysis management in hospital recovery units.. Contraindications: Contraindicated in presence of metallic particles or during MRI scanning.. 
582,Device Name: Ultrasound Scanner. Model Number: B-6541. Manufacturer: Terumo. Indications for Use: Intended for defibrillation delivery in palliative care settings for terminal patients.. Contraindications: Not suitable for use in extreme temperature environments with radiation or during oxygen-rich environments.. 
583,Device Name: ECG Machine. Model Number: Z-7847. Manufacturer: Synthes. Indications for Use: Indicated for real-time glucose levels assessment in emergency department triage protocols.. Contraindications: Contraindicated in presence of radio frequencies or MRI environments exposure.. 
584,Device Name: Nebulizer. Model Number: Max135. Manufacturer: Boston Scientific. Indications for Use: Used for drug delivery administration in pediatric hospital units under specialist supervision.. Contraindications: Avoid use in patients with severe cardiac arrhythmias or uncontrolled coagulopathy.. 
585,Device Name: Stent. Model Number: STR958. Manufacturer: Stryker. Indications for Use: Designed for respiratory support optimization in chronic disease management programs.. Contraindications: Not recommended in presence of autoimmune disorders or at open wounds locations.. 
586,"Device Name: Orthopedic Implant. Model Number: C-8477. Manufacturer: Zeiss Medical Technology. Indications for Use: Indicated for emergency pH levels stabilization in trauma center resuscitation rooms.. Contraindications: Not recommended during pregnancy, lactation, or in trauma under 16 years.. "
587,Device Name: Surgical Robot. Model Number: Max679. Manufacturer: Karl Storz. Indications for Use: Intended for hemodialysis delivery in palliative care settings for terminal patients.. Contraindications: Do not use if sensor failure is detected or quality control has expired.. 
588,Device Name: ECG Machine. Model Number: Plus703. Manufacturer: Becton Dickinson. Indications for Use: Used for intraoperative monitoring monitoring during complex laparoscopic surgeries.. Contraindications: Avoid use if patient has severe hypertension or is receiving radioactive materials.. 
589,Device Name: Syringe Pump. Model Number: Model 3713. Manufacturer: Getinge. Indications for Use: Indicated for glucose levels surveillance in infection control protocols.. Contraindications: Contraindicated in presence of radioactive materials or during high-frequency procedures.. 
590,Device Name: Pulse Oximeter. Model Number: Max397. Manufacturer: Hologic. Indications for Use: Intended for tissue regeneration evaluation in rehabilitation medicine for diabetes recovery.. Contraindications: Avoid use in patients with metal implants or uncontrolled malignant hyperthermia.. 
591,Device Name: Dialysis Machine. Model Number: Pro386. Manufacturer: Dentsply Sirona. Indications for Use: Intended for blood transfusion delivery in palliative care settings for terminal patients.. Contraindications: Do not use if patient has known allergy to conductive gels or hypersensitivity to blood thinners.. 
592,Device Name: Pulse Oximeter. Model Number: B-5187. Manufacturer: Coloplast. Indications for Use: Used for intraoperative infection prevention monitoring during complex neurological surgeries.. Contraindications: Avoid use in patients with metal implants or altered cognitive function.. 
593,Device Name: Insulin Pump. Model Number: NIP696. Manufacturer: Nipro Corporation. Indications for Use: Indicated for central venous pressure analysis in laboratory diagnostic testing environments.. Contraindications: Not suitable for use with gadolinium agents or in training scenarios.. 
594,Device Name: Digital Thermometer. Model Number: Z-2960. Manufacturer: Johnson & Johnson. Indications for Use: Used for electrotherapy guidance in oncology treatment centers for cancer patients.. Contraindications: Not recommended for use in pediatric patients or those with respiratory failure.. 
595,Device Name: Surgical Drill. Model Number: Pro342. Manufacturer: Boston Scientific. Indications for Use: Designed for perioperative electrolyte balance management during thoracic interventions.. Contraindications: Avoid use in patients with respiratory failure or severe hepatic dysfunction.. 
596,Device Name: Blood Glucose Monitor. Model Number: ALI577. Manufacturer: Align Technology. Indications for Use: Designed for therapeutic delivery assistance in geriatric care facilities for elderly patients.. Contraindications: Not recommended for patients with epilepsy or severe thrombocytopenia.. 
597,Device Name: Surgical Robot. Model Number: BIO146. Manufacturer: BioMérieux. Indications for Use: Used for therapeutic drug delivery in neonatal patients requiring wound debridement.. Contraindications: Avoid use in patients with mesh implants or mesh implants. Not suitable for infectious disease isolation.. 
598,Device Name: Nebulizer. Model Number: Model 3793. Manufacturer: Mölnlycke Health Care. Indications for Use: Designed for perioperative glucose levels management during endoscopic interventions.. Contraindications: Not recommended in presence of thrombocytopenia or at open wounds locations.. 
599,Device Name: X-Ray Machine. Model Number: EDW776. Manufacturer: Edwards Lifesciences. Indications for Use: Indicated for blood pressure analysis in laboratory diagnostic testing environments.. Contraindications: Not suitable for use in explosive atmospheres with radiation or during underwater environments.. 
600,Device Name: Catheter. Model Number: Z-9504. Manufacturer: Smith & Nephew. Indications for Use: Designed for emergency resuscitation assistance in geriatric care facilities for elderly patients.. Contraindications: Not suitable for use during microwave diathermy or CT scan.. 
601,Device Name: Digital Thermometer. Model Number: Plus481. Manufacturer: Olympus Corporation. Indications for Use: Designed for life support assistance in geriatric care facilities for elderly patients.. Contraindications: Contraindicated in patients with peripheral vascular disease or burns risk.. 
602,Device Name: Blood Pressure Monitor. Model Number: Model 6473. Manufacturer: Hologic. Indications for Use: Designed for catheterization support in neonatal intensive care environments.. Contraindications: Avoid use if patient has immunodeficiency or history of blood clots.. 
603,Device Name: ECG Machine. Model Number: Pro444. Manufacturer: Thermo Fisher Scientific. Indications for Use: Intended for surgical neurological procedures in operating room settings.. Contraindications: Contraindicated in patients with cardiomyopathy or severe coagulopathy.. 
604,Device Name: Pacemaker. Model Number: Pro162. Manufacturer: Waters Corporation. Indications for Use: Intended for surgical minimally invasive procedures in operating room settings.. Contraindications: Do not use during local anesthesia administration or in comatose.. 
605,Device Name: Catheter. Model Number: Pro746. Manufacturer: Karl Storz. Indications for Use: Intended for monitoring guidance during minimally invasive orthopedic procedures.. Contraindications: Not suitable for use in unsupervised use with radiation or during patient transport.. 
606,Device Name: Stent. Model Number: PHI503. Manufacturer: Philips Healthcare. Indications for Use: Intended for monitoring support in cardiac catheterization laboratory environments.. Contraindications: Contraindicated in presence of cleaning solvents or during transcutaneous stimulation.. 
607,Device Name: Blood Pressure Monitor. Model Number: B-2609. Manufacturer: Edwards Lifesciences. Indications for Use: Intended for wound debridement delivery in palliative care settings for terminal patients.. Contraindications: Contraindicated in patients with severe hepatic dysfunction or uncontrolled stroke.. 
608,Device Name: Syringe Pump. Model Number: HOY273. Manufacturer: Hoya Corporation. Indications for Use: Used for radiation therapy administration in pediatric hospital units under specialist supervision.. Contraindications: Avoid use in patients with stroke or severe severe cardiac arrhythmias.. 
609,Device Name: Surgical Robot. Model Number: Model 8517. Manufacturer: Johnson & Johnson. Indications for Use: Indicated for diagnostic infection prevention to assess cancer in clinical environments.. Contraindications: Not suitable for use during transcutaneous stimulation or CT scan.. 
610,Device Name: Nebulizer. Model Number: A-5974. Manufacturer: Becton Dickinson. Indications for Use: Designed for perioperative hemoglobin levels management during neurological interventions.. Contraindications: Contraindicated in patients with severe pregnancy or uncontrolled epilepsy.. 
611,
612,"Device Name: Nebulizer. Model Number: Model 2099. Manufacturer: Richard Wolf. Indications for Use: Intended for hemodialysis delivery in palliative care settings for terminal patients.. Contraindications: Not recommended during pregnancy, lactation, or in terminally ill under 21 years.. "
613,Device Name: Blood Glucose Monitor. Model Number: C-7464. Manufacturer: Stryker. Indications for Use: Designed for surgical assistance in patients with sleep apnea under medical supervision.. Contraindications: Not recommended for patients with uncontrolled seizures or severe hepatic dysfunction.. 
614,Device Name: Insulin Pump. Model Number: A-8819. Manufacturer: IDEXX Laboratories. Indications for Use: Designed for infection control assistance in geriatric care facilities for elderly patients.. Contraindications: Contraindicated in patients with severe osteoporosis or unable to follow instructions.. 
615,Device Name: Wound Care System. Model Number: STR138. Manufacturer: Stryker. Indications for Use: Designed for mechanical ventilation facilitation in telemedicine and remote patient monitoring.. Contraindications: Not recommended in presence of uncontrolled seizures or at infected areas locations.. 
616,Device Name: Patient Monitor. Model Number: Model 9121. Manufacturer: Richard Wolf. Indications for Use: Intended for wound care evaluation in rehabilitation medicine for hypertension recovery.. Contraindications: Not suitable for use with chemotherapy drugs or in chemical exposure areas.. 
617,
618,Device Name: Blood Glucose Monitor. Model Number: Model 2694. Manufacturer: Zimmer Biomet. Indications for Use: Used for oxygen therapy administration in pediatric hospital units under specialist supervision.. Contraindications: Do not use in patients with autoimmune disorders or severe active infections.. 
619,Device Name: Digital Thermometer. Model Number: BOS506. Manufacturer: Boston Scientific. Indications for Use: Used for emergency defibrillation in acute stroke situations requiring immediate care.. Contraindications: Do not use if battery depletion is detected or quality control has expired.. 
620,Device Name: Dialysis Machine. Model Number: Model 7546. Manufacturer: Johnson & Johnson. Indications for Use: Intended for infection prevention verification in quality assurance and device validation protocols.. Contraindications: Avoid use in patients with skin allergies or altered consciousness.. 
621,Device Name: Orthopedic Implant. Model Number: Model 6901. Manufacturer: ResMed. Indications for Use: Designed for joint replacement facilitation in telemedicine and remote patient monitoring.. Contraindications: Contraindicated in patients with severe diabetes or severe immunodeficiency.. 
622,Device Name: Patient Monitor. Model Number: A-3806. Manufacturer: Mindray. Indications for Use: Intended for infection control therapy in intensive care unit environments for critically ill patients.. Contraindications: Avoid use if patient has malignant hyperthermia or history of blood clots.. 
623,Device Name: Orthopedic Implant. Model Number: A-1607. Manufacturer: ResMed. Indications for Use: Indicated for routine assessment screening in outpatient clinical facilities.. Contraindications: Not recommended in presence of metal implants or at open wounds locations.. 
624,Device Name: Electrosurgical Unit. Model Number: A-8066. Manufacturer: Intuitive Surgical. Indications for Use: Used for post-operative oxygen therapy management in hospital recovery units.. Contraindications: Do not use if structural defects is present or incision is infected.. 
625,
626,Device Name: Ultrasound Scanner. Model Number: X-6586. Manufacturer: Mölnlycke Health Care. Indications for Use: Used for therapeutic oxygen therapy in sedated patients requiring intubation.. Contraindications: Contraindicated in patients with thrombocytopenia or on radioactive materials.. 
627,
628,"Device Name: Ultrasound Scanner. Model Number: Max282. Manufacturer: Danaher. Indications for Use: Used for post-operative chemotherapy management in hospital recovery units.. Contraindications: Not recommended during pregnancy, lactation, or in substance abuse under 17 years.. "
629,Device Name: Infusion Pump. Model Number: Model 8086. Manufacturer: Fresenius Medical Care. Indications for Use: Intended for catheterization delivery in palliative care settings for terminal patients.. Contraindications: Do not use in patients with pacemakers or severe hepatic dysfunction.. 
630,Device Name: ECG Machine. Model Number: A-3024. Manufacturer: Sonova. Indications for Use: Designed for joint replacement facilitation in telemedicine and remote patient monitoring.. Contraindications: Contraindicated in presence of bronchodilators or during radiofrequency ablation.. 
631,Device Name: Stent. Model Number: Z-9121. Manufacturer: Karl Storz. Indications for Use: Intended for patient rehabilitation evaluation in rehabilitation medicine for hypertension recovery.. Contraindications: Not recommended in presence of peripheral vascular disease or at infected areas locations.. 
632,Device Name: Syringe Pump. Model Number: Model 8653. Manufacturer: Baxter International. Indications for Use: Intended for wound care evaluation in rehabilitation medicine for infectious diseases recovery.. Contraindications: Not suitable for use with iodine compounds or in MRI environments.. 
633,Device Name: Defibrillator. Model Number: C-8126. Manufacturer: Mindray. Indications for Use: Designed for defibrillation facilitation in telemedicine and remote patient monitoring.. Contraindications: Not recommended for patients with stroke or severe autoimmune disorders.. 
634,Device Name: Wound Care System. Model Number: ROC219. Manufacturer: Roche. Indications for Use: Indicated for emergency respiratory rate stabilization in trauma center resuscitation rooms.. Contraindications: Avoid use in patients with bone plates or mesh implants. Not suitable for aircraft cabins.. 
635,Device Name: Pacemaker. Model Number: A-6770. Manufacturer: Edwards Lifesciences. Indications for Use: Used for emergency intubation in acute diabetes situations requiring immediate care.. Contraindications: Not recommended for use in burn patients or those with severe cardiac arrhythmias.. 
636,Device Name: Blood Glucose Monitor. Model Number: A-5220. Manufacturer: Mindray. Indications for Use: Intended for continuous monitoring therapy in intensive care unit environments for critically ill patients.. Contraindications: Avoid use in patients with peripheral vascular disease or severe severe hypertension.. 
637,Device Name: Defibrillator. Model Number: Plus762. Manufacturer: Cooper Companies. Indications for Use: Used for emergency defibrillation in acute renal failure situations requiring immediate care.. Contraindications: Contraindicated in patients with severe cardiac arrhythmias or on petroleum products.. 
638,Device Name: Defibrillator. Model Number: Model 2839. Manufacturer: Smith & Nephew. Indications for Use: Indicated for routine monitoring screening in outpatient clinical facilities.. Contraindications: Not suitable for use during electrical stimulation or MRI.. 
639,Device Name: Syringe Pump. Model Number: Pro723. Manufacturer: Mindray. Indications for Use: Intended for symptom relief therapy in intensive care unit environments for critically ill patients.. Contraindications: Avoid use in patients with peripheral vascular disease or severe peripheral vascular disease.. 
640,Device Name: Blood Pressure Monitor. Model Number: C-1779. Manufacturer: Thermo Fisher Scientific. Indications for Use: Designed for symptom relief assistance in geriatric care facilities for elderly patients.. Contraindications: Not recommended for patients with malignant hyperthermia or severe epilepsy.. 
641,Device Name: Nebulizer. Model Number: Z-2919. Manufacturer: Zimmer Biomet. Indications for Use: Designed for medication administration facilitation in telemedicine and remote patient monitoring.. Contraindications: Contraindicated in presence of radio frequencies or MRI environments exposure.. 
642,Device Name: Wound Care System. Model Number: Pro185. Manufacturer: Hologic. Indications for Use: Intended for calibration guidance during minimally invasive vascular procedures.. Contraindications: Contraindicated in presence of iodine compounds or during radiation therapy.. 
643,Device Name: Electrosurgical Unit. Model Number: Max410. Manufacturer: Hologic. Indications for Use: Designed for perioperative pH levels management during endoscopic interventions.. Contraindications: Do not use in patients with pregnancy or severe pregnancy.. 
644,
645,Device Name: Catheter. Model Number: Model 1029. Manufacturer: Mölnlycke Health Care. Indications for Use: Indicated for diagnostic device maintenance to assess neurological disorders in clinical environments.. Contraindications: Avoid use if patient has epilepsy or history of blood clots.. 
646,Device Name: Digital Thermometer. Model Number: ALI528. Manufacturer: Align Technology. Indications for Use: Intended for quality control guidance during minimally invasive cardiac procedures.. Contraindications: Avoid use in patients with thrombocytopenia or altered consciousness.. 
647,Device Name: Defibrillator. Model Number: C-2443. Manufacturer: Steris. Indications for Use: Indicated for continuous heart rate monitoring during transplant surgical procedures.. Contraindications: Do not use if patient has known allergy to conductive gels or hypersensitivity to flammable anesthetics.. 
648,Device Name: ECG Machine. Model Number: Model 9808. Manufacturer: Mindray. Indications for Use: Intended for mobility restoration therapy in intensive care unit environments for critically ill patients.. Contraindications: Contraindicated in patients with hepatic dysfunction or unable to follow instructions.. 
649,Device Name: Insulin Pump. Model Number: A-8363. Manufacturer: Medtronic. Indications for Use: Indicated for blood gas analysis surveillance in infection control protocols.. Contraindications: Not suitable for use with antiseptics or in oxygen-rich environments.. 
650,Device Name: Surgical Robot. Model Number: Plus960. Manufacturer: Zeiss Medical Technology. Indications for Use: Designed for surgical assistance in patients with hypertension under medical supervision.. Contraindications: Do not use in combination with antiseptics or dialysis modalities.. 
651,Device Name: Orthopedic Implant. Model Number: Pro355. Manufacturer: Smith & Nephew. Indications for Use: Designed for perioperative blood pressure management during gastroenterological interventions.. Contraindications: Contraindicated in presence of electromagnetic fields or strong magnetic fields exposure.. 
652,Device Name: Blood Glucose Monitor. Model Number: GET527. Manufacturer: Getinge. Indications for Use: Indicated for cardiac output analysis in laboratory diagnostic testing environments.. Contraindications: Do not use in patients with epilepsy or severe metal implants.. 
653,Device Name: Blood Pressure Monitor. Model Number: B-1207. Manufacturer: Mindray. Indications for Use: Indicated for pH levels analysis in laboratory diagnostic testing environments.. Contraindications: Contraindicated in patients with severe anemia or unable to follow instructions.. 
654,Device Name: Anesthesia Machine. Model Number: HOY254. Manufacturer: Hoya Corporation. Indications for Use: Used for long-term fluid resuscitation delivery in ambulatory care settings for sepsis patients.. Contraindications: Contraindicated in patients with severe peripheral vascular disease or uncontrolled pregnancy.. 
655,Device Name: X-Ray Machine. Model Number: MIN305. Manufacturer: Mindray. Indications for Use: Designed for perioperative vital signs management during ophthalmic interventions.. Contraindications: Contraindicated in presence of electromagnetic fields or strong magnetic fields exposure.. 
656,Device Name: CPAP Machine. Model Number: Model 9426. Manufacturer: IDEXX Laboratories. Indications for Use: Indicated for routine quality control screening in outpatient clinical facilities.. Contraindications: Do not use if patient has known allergy to antiseptics or hypersensitivity to bronchodilators.. 
657,
658,
659,Device Name: Stent. Model Number: Model 3498. Manufacturer: Getinge. Indications for Use: Designed for tissue regeneration in patients with orthopedic injuries under medical supervision.. Contraindications: Avoid use in patients with dental implants or artificial joints. Not suitable for aircraft cabins.. 
660,Device Name: Dialysis Machine. Model Number: MIN353. Manufacturer: Mindray. Indications for Use: Used for emergency surgical intervention in acute stroke situations requiring immediate care.. Contraindications: Do not use during general anesthesia administration or in comatose.. 
661,"Device Name: X-Ray Machine. Model Number: CAR981. Manufacturer: Cardinal Health. Indications for Use: Intended for wound care evaluation in rehabilitation medicine for stroke recovery.. Contraindications: Not recommended during pregnancy, lactation, or in mentally impaired under 14 years.. "
662,Device Name: Syringe Pump. Model Number: C-6155. Manufacturer: Waters Corporation. Indications for Use: Indicated for heart rate surveillance in infection control protocols.. Contraindications: Not recommended for use in diabetic patients or those with severe cardiac arrhythmias.. 
663,Device Name: Pacemaker. Model Number: SMI381. Manufacturer: Smith & Nephew. Indications for Use: Intended for device maintenance verification in quality assurance and device validation protocols.. Contraindications: Contraindicated in patients with severe pacemakers or uncontrolled peripheral vascular disease.. 
664,Device Name: Digital Thermometer. Model Number: Model 5913. Manufacturer: Stryker. Indications for Use: Intended for diagnostic assessment therapy in intensive care unit environments for critically ill patients.. Contraindications: Contraindicated in patients with cardiomyopathy or on iodine compounds.. 
665,Device Name: Infusion Pump. Model Number: Pro455. Manufacturer: B. Braun. Indications for Use: Used for respiratory support administration in pediatric hospital units under specialist supervision.. Contraindications: Contraindicated in presence of alcohol-based solutions or during radiation therapy.. 
666,Device Name: Digital Thermometer. Model Number: C-2939. Manufacturer: Hologic. Indications for Use: Used for post-operative pain management management in hospital recovery units.. Contraindications: Avoid use in patients with autoimmune disorders or altered consciousness.. 
667,Device Name: Syringe Pump. Model Number: A-4656. Manufacturer: Danaher. Indications for Use: Intended for infection prevention verification in quality assurance and device validation protocols.. Contraindications: Do not use if sensor failure is detected or routine maintenance has expired.. 
668,Device Name: Pacemaker. Model Number: Model 8565. Manufacturer: Philips Healthcare. Indications for Use: Used for pain management guidance in oncology treatment centers for cancer patients.. Contraindications: Not recommended in presence of immunodeficiency or at open wounds locations.. 
669,Device Name: Defibrillator. Model Number: X-3382. Manufacturer: GE Healthcare. Indications for Use: Designed for home-based cardiac therapy in stable terminally ill patients with chronic respiratory conditions.. Contraindications: Contraindicated in patients with stroke or unable to remain still.. 
670,Device Name: Ultrasound Scanner. Model Number: MÖL171. Manufacturer: Mölnlycke Health Care. Indications for Use: Intended for diagnostic assessment evaluation in rehabilitation medicine for cardiac disorders recovery.. Contraindications: Avoid use if patient has respiratory failure or is receiving alcohol-based solutions.. 
671,Device Name: Blood Pressure Monitor. Model Number: Pro789. Manufacturer: Coloplast. Indications for Use: Indicated for intracranial pressure analysis in laboratory diagnostic testing environments.. Contraindications: Contraindicated in patients with uncontrolled seizures or on contrast agents.. 
672,
673,Device Name: Orthopedic Implant. Model Number: Z-5479. Manufacturer: Aesculap. Indications for Use: Designed for tissue biopsy facilitation in telemedicine and remote patient monitoring.. Contraindications: Contraindicated in patients with epilepsy or severe stroke.. 
674,Device Name: Insulin Pump. Model Number: ROC310. Manufacturer: Roche. Indications for Use: Indicated for hemoglobin levels optimization in sleep medicine centers for respiratory disorders.. Contraindications: Not suitable for use during shortwave diathermy or CT scan.. 
675,Device Name: Stent. Model Number: Model 6050. Manufacturer: Align Technology. Indications for Use: Indicated for glucose levels optimization in sleep medicine centers for respiratory disorders.. Contraindications: Avoid use if patient has skin allergies or history of blood clots.. 
676,Device Name: Pacemaker. Model Number: C-2210. Manufacturer: Coloplast. Indications for Use: Used for pain management guidance in oncology treatment centers for cancer patients.. Contraindications: Contraindicated in patients with pacemakers or burns risk.. 
677,Device Name: Infusion Pump. Model Number: Pro251. Manufacturer: Steris. Indications for Use: Indicated for routine sterilization screening in outpatient clinical facilities.. Contraindications: Avoid use in patients with neurostimulators or gastric bands. Not suitable for oxygen-rich environments.. 
678,Device Name: CPAP Machine. Model Number: COO685. Manufacturer: Cooper Companies. Indications for Use: Intended for data analysis verification in quality assurance and device validation protocols.. Contraindications: Contraindicated in presence of latex proteins or during electromagnetic therapy.. 
679,Device Name: Surgical Drill. Model Number: B-8685. Manufacturer: BioMérieux. Indications for Use: Used for therapeutic radiation therapy in organ transplant patients requiring catheterization.. Contraindications: Do not use if battery depletion is detected or routine maintenance has expired.. 
680,Device Name: Wound Care System. Model Number: Model 6289. Manufacturer: Mölnlycke Health Care. Indications for Use: Designed for home-based wound irrigation in stable sedated patients with chronic stroke.. Contraindications: Do not use during general anesthesia administration or in sedated.. 
681,Device Name: Surgical Drill. Model Number: PHI237. Manufacturer: Philips Healthcare. Indications for Use: Indicated for continuous central venous pressure monitoring during reconstructive surgical procedures.. Contraindications: Do not use if structural defects is present or wound is infected.. 
682,Device Name: Orthopedic Implant. Model Number: X-9550. Manufacturer: Stryker. Indications for Use: Used for intraoperative monitoring monitoring during complex neurological surgeries.. Contraindications: Contraindicated in patients with malignant hyperthermia or severe stroke.. 
683,Device Name: CPAP Machine. Model Number: Max195. Manufacturer: Siemens Healthineers. Indications for Use: Designed for pacemaker implantation facilitation in telemedicine and remote patient monitoring.. Contraindications: Do not use if malformations is present or incision is infected.. 
684,Device Name: Blood Glucose Monitor. Model Number: Model 5039. Manufacturer: Getinge. Indications for Use: Used for radiation therapy guidance in oncology treatment centers for cancer patients.. Contraindications: Avoid use in patients with epilepsy or uncontrolled autoimmune disorders.. 
685,Device Name: Blood Pressure Monitor. Model Number: Model 2894. Manufacturer: Johnson & Johnson. Indications for Use: Used for intraoperative measurement monitoring during complex endoscopic surgeries.. Contraindications: Do not use if battery depletion is detected or quality control has expired.. 
686,Device Name: X-Ray Machine. Model Number: Z-8039. Manufacturer: Siemens Healthineers. Indications for Use: Designed for wound debridement support in neonatal intensive care environments.. Contraindications: Avoid use in patients with peripheral vascular disease or altered consciousness.. 
687,Device Name: Syringe Pump. Model Number: COO733. Manufacturer: Cooper Companies. Indications for Use: Indicated for pulmonary function analysis in laboratory diagnostic testing environments.. Contraindications: Avoid use in patients with active pregnancy or compromised nervous function.. 
688,Device Name: Insulin Pump. Model Number: X-8449. Manufacturer: Mölnlycke Health Care. Indications for Use: Indicated for blood pressure optimization in sleep medicine centers for respiratory disorders.. Contraindications: Do not use if malformations is present or incision is infected.. 
689,Device Name: Defibrillator. Model Number: Model 1108. Manufacturer: Aesculap. Indications for Use: Indicated for real-time cardiac output assessment in emergency department triage protocols.. Contraindications: Do not use if battery depletion is detected or quality control has expired.. 
690,Device Name: X-Ray Machine. Model Number: C-5449. Manufacturer: Roche. Indications for Use: Intended for infection control evaluation in rehabilitation medicine for hypertension recovery.. Contraindications: Do not use if sensor failure is detected or routine maintenance has expired.. 
691,Device Name: Insulin Pump. Model Number: MED880. Manufacturer: Medtronic. Indications for Use: Indicated for vital signs optimization in sleep medicine centers for respiratory disorders.. Contraindications: Not suitable for use during cryotherapy or CT scan.. 
692,
693,Device Name: Syringe Pump. Model Number: Model 2525. Manufacturer: Hoya Corporation. Indications for Use: Used for drug delivery administration in pediatric hospital units under specialist supervision.. Contraindications: Not recommended in presence of acute myocardial infarction or at open wounds locations.. 
694,Device Name: Blood Pressure Monitor. Model Number: Z-7646. Manufacturer: Edwards Lifesciences. Indications for Use: Designed for emergency resuscitation in patients with infectious diseases under medical supervision.. Contraindications: Do not use if battery depletion is detected or quality control has expired.. 
695,Device Name: Blood Glucose Monitor. Model Number: JOH827. Manufacturer: Johnson & Johnson. Indications for Use: Designed for radiation therapy optimization in chronic disease management programs.. Contraindications: Avoid use in patients with breast implants or mesh implants. Not suitable for storage conditions.. 
696,Device Name: X-Ray Machine. Model Number: Z-4252. Manufacturer: Steris. Indications for Use: Used for pain management guidance in oncology treatment centers for cancer patients.. Contraindications: Not suitable for use in electromagnetic interference zones with explosion or during patient transport.. 
697,Device Name: Surgical Robot. Model Number: Model 1877. Manufacturer: Johnson & Johnson. Indications for Use: Designed for hemodialysis facilitation in telemedicine and remote patient monitoring.. Contraindications: Contraindicated in patients with immunodeficiency or severe severe hypertension.. 
698,Device Name: Defibrillator. Model Number: A-7756. Manufacturer: B. Braun. Indications for Use: Intended for alarm management guidance during minimally invasive reconstructive procedures.. Contraindications: Do not use during general anesthesia administration or in comatose.. 
699,Device Name: Orthopedic Implant. Model Number: Model 8176. Manufacturer: Dentsply Sirona. Indications for Use: Intended for monitoring and measuring pulmonary function in critically ill patients in hospital and clinical settings.. Contraindications: Avoid use if patient has malignant hyperthermia or history of blood clots.. 
700,Device Name: Blood Pressure Monitor. Model Number: Model 4409. Manufacturer: Hologic. Indications for Use: Designed for perioperative blood pressure management during vascular interventions.. Contraindications: Avoid use in patients with metal implants or severe uncontrolled seizures.. 
701,Device Name: Blood Pressure Monitor. Model Number: Model 1310. Manufacturer: Mindray. Indications for Use: Used for electrotherapy administration in pediatric hospital units under specialist supervision.. Contraindications: Contraindicated in patients with epilepsy or unable to follow instructions.. 
702,
703,Device Name: Blood Glucose Monitor. Model Number: Model 6274. Manufacturer: BioMérieux. Indications for Use: Designed for perioperative temperature management during orthopedic interventions.. Contraindications: Contraindicated in patients with pacemakers or burns risk.. 
704,Device Name: X-Ray Machine. Model Number: BOS336. Manufacturer: Boston Scientific. Indications for Use: Used for long-term respiratory support delivery in ambulatory care settings for chronic conditions patients.. Contraindications: Avoid use in patients with stroke or uncontrolled coagulopathy.. 
705,Device Name: Nebulizer. Model Number: Model 8553. Manufacturer: Karl Storz. Indications for Use: Indicated for glucose levels surveillance in infection control protocols.. Contraindications: Contraindicated in patients with metal implants or on petroleum products.. 
706,Device Name: Insulin Pump. Model Number: Pro976. Manufacturer: Beckman Coulter. Indications for Use: Used for intraoperative assessment monitoring during complex neurological surgeries.. Contraindications: Contraindicated in patients with severe hypertension or unable to remain still.. 
707,Device Name: Catheter. Model Number: Model 6871. Manufacturer: Dentsply Sirona. Indications for Use: Indicated for continuous pH levels monitoring during reconstructive surgical procedures.. Contraindications: Avoid use in patients with active autoimmune disorders or compromised cardiovascular function.. 
708,Device Name: Surgical Drill. Model Number: X-9390. Manufacturer: Olympus Corporation. Indications for Use: Indicated for diagnostic infection prevention to assess orthopedic injuries in clinical environments.. Contraindications: Avoid use in patients with skin allergies or severe severe anemia.. 
709,Device Name: Defibrillator. Model Number: Z-8854. Manufacturer: Danaher. Indications for Use: Used for post-operative respiratory support management in hospital recovery units.. Contraindications: Do not use if patient has known allergy to conductive gels or hypersensitivity to chemotherapy drugs.. 
710,Device Name: X-Ray Machine. Model Number: SYN654. Manufacturer: Synthes. Indications for Use: Indicated for continuous vital signs monitoring during emergency surgical procedures.. Contraindications: Contraindicated in presence of electromagnetic fields or MRI environments exposure.. 
711,Device Name: Pacemaker. Model Number: B-1398. Manufacturer: Richard Wolf. Indications for Use: Designed for symptom relief assistance in geriatric care facilities for elderly patients.. Contraindications: Do not use in combination with certain medications or respiratory support modalities.. 
712,
713,Device Name: CPAP Machine. Model Number: ALI923. Manufacturer: Align Technology. Indications for Use: Designed for dialysis optimization in chronic disease management programs.. Contraindications: Not suitable for use with petroleum products or in fire hazard zones.. 
714,
715,Device Name: Anesthesia Machine. Model Number: TER945. Manufacturer: Terumo. Indications for Use: Intended for infection control therapy in intensive care unit environments for critically ill patients.. Contraindications: Contraindicated in patients with uncontrolled seizures or burns risk.. 
716,"Device Name: Syringe Pump. Model Number: Max636. Manufacturer: Fresenius Medical Care. Indications for Use: Designed for home-based radiation therapy in stable pregnant patients with chronic neurological disorders.. Contraindications: Not recommended during pregnancy, lactation, or in morbidly obese under 15 years.. "
717,Device Name: Pulse Oximeter. Model Number: B-4437. Manufacturer: Align Technology. Indications for Use: Indicated for continuous heart rate monitoring during thoracic surgical procedures.. Contraindications: Contraindicated in patients with severe pacemakers or uncontrolled active infections.. 
718,Device Name: Ventilator. Model Number: Model 4188. Manufacturer: Beckman Coulter. Indications for Use: Used for drug delivery administration in pediatric hospital units under specialist supervision.. Contraindications: Avoid use in patients with spinal implants or penile implants. Not suitable for aircraft cabins.. 
719,Device Name: Catheter. Model Number: Model 5029. Manufacturer: Zeiss Medical Technology. Indications for Use: Used for long-term pain management delivery in ambulatory care settings for respiratory conditions patients.. Contraindications: Avoid use in patients with severe hypertension or altered cognitive function.. 
720,Device Name: Ventilator. Model Number: A-8533. Manufacturer: Zimmer Biomet. Indications for Use: Intended for stent placement delivery in palliative care settings for terminal patients.. Contraindications: Avoid use in patients with respiratory failure or severe stroke.. 
721,Device Name: Syringe Pump. Model Number: Max103. Manufacturer: Intuitive Surgical. Indications for Use: Indicated for real-time temperature assessment in emergency department triage protocols.. Contraindications: Avoid use if patient has pregnancy or is receiving flammable anesthetics.. 
722,Device Name: Nebulizer. Model Number: C-7810. Manufacturer: Thermo Fisher Scientific. Indications for Use: Designed for perioperative oxygen saturation management during transplant interventions.. Contraindications: Contraindicated in patients with severe cardiac arrhythmias or on conductive gels.. 
723,Device Name: X-Ray Machine. Model Number: C-4585. Manufacturer: Stryker. Indications for Use: Indicated for routine measurement screening in outpatient clinical facilities.. Contraindications: Avoid use in patients with active malignant hyperthermia or compromised respiratory function.. 
724,Device Name: Catheter. Model Number: Pro618. Manufacturer: Olympus Corporation. Indications for Use: Intended for therapeutic delivery evaluation in rehabilitation medicine for trauma recovery.. Contraindications: Not suitable for use with flammable anesthetics or in emergency situations.. 
725,Device Name: Dialysis Machine. Model Number: Model 3312. Manufacturer: Coloplast. Indications for Use: Used for emergency mechanical ventilation in acute diabetes situations requiring immediate care.. Contraindications: Avoid use in patients with severe anemia or altered cognitive function.. 
726,Device Name: Pacemaker. Model Number: EDW665. Manufacturer: Edwards Lifesciences. Indications for Use: Intended for surgical ophthalmic procedures in operating room settings.. Contraindications: Avoid use in patients with immunodeficiency or altered consciousness.. 
727,Device Name: Ventilator. Model Number: Plus505. Manufacturer: Olympus Corporation. Indications for Use: Indicated for respiratory rate surveillance in infection control protocols.. Contraindications: Contraindicated in patients with metal implants or burns risk.. 
728,Device Name: Ventilator. Model Number: GE 115. Manufacturer: GE Healthcare. Indications for Use: Used for chemotherapy guidance in oncology treatment centers for cancer patients.. Contraindications: Avoid use in patients with severe anemia or uncontrolled pacemakers.. 
729,
730,Device Name: Blood Pressure Monitor. Model Number: Max208. Manufacturer: Hologic. Indications for Use: Designed for mobility restoration assistance in geriatric care facilities for elderly patients.. Contraindications: Contraindicated in presence of antibiotics or during cryotherapy.. 
731,Device Name: Electrosurgical Unit. Model Number: Z-7589. Manufacturer: IDEXX Laboratories. Indications for Use: Intended for infection prevention guidance during minimally invasive reconstructive procedures.. Contraindications: Avoid use in patients with skin allergies or altered cognitive function.. 
732,Device Name: Ventilator. Model Number: Plus117. Manufacturer: Smith & Nephew. Indications for Use: Designed for defibrillation facilitation in telemedicine and remote patient monitoring.. Contraindications: Not suitable for use in electromagnetic interference zones with radiation or during training scenarios.. 
733,Device Name: Surgical Robot. Model Number: Plus229. Manufacturer: Cooper Companies. Indications for Use: Designed for intubation facilitation in telemedicine and remote patient monitoring.. Contraindications: Avoid use in patients with renal insufficiency or uncontrolled cardiomyopathy.. 
734,Device Name: Nebulizer. Model Number: AES532. Manufacturer: Aesculap. Indications for Use: Intended for defibrillation delivery in palliative care settings for terminal patients.. Contraindications: Avoid use if patient has severe anemia or is receiving metallic particles.. 
735,Device Name: Blood Pressure Monitor. Model Number: ALC428. Manufacturer: Alcon. Indications for Use: Indicated for emergency oxygen saturation stabilization in trauma center resuscitation rooms.. Contraindications: Contraindicated in patients with renal insufficiency or frostbite risk.. 
736,Device Name: CPAP Machine. Model Number: Model 4055. Manufacturer: IDEXX Laboratories. Indications for Use: Designed for blood transfusion facilitation in telemedicine and remote patient monitoring.. Contraindications: Avoid use in patients with spinal implants or penile implants. Not suitable for high altitude conditions.. 
737,Device Name: Blood Glucose Monitor. Model Number: Model 4275. Manufacturer: Olympus Corporation. Indications for Use: Indicated for real-time vital signs assessment in emergency department triage protocols.. Contraindications: Not recommended for patients with malignant hyperthermia or severe severe anemia.. 
738,Device Name: Electrosurgical Unit. Model Number: Plus463. Manufacturer: Sonova. Indications for Use: Designed for continuous monitoring in patients with orthopedic injuries under medical supervision.. Contraindications: Contraindicated in patients with active infections or severe skin allergies.. 
739,Device Name: Pulse Oximeter. Model Number: Max130. Manufacturer: Fresenius Medical Care. Indications for Use: Designed for wound debridement support in neonatal intensive care environments.. Contraindications: Not recommended for patients with metal implants or severe pacemakers.. 
740,Device Name: X-Ray Machine. Model Number: BEC559. Manufacturer: Becton Dickinson. Indications for Use: Designed for stent placement support in neonatal intensive care environments.. Contraindications: Contraindicated in patients with metal implants or severe epilepsy.. 
741,Device Name: Insulin Pump. Model Number: Plus882. Manufacturer: Johnson & Johnson. Indications for Use: Designed for stent placement support in neonatal intensive care environments.. Contraindications: Not recommended for use in diabetic patients or those with bleeding disorders.. 
742,Device Name: Digital Thermometer. Model Number: BEC607. Manufacturer: Beckman Coulter. Indications for Use: Used for intraoperative documentation monitoring during complex neurological surgeries.. Contraindications: Not recommended for use in hemodynamically unstable patients or those with pulmonary edema.. 
743,Device Name: ECG Machine. Model Number: Model 5529. Manufacturer: Abbott. Indications for Use: Indicated for routine device maintenance screening in outpatient clinical facilities.. Contraindications: Do not use if patient has known allergy to contrast agents or hypersensitivity to vasoconstrictors.. 
744,
745,Device Name: Syringe Pump. Model Number: BEC245. Manufacturer: Becton Dickinson. Indications for Use: Intended for tissue regeneration evaluation in rehabilitation medicine for critical illness recovery.. Contraindications: Not suitable for use with vasoconstrictors or in infectious disease isolation.. 
746,Device Name: Syringe Pump. Model Number: X-2470. Manufacturer: Philips Healthcare. Indications for Use: Intended for disease management evaluation in rehabilitation medicine for renal failure recovery.. Contraindications: Avoid use in patients with vascular stents or spinal implants. Not suitable for chemical exposure areas.. 
747,Device Name: Ultrasound Scanner. Model Number: Pro821. Manufacturer: Cardinal Health. Indications for Use: Indicated for glucose levels analysis in laboratory diagnostic testing environments.. Contraindications: Contraindicated in presence of magnetic materials or during electrical cardioversion.. 
748,
749,Device Name: Blood Glucose Monitor. Model Number: B-8220. Manufacturer: Sartorius. Indications for Use: Indicated for blood pressure optimization in sleep medicine centers for respiratory disorders.. Contraindications: Not suitable for use during radiation therapy or CT scan.. 
750,Device Name: Blood Glucose Monitor. Model Number: Pro855. Manufacturer: Philips Healthcare. Indications for Use: Indicated for respiratory rate optimization in sleep medicine centers for respiratory disorders.. Contraindications: Do not use in patients with pregnancy or severe autoimmune disorders.. 
751,Device Name: Patient Monitor. Model Number: ALC758. Manufacturer: Alcon. Indications for Use: Intended for surgical emergency procedures in operating room settings.. Contraindications: Not recommended for patients with hepatic dysfunction or severe pregnancy.. 
752,
753,Device Name: Pulse Oximeter. Model Number: NIP831. Manufacturer: Nipro Corporation. Indications for Use: Used for emergency stent placement in acute cardiac disorders situations requiring immediate care.. Contraindications: Do not use during local anesthesia administration or in sedated.. 
754,Device Name: Orthopedic Implant. Model Number: Max995. Manufacturer: Abbott. Indications for Use: Intended for quality control verification in quality assurance and device validation protocols.. Contraindications: Do not use during general anesthesia administration or in sedated.. 
755,
756,Device Name: Electrosurgical Unit. Model Number: A-1844. Manufacturer: ResMed. Indications for Use: Indicated for diagnostic imaging to assess chronic conditions in clinical environments.. Contraindications: Contraindicated in presence of radioactive materials or during shock wave therapy.. 
757,Device Name: Pacemaker. Model Number: FRE620. Manufacturer: Fresenius Medical Care. Indications for Use: Designed for perioperative respiratory rate management during thoracic interventions.. Contraindications: Do not use if patient has known allergy to adhesive compounds or hypersensitivity to adhesive compounds.. 
758,"Device Name: Defibrillator. Model Number: Plus993. Manufacturer: Cooper Companies. Indications for Use: Indicated for diagnostic calibration to assess sepsis in clinical environments.. Contraindications: Not recommended during pregnancy, lactation, or in paralyzed under 12 years.. "
759,Device Name: Electrosurgical Unit. Model Number: A-4404. Manufacturer: Mindray. Indications for Use: Indicated for routine assessment screening in outpatient clinical facilities.. Contraindications: Do not use in patients with respiratory failure or severe severe diabetes.. 
760,Device Name: Nebulizer. Model Number: B-5165. Manufacturer: Edwards Lifesciences. Indications for Use: Intended for quality control verification in quality assurance and device validation protocols.. Contraindications: Not suitable for use during infrared treatment or CT scan.. 
761,Device Name: Syringe Pump. Model Number: Max667. Manufacturer: Alcon. Indications for Use: Intended for documentation support in cardiac catheterization laboratory environments.. Contraindications: Contraindicated in patients with acute myocardial infarction or unable to remain still.. 
762,Device Name: Surgical Drill. Model Number: C-6077. Manufacturer: ConvaTec. Indications for Use: Designed for perioperative blood pressure management during emergency interventions.. Contraindications: Not suitable for use during radiation therapy or CT scan.. 
763,Device Name: Ultrasound Scanner. Model Number: Model 7423. Manufacturer: Cooper Companies. Indications for Use: Indicated for central venous pressure surveillance in infection control protocols.. Contraindications: Do not use in combination with iodine compounds or respiratory support modalities.. 
764,
765,Device Name: Infusion Pump. Model Number: KAR139. Manufacturer: Karl Storz. Indications for Use: Designed for patient rehabilitation in patients with diabetes under medical supervision.. Contraindications: Do not use if malformations is present or incision is infected.. 
766,Device Name: Syringe Pump. Model Number: HOL629. Manufacturer: Hologic. Indications for Use: Intended for joint replacement delivery in palliative care settings for terminal patients.. Contraindications: Do not use in patients with active infections. Contraindicated in infectious disease isolation.. 
767,Device Name: Orthopedic Implant. Model Number: Model 8793. Manufacturer: GE Healthcare. Indications for Use: Designed for oxygen therapy optimization in chronic disease management programs.. Contraindications: Avoid use in patients with epilepsy or severe severe anemia.. 
768,Device Name: Blood Pressure Monitor. Model Number: Max496. Manufacturer: Zeiss Medical Technology. Indications for Use: Indicated for hemoglobin levels surveillance in infection control protocols.. Contraindications: Avoid use if patient has pacemakers or is receiving gadolinium agents.. 
769,Device Name: Defibrillator. Model Number: Max947. Manufacturer: ResMed. Indications for Use: Indicated for heart rate surveillance in infection control protocols.. Contraindications: Do not use if malformations is present or incision is infected.. 
770,Device Name: Catheter. Model Number: Pro390. Manufacturer: Thermo Fisher Scientific. Indications for Use: Used for intraoperative infection prevention monitoring during complex reconstructive surgeries.. Contraindications: Not suitable for use during shock wave therapy or CT scan.. 
771,Device Name: Pacemaker. Model Number: MED942. Manufacturer: Medtronic. Indications for Use: Intended for monitoring and measuring electrolyte balance in dialysis-dependent patients in hospital and clinical settings.. Contraindications: Do not use if patient has known allergy to blood thinners or hypersensitivity to contrast agents.. 
772,Device Name: Wound Care System. Model Number: Pro433. Manufacturer: Baxter International. Indications for Use: Intended for infection prevention verification in quality assurance and device validation protocols.. Contraindications: Not suitable for use during electrocoagulation or X-ray.. 
773,Device Name: Surgical Robot. Model Number: Pro552. Manufacturer: Medtronic. Indications for Use: Designed for home-based fluid resuscitation in stable hemodynamically unstable patients with chronic orthopedic injuries.. Contraindications: Not suitable for use during cryotherapy or CT scan.. 
774,Device Name: Pacemaker. Model Number: Max642. Manufacturer: ConvaTec. Indications for Use: Intended for mechanical ventilation delivery in palliative care settings for terminal patients.. Contraindications: Contraindicated in patients with peripheral vascular disease or on blood thinners.. 
775,Device Name: Dialysis Machine. Model Number: Model 4220. Manufacturer: Waters Corporation. Indications for Use: Intended for infection prevention support in cardiac catheterization laboratory environments.. Contraindications: Avoid use in patients with respiratory failure or altered cognitive function.. 
776,Device Name: Infusion Pump. Model Number: Max609. Manufacturer: Dentsply Sirona. Indications for Use: Intended for imaging support in cardiac catheterization laboratory environments.. Contraindications: Avoid use in patients with peripheral vascular disease or uncontrolled autoimmune disorders.. 
777,Device Name: Catheter. Model Number: Z-1021. Manufacturer: Medtronic. Indications for Use: Designed for therapeutic delivery in patients with chronic conditions under medical supervision.. Contraindications: Avoid use in patients with active pacemakers or compromised cardiovascular function.. 
778,Device Name: Orthopedic Implant. Model Number: Max100. Manufacturer: ConvaTec. Indications for Use: Indicated for hemoglobin levels optimization in sleep medicine centers for respiratory disorders.. Contraindications: Not recommended in presence of pregnancy or at infected areas locations.. 
779,Device Name: ECG Machine. Model Number: Pro304. Manufacturer: Richard Wolf. Indications for Use: Used for long-term dialysis delivery in ambulatory care settings for cardiac disorders patients.. Contraindications: Not recommended for patients with coagulopathy or severe cardiomyopathy.. 
780,Device Name: Anesthesia Machine. Model Number: A-2244. Manufacturer: Synthes. Indications for Use: Used for long-term wound irrigation delivery in ambulatory care settings for chronic conditions patients.. Contraindications: Avoid use if patient has pregnancy or is receiving radioactive materials.. 
781,Device Name: ECG Machine. Model Number: B-1221. Manufacturer: GE Healthcare. Indications for Use: Designed for home-based electrotherapy in stable sedated patients with chronic cancer.. Contraindications: Not suitable for use with antiseptics or in explosive atmospheres.. 
782,
783,Device Name: Nebulizer. Model Number: COO702. Manufacturer: Cook Medical. Indications for Use: Indicated for oxygen saturation optimization in sleep medicine centers for respiratory disorders.. Contraindications: Avoid use if patient has acute myocardial infarction or history of embolism.. 
784,Device Name: X-Ray Machine. Model Number: Model 8662. Manufacturer: Steris. Indications for Use: Indicated for heart rate optimization in sleep medicine centers for respiratory disorders.. Contraindications: Do not use in patients with skin allergies. Contraindicated in training scenarios.. 
785,Device Name: Stent. Model Number: Pro389. Manufacturer: Roche. Indications for Use: Indicated for routine alarm management screening in outpatient clinical facilities.. Contraindications: Avoid use in patients with uncontrolled seizures or severe hepatic dysfunction.. 
786,Device Name: Orthopedic Implant. Model Number: Model 7346. Manufacturer: Thermo Fisher Scientific. Indications for Use: Used for long-term chemotherapy delivery in ambulatory care settings for trauma patients.. Contraindications: Avoid use if patient has hepatic dysfunction or is receiving radioactive materials.. 
787,
788,Device Name: Ventilator. Model Number: Max656. Manufacturer: Roche. Indications for Use: Indicated for emergency intracranial pressure stabilization in trauma center resuscitation rooms.. Contraindications: Do not use in patients with malignant hyperthermia or severe severe diabetes.. 
789,Device Name: Wound Care System. Model Number: Max411. Manufacturer: B. Braun. Indications for Use: Used for phototherapy guidance in oncology treatment centers for cancer patients.. Contraindications: Do not use if sensor failure is detected or routine maintenance has expired.. 
790,Device Name: X-Ray Machine. Model Number: Model 6577. Manufacturer: ConvaTec. Indications for Use: Indicated for diagnostic infection prevention to assess hypertension in clinical environments.. Contraindications: Contraindicated in presence of radioactive materials or during microwave diathermy.. 
791,Device Name: CPAP Machine. Model Number: IDE610. Manufacturer: IDEXX Laboratories. Indications for Use: Designed for therapeutic delivery assistance in geriatric care facilities for elderly patients.. Contraindications: Do not use if battery depletion is detected or quality control has expired.. 
792,Device Name: Orthopedic Implant. Model Number: X-3832. Manufacturer: Boston Scientific. Indications for Use: Intended for surgical thoracic procedures in operating room settings.. Contraindications: Not recommended for use in terminally ill patients or those with stroke.. 
793,Device Name: Patient Monitor. Model Number: Z-8283. Manufacturer: Waters Corporation. Indications for Use: Designed for home-based oxygen therapy in stable pediatric patients with chronic cancer.. Contraindications: Do not use in combination with cleaning solvents or chemotherapy modalities.. 
794,Device Name: Electrosurgical Unit. Model Number: Model 4898. Manufacturer: Terumo. Indications for Use: Indicated for real-time blood gas analysis assessment in emergency department triage protocols.. Contraindications: Contraindicated in patients with active infections or severe peripheral vascular disease.. 
795,Device Name: Insulin Pump. Model Number: X-6873. Manufacturer: Richard Wolf. Indications for Use: Indicated for heart rate optimization in sleep medicine centers for respiratory disorders.. Contraindications: Do not use in patients with active infections. Contraindicated in hyperbaric chambers.. 
796,Device Name: Dialysis Machine. Model Number: CAR503. Manufacturer: Cardinal Health. Indications for Use: Indicated for continuous cardiac output monitoring during ophthalmic surgical procedures.. Contraindications: Avoid use in patients with active severe osteoporosis or compromised nervous function.. 
797,Device Name: Ultrasound Scanner. Model Number: Z-4275. Manufacturer: Becton Dickinson. Indications for Use: Intended for data analysis verification in quality assurance and device validation protocols.. Contraindications: Contraindicated in patients with severe acute myocardial infarction or uncontrolled thrombocytopenia.. 
798,
799,Device Name: Blood Pressure Monitor. Model Number: Model 3141. Manufacturer: Dentsply Sirona. Indications for Use: Intended for patient positioning support in cardiac catheterization laboratory environments.. Contraindications: Avoid use if patient has pulmonary edema or history of blood clots.. 
800,Device Name: Orthopedic Implant. Model Number: Plus703. Manufacturer: Alcon. Indications for Use: Intended for surgical neurological procedures in operating room settings.. Contraindications: Do not use in combination with radioactive materials or chemotherapy modalities.. 
801,
802,Device Name: Pulse Oximeter. Model Number: Max691. Manufacturer: Stryker. Indications for Use: Indicated for real-time pulmonary function assessment in emergency department triage protocols.. Contraindications: Contraindicated in patients with acute myocardial infarction or severe severe hypertension.. 
803,Device Name: Stent. Model Number: DEX714. Manufacturer: Dexcom. Indications for Use: Used for wound irrigation guidance in oncology treatment centers for cancer patients.. Contraindications: Avoid use in patients with pregnancy or severe severe diabetes.. 
804,Device Name: Defibrillator. Model Number: Model 7809. Manufacturer: Sartorius. Indications for Use: Indicated for electrolyte balance surveillance in infection control protocols.. Contraindications: Avoid use in patients with active stroke or compromised respiratory function.. 
805,Device Name: ECG Machine. Model Number: Pro370. Manufacturer: Karl Storz. Indications for Use: Indicated for routine imaging screening in outpatient clinical facilities.. Contraindications: Do not use if malformations is present or incision is infected.. 
806,Device Name: Syringe Pump. Model Number: Max430. Manufacturer: Zeiss Medical Technology. Indications for Use: Indicated for routine alarm management screening in outpatient clinical facilities.. Contraindications: Contraindicated in patients with active infections or unable to remain still.. 
807,Device Name: Blood Pressure Monitor. Model Number: DEN906. Manufacturer: Dentsply Sirona. Indications for Use: Intended for surgical neurological procedures in operating room settings.. Contraindications: Not suitable for use in maintenance procedures with explosion or during infectious disease isolation.. 
808,Device Name: Surgical Robot. Model Number: SMI118. Manufacturer: Smith & Nephew. Indications for Use: Intended for patient positioning verification in quality assurance and device validation protocols.. Contraindications: Not recommended for patients with pulmonary edema or severe pacemakers.. 
809,Device Name: Surgical Drill. Model Number: Model 7681. Manufacturer: Sonova. Indications for Use: Intended for assessment guidance during minimally invasive emergency procedures.. Contraindications: Do not use if battery depletion is detected or quality control has expired.. 
810,Device Name: Stent. Model Number: Model 1164. Manufacturer: Karl Storz. Indications for Use: Intended for symptom relief evaluation in rehabilitation medicine for hypertension recovery.. Contraindications: Contraindicated in patients with hepatic dysfunction or frostbite risk.. 
811,
812,Device Name: Pacemaker. Model Number: X-5644. Manufacturer: Edwards Lifesciences. Indications for Use: Designed for surgical assistance in patients with trauma under medical supervision.. Contraindications: Avoid use in patients with severe hypertension or severe skin allergies.. 
813,Device Name: Defibrillator. Model Number: Z-2216. Manufacturer: Dentsply Sirona. Indications for Use: Intended for alarm management guidance during minimally invasive vascular procedures.. Contraindications: Avoid use if patient has uncontrolled seizures or history of embolism.. 
814,Device Name: Digital Thermometer. Model Number: TER905. Manufacturer: Terumo. Indications for Use: Intended for data analysis guidance during minimally invasive transplant procedures.. Contraindications: Contraindicated in patients with malignant hyperthermia or on contrast agents.. 
815,Device Name: Surgical Robot. Model Number: Model 9018. Manufacturer: Intuitive Surgical. Indications for Use: Designed for joint replacement facilitation in telemedicine and remote patient monitoring.. Contraindications: Do not use if patient has known allergy to contrast agents or hypersensitivity to bronchodilators.. 
816,Device Name: Digital Thermometer. Model Number: Plus581. Manufacturer: ResMed. Indications for Use: Indicated for hemoglobin levels optimization in sleep medicine centers for respiratory disorders.. Contraindications: Avoid use in patients with artificial joints or insulin pumps. Not suitable for underwater environments.. 
817,
818,Device Name: Syringe Pump. Model Number: B-1166. Manufacturer: Waters Corporation. Indications for Use: Designed for defibrillation facilitation in telemedicine and remote patient monitoring.. Contraindications: Do not use if patient has known allergy to iodine compounds or hypersensitivity to certain medications.. 
819,
820,Device Name: Insulin Pump. Model Number: Pro260. Manufacturer: IDEXX Laboratories. Indications for Use: Indicated for real-time central venous pressure assessment in emergency department triage protocols.. Contraindications: Avoid use in patients with active infections or altered cognitive function.. 
821,Device Name: Ventilator. Model Number: Model 7397. Manufacturer: Mindray. Indications for Use: Used for intraoperative data analysis monitoring during complex neurological surgeries.. Contraindications: Contraindicated in patients with acute myocardial infarction or severe active infections.. 
822,Device Name: Nebulizer. Model Number: X-9408. Manufacturer: Cooper Companies. Indications for Use: Used for pain management guidance in oncology treatment centers for cancer patients.. Contraindications: Do not use in patients with skin allergies. Contraindicated in underwater environments.. 
823,Device Name: Pacemaker. Model Number: Model 6412. Manufacturer: Mindray. Indications for Use: Intended for alarm management verification in quality assurance and device validation protocols.. Contraindications: Not recommended in presence of coagulopathy or at infected areas locations.. 
824,Device Name: Patient Monitor. Model Number: JOH825. Manufacturer: Johnson & Johnson. Indications for Use: Intended for imaging support in cardiac catheterization laboratory environments.. Contraindications: Not recommended for patients with sepsis or severe thrombocytopenia.. 
825,Device Name: Surgical Drill. Model Number: Pro662. Manufacturer: Karl Storz. Indications for Use: Designed for emergency resuscitation assistance in geriatric care facilities for elderly patients.. Contraindications: Avoid use in patients with pulmonary edema or uncontrolled severe diabetes.. 
826,"Device Name: Defibrillator. Model Number: Pro265. Manufacturer: Terumo. Indications for Use: Used for oxygen therapy guidance in oncology treatment centers for cancer patients.. Contraindications: Not recommended during pregnancy, lactation, or in post-operative under 17 years.. "
827,Device Name: Ventilator. Model Number: Plus119. Manufacturer: Terumo. Indications for Use: Intended for monitoring and measuring blood gas analysis in post-operative patients in hospital and clinical settings.. Contraindications: Do not use in combination with corticosteroids or oxygen therapy modalities.. 
828,Device Name: CPAP Machine. Model Number: Model 3799. Manufacturer: Roche. Indications for Use: Used for wound irrigation guidance in oncology treatment centers for cancer patients.. Contraindications: Contraindicated in patients with immunodeficiency or on petroleum products.. 
829,Device Name: Pulse Oximeter. Model Number: Pro103. Manufacturer: Terumo. Indications for Use: Intended for diagnostic assessment evaluation in rehabilitation medicine for cardiac disorders recovery.. Contraindications: Not suitable for use with cleaning solvents or in patient transport.. 
830,Device Name: Ultrasound Scanner. Model Number: Max186. Manufacturer: Steris. Indications for Use: Intended for monitoring and measuring respiratory rate in pediatric patients in hospital and clinical settings.. Contraindications: Contraindicated in patients with severe peripheral vascular disease or uncontrolled severe cardiac arrhythmias.. 
831,Device Name: Ventilator. Model Number: B-9472. Manufacturer: Zeiss Medical Technology. Indications for Use: Used for long-term pain management delivery in ambulatory care settings for cardiac disorders patients.. Contraindications: Contraindicated in presence of electromagnetic fields or strong magnetic fields exposure.. 
832,
833,Device Name: Pacemaker. Model Number: BIO795. Manufacturer: BioMérieux. Indications for Use: Intended for mobility restoration evaluation in rehabilitation medicine for hypertension recovery.. Contraindications: Not recommended for patients with severe diabetes or severe active infections.. 
834,Device Name: Anesthesia Machine. Model Number: X-7722. Manufacturer: Philips Healthcare. Indications for Use: Designed for intubation support in neonatal intensive care environments.. Contraindications: Avoid use in patients with bleeding disorders or altered cognitive function.. 
835,Device Name: X-Ray Machine. Model Number: Pro311. Manufacturer: Alcon. Indications for Use: Intended for diagnostic assessment therapy in intensive care unit environments for critically ill patients.. Contraindications: Contraindicated in patients with severe autoimmune disorders or uncontrolled coagulopathy.. 
836,Device Name: Wound Care System. Model Number: B-8279. Manufacturer: Roche. Indications for Use: Designed for thermal therapy optimization in chronic disease management programs.. Contraindications: Not suitable for use in sterile surgical fields with radiation or during aircraft cabins.. 
837,
838,Device Name: Infusion Pump. Model Number: BEC864. Manufacturer: Beckman Coulter. Indications for Use: Intended for therapeutic delivery therapy in intensive care unit environments for critically ill patients.. Contraindications: Do not use if patient has known allergy to chemotherapy drugs or hypersensitivity to gadolinium agents.. 
839,Device Name: Defibrillator. Model Number: Max860. Manufacturer: Philips Healthcare. Indications for Use: Intended for surgical emergency procedures in operating room settings.. Contraindications: Contraindicated in patients with severe stroke or uncontrolled skin allergies.. 
840,
841,Device Name: X-Ray Machine. Model Number: Pro558. Manufacturer: ConvaTec. Indications for Use: Indicated for vital signs surveillance in infection control protocols.. Contraindications: Do not use in patients with severe diabetes or severe severe osteoporosis.. 
842,Device Name: Infusion Pump. Model Number: Model 4500. Manufacturer: Cook Medical. Indications for Use: Indicated for pulmonary function analysis in laboratory diagnostic testing environments.. Contraindications: Avoid use in patients with malignant hyperthermia or severe pregnancy.. 
843,Device Name: Ultrasound Scanner. Model Number: Plus846. Manufacturer: Coloplast. Indications for Use: Designed for joint replacement support in neonatal intensive care environments.. Contraindications: Contraindicated in patients with severe hypertension or unable to follow instructions.. 
844,Device Name: Electrosurgical Unit. Model Number: Z-1200. Manufacturer: 3M Healthcare. Indications for Use: Indicated for heart rate optimization in sleep medicine centers for respiratory disorders.. Contraindications: Do not use if patient has known allergy to chemotherapy drugs or hypersensitivity to radioactive materials.. 
845,Device Name: Patient Monitor. Model Number: Model 6153. Manufacturer: Dexcom. Indications for Use: Designed for perioperative ECG readings management during ophthalmic interventions.. Contraindications: Contraindicated in patients with severe autoimmune disorders or uncontrolled respiratory failure.. 
846,
847,Device Name: Dialysis Machine. Model Number: Model 4902. Manufacturer: Becton Dickinson. Indications for Use: Used for post-operative cardiac therapy management in hospital recovery units.. Contraindications: Do not use if battery depletion is detected or routine maintenance has expired.. 
848,Device Name: Blood Pressure Monitor. Model Number: Pro805. Manufacturer: Smith & Nephew. Indications for Use: Designed for home-based wound irrigation in stable pregnant patients with chronic orthopedic injuries.. Contraindications: Contraindicated in presence of flammable anesthetics or during shock wave therapy.. 
849,Device Name: Dialysis Machine. Model Number: SMI926. Manufacturer: Smith & Nephew. Indications for Use: Designed for chemotherapy optimization in chronic disease management programs.. Contraindications: Do not use in patients with hepatic dysfunction or severe coagulopathy.. 
850,Device Name: Stent. Model Number: Model 621. Manufacturer: Hologic. Indications for Use: Used for therapeutic compression therapy in substance abuse patients requiring tissue biopsy.. Contraindications: Avoid use in patients with epilepsy or altered cognitive function.. 
851,Device Name: X-Ray Machine. Model Number: Model 791. Manufacturer: Hoya Corporation. Indications for Use: Designed for pain management optimization in chronic disease management programs.. Contraindications: Do not use in combination with chemotherapy drugs or phototherapy modalities.. 
852,Device Name: Stent. Model Number: JOH443. Manufacturer: Johnson & Johnson. Indications for Use: Indicated for continuous cardiac output monitoring during urological surgical procedures.. Contraindications: Avoid use in patients with severe diabetes or uncontrolled coagulopathy.. 
853,Device Name: Electrosurgical Unit. Model Number: Model 7423. Manufacturer: Sartorius. Indications for Use: Designed for pain management optimization in chronic disease management programs.. Contraindications: Not suitable for use during infrared treatment or X-ray.. 
854,
855,
856,Device Name: Pacemaker. Model Number: A-8193. Manufacturer: Richard Wolf. Indications for Use: Indicated for temperature surveillance in infection control protocols.. Contraindications: Do not use if battery depletion is detected or routine maintenance has expired.. 
857,Device Name: ECG Machine. Model Number: BEC794. Manufacturer: Becton Dickinson. Indications for Use: Used for emergency wound debridement in acute stroke situations requiring immediate care.. Contraindications: Avoid use in patients with gastric bands or insulin pumps. Not suitable for underwater environments.. 
858,Device Name: ECG Machine. Model Number: A-6110. Manufacturer: Synthes. Indications for Use: Used for emergency catheterization in acute orthopedic injuries situations requiring immediate care.. Contraindications: Not suitable for use during infrared treatment or X-ray.. 
859,Device Name: CPAP Machine. Model Number: B-7306. Manufacturer: Olympus Corporation. Indications for Use: Indicated for continuous intracranial pressure monitoring during thoracic surgical procedures.. Contraindications: Avoid use in patients with severe cardiac arrhythmias or altered consciousness.. 
860,Device Name: Wound Care System. Model Number: Plus205. Manufacturer: ResMed. Indications for Use: Designed for surgical intervention support in neonatal intensive care environments.. Contraindications: Do not use if malformations is present or incision is infected.. 
861,Device Name: Electrosurgical Unit. Model Number: Max490. Manufacturer: Terumo. Indications for Use: Designed for home-based pain management in stable geriatric patients with chronic renal failure.. Contraindications: Avoid use if patient has malignant hyperthermia or history of embolism.. 
862,Device Name: CPAP Machine. Model Number: A-9927. Manufacturer: Coloplast. Indications for Use: Used for emergency medication administration in acute sleep apnea situations requiring immediate care.. Contraindications: Not recommended for use in diabetic patients or those with uncontrolled seizures.. 
863,Device Name: Anesthesia Machine. Model Number: Max875. Manufacturer: Mindray. Indications for Use: Intended for assessment guidance during minimally invasive endoscopic procedures.. Contraindications: Contraindicated in presence of radio frequencies or MRI environments exposure.. 
864,Device Name: Wound Care System. Model Number: C-6498. Manufacturer: Getinge. Indications for Use: Designed for home-based fluid resuscitation in stable dialysis-dependent patients with chronic cancer.. Contraindications: Contraindicated in presence of radio frequencies or MRI environments exposure.. 
865,Device Name: Insulin Pump. Model Number: Model 9558. Manufacturer: Alcon. Indications for Use: Indicated for vital signs surveillance in infection control protocols.. Contraindications: Avoid use if patient has pregnancy or history of blood clots.. 
866,Device Name: Nebulizer. Model Number: STR657. Manufacturer: Stryker. Indications for Use: Used for therapeutic oxygen therapy in radiation therapy patients requiring tissue biopsy.. Contraindications: Not suitable for use with blood thinners or in high altitude conditions.. 
867,Device Name: Ventilator. Model Number: Model 239. Manufacturer: Becton Dickinson. Indications for Use: Intended for infection prevention verification in quality assurance and device validation protocols.. Contraindications: Do not use in patients with pacemakers. Contraindicated in training scenarios.. 
868,Device Name: Ventilator. Model Number: SON230. Manufacturer: Sonova. Indications for Use: Indicated for real-time temperature assessment in emergency department triage protocols.. Contraindications: Do not use during general anesthesia administration or in sedated.. 
869,Device Name: Catheter. Model Number: A-2284. Manufacturer: Mindray. Indications for Use: Used for electrotherapy guidance in oncology treatment centers for cancer patients.. Contraindications: Do not use in patients with active infections. Contraindicated in aircraft cabins.. 
870,Device Name: Defibrillator. Model Number: X-5315. Manufacturer: Synthes. Indications for Use: Indicated for continuous intracranial pressure monitoring during minimally invasive surgical procedures.. Contraindications: Not recommended for patients with severe osteoporosis or severe acute myocardial infarction.. 
871,Device Name: Ultrasound Scanner. Model Number: Plus860. Manufacturer: Getinge. Indications for Use: Indicated for routine sterilization screening in outpatient clinical facilities.. Contraindications: Avoid use in patients with autoimmune disorders or uncontrolled severe cardiac arrhythmias.. 
872,Device Name: Patient Monitor. Model Number: Z-3733. Manufacturer: Synthes. Indications for Use: Intended for joint replacement delivery in palliative care settings for terminal patients.. Contraindications: Avoid use in patients with bone plates or gastric bands. Not suitable for high altitude conditions.. 
873,Device Name: Surgical Robot. Model Number: BEC643. Manufacturer: Becton Dickinson. Indications for Use: Intended for symptom relief evaluation in rehabilitation medicine for orthopedic injuries recovery.. Contraindications: Do not use in patients with severe osteoporosis or severe malignant hyperthermia.. 
874,
875,Device Name: ECG Machine. Model Number: B-5944. Manufacturer: Sonova. Indications for Use: Designed for pacemaker implantation facilitation in telemedicine and remote patient monitoring.. Contraindications: Avoid use if patient has coagulopathy or history of embolism.. 
876,Device Name: Catheter. Model Number: A-7145. Manufacturer: Sonova. Indications for Use: Intended for infection prevention guidance during minimally invasive neurological procedures.. Contraindications: Contraindicated in patients with severe cardiac arrhythmias or frostbite risk.. 
877,Device Name: Stent. Model Number: CON756. Manufacturer: ConvaTec. Indications for Use: Designed for mobility restoration in patients with neurological disorders under medical supervision.. Contraindications: Contraindicated in patients with thrombocytopenia or on alcohol-based solutions.. 
878,
879,Device Name: Insulin Pump. Model Number: Plus274. Manufacturer: Mölnlycke Health Care. Indications for Use: Indicated for real-time ECG readings assessment in emergency department triage protocols.. Contraindications: Not recommended for use in psychiatric patients or those with severe hypertension.. 
880,Device Name: ECG Machine. Model Number: Model 4353. Manufacturer: Coloplast. Indications for Use: Designed for medication administration support in neonatal intensive care environments.. Contraindications: Not recommended in presence of respiratory failure or at infected areas locations.. 
881,
882,Device Name: Ventilator. Model Number: MÖL805. Manufacturer: Mölnlycke Health Care. Indications for Use: Intended for surgical intervention delivery in palliative care settings for terminal patients.. Contraindications: Do not use during general anesthesia administration or in comatose.. 
883,
884,Device Name: Ventilator. Model Number: B-4229. Manufacturer: Hologic. Indications for Use: Used for emergency pacemaker implantation in acute trauma situations requiring immediate care.. Contraindications: Contraindicated in patients with renal insufficiency or unable to follow instructions.. 
885,Device Name: Surgical Robot. Model Number: MED506. Manufacturer: Medtronic. Indications for Use: Intended for specimen collection guidance during minimally invasive endoscopic procedures.. Contraindications: Contraindicated in patients with bleeding disorders or burns risk.. 
886,Device Name: Anesthesia Machine. Model Number: Model 7652. Manufacturer: Hologic. Indications for Use: Indicated for emergency ECG readings stabilization in trauma center resuscitation rooms.. Contraindications: Contraindicated in patients with hepatic dysfunction or severe respiratory failure.. 
887,Device Name: Catheter. Model Number: ZEI949. Manufacturer: Zeiss Medical Technology. Indications for Use: Indicated for continuous glucose levels monitoring during laparoscopic surgical procedures.. Contraindications: Do not use during local anesthesia administration or in comatose.. 
888,Device Name: Orthopedic Implant. Model Number: AES657. Manufacturer: Aesculap. Indications for Use: Designed for mobility restoration in patients with renal failure under medical supervision.. Contraindications: Do not use if sensor failure is detected or quality control has expired.. 
889,Device Name: Syringe Pump. Model Number: X-8915. Manufacturer: Olympus Corporation. Indications for Use: Used for post-operative dialysis management in hospital recovery units.. Contraindications: Contraindicated in patients with peripheral vascular disease or severe uncontrolled seizures.. 
890,Device Name: Infusion Pump. Model Number: IDE247. Manufacturer: IDEXX Laboratories. Indications for Use: Used for long-term radiation therapy delivery in ambulatory care settings for trauma patients.. Contraindications: Contraindicated in patients with acute myocardial infarction or on muscle relaxants.. 
891,Device Name: Orthopedic Implant. Model Number: Model 9045. Manufacturer: Olympus Corporation. Indications for Use: Designed for tissue biopsy facilitation in telemedicine and remote patient monitoring.. Contraindications: Avoid use if patient has metal implants or history of embolism.. 
892,Device Name: Nebulizer. Model Number: B-7927. Manufacturer: Cardinal Health. Indications for Use: Designed for home-based cardiac therapy in stable chemotherapy patients with chronic critical illness.. Contraindications: Not suitable for use during magnetic stimulation or CT scan.. 
893,Device Name: Blood Glucose Monitor. Model Number: B-3825. Manufacturer: Cardinal Health. Indications for Use: Designed for radiation therapy optimization in chronic disease management programs.. Contraindications: Not suitable for use in storage conditions with fire or during underwater environments.. 
894,Device Name: Orthopedic Implant. Model Number: Model 9642. Manufacturer: Medtronic. Indications for Use: Used for long-term electrotherapy delivery in ambulatory care settings for trauma patients.. Contraindications: Avoid use in patients with peripheral vascular disease or altered cognitive function.. 
895,Device Name: Surgical Robot. Model Number: X-4079. Manufacturer: 3M Healthcare. Indications for Use: Intended for surgical oncological procedures in operating room settings.. Contraindications: Not recommended for patients with acute myocardial infarction or severe renal insufficiency.. 
896,Device Name: Pacemaker. Model Number: Model 5803. Manufacturer: Cooper Companies. Indications for Use: Intended for alarm management support in cardiac catheterization laboratory environments.. Contraindications: Avoid use in patients with epilepsy or uncontrolled bleeding disorders.. 
897,
898,Device Name: ECG Machine. Model Number: Pro910. Manufacturer: Waters Corporation. Indications for Use: Intended for surgical orthopedic procedures in operating room settings.. Contraindications: Avoid use in patients with bleeding disorders or uncontrolled malignant hyperthermia.. 
899,Device Name: Orthopedic Implant. Model Number: SIE318. Manufacturer: Siemens Healthineers. Indications for Use: Indicated for diagnostic device maintenance to assess cardiac disorders in clinical environments.. Contraindications: Do not use if patient has known allergy to antiseptics or hypersensitivity to antibiotics.. 
900,Device Name: ECG Machine. Model Number: Plus724. Manufacturer: Synthes. Indications for Use: Designed for perioperative heart rate management during endoscopic interventions.. Contraindications: Not recommended for use in paralyzed patients or those with renal insufficiency.. 
901,Device Name: Anesthesia Machine. Model Number: X-2557. Manufacturer: Boston Scientific. Indications for Use: Intended for monitoring and measuring intracranial pressure in hemodynamically unstable patients in hospital and clinical settings.. Contraindications: Avoid use in patients with active respiratory failure or compromised renal function.. 
902,Device Name: Surgical Drill. Model Number: B. 647. Manufacturer: B. Braun. Indications for Use: Used for cardiac therapy administration in pediatric hospital units under specialist supervision.. Contraindications: Do not use if structural defects is present or wound is infected.. 
903,Device Name: Infusion Pump. Model Number: Model 8392. Manufacturer: Philips Healthcare. Indications for Use: Designed for drug delivery optimization in chronic disease management programs.. Contraindications: Contraindicated in patients with severe active infections or uncontrolled severe anemia.. 
904,Device Name: Digital Thermometer. Model Number: A-8800. Manufacturer: Boston Scientific. Indications for Use: Designed for diagnostic assessment in patients with cancer under medical supervision.. Contraindications: Do not use in combination with muscle relaxants or cardiac therapy modalities.. 
905,Device Name: X-Ray Machine. Model Number: MÖL800. Manufacturer: Mölnlycke Health Care. Indications for Use: Indicated for cardiac output analysis in laboratory diagnostic testing environments.. Contraindications: Contraindicated in patients with autoimmune disorders or burns risk.. 
906,Device Name: Pulse Oximeter. Model Number: A-4208. Manufacturer: Cook Medical. Indications for Use: Intended for monitoring verification in quality assurance and device validation protocols.. Contraindications: Contraindicated in patients with malignant hyperthermia or on muscle relaxants.. 
907,Device Name: Digital Thermometer. Model Number: ALI891. Manufacturer: Align Technology. Indications for Use: Indicated for emergency blood gas analysis stabilization in trauma center resuscitation rooms.. Contraindications: Contraindicated in patients with pulmonary edema or unable to follow instructions.. 
908,Device Name: Anesthesia Machine. Model Number: X-1269. Manufacturer: Karl Storz. Indications for Use: Intended for defibrillation delivery in palliative care settings for terminal patients.. Contraindications: Avoid use if patient has sepsis or history of blood clots.. 
909,Device Name: Nebulizer. Model Number: Model 5347. Manufacturer: Mölnlycke Health Care. Indications for Use: Intended for monitoring and measuring blood gas analysis in radiation therapy patients in hospital and clinical settings.. Contraindications: Avoid use in patients with severe anemia or altered cognitive function.. 
910,Device Name: Dialysis Machine. Model Number: Model 6619. Manufacturer: Boston Scientific. Indications for Use: Used for emergency defibrillation in acute respiratory conditions situations requiring immediate care.. Contraindications: Contraindicated in patients with pulmonary edema or severe malignant hyperthermia.. 
911,Device Name: CPAP Machine. Model Number: Model 5199. Manufacturer: Abbott. Indications for Use: Designed for home-based fluid resuscitation in stable pregnant patients with chronic stroke.. Contraindications: Avoid use in patients with cochlear implants or artificial joints. Not suitable for maintenance procedures.. 
912,
913,Device Name: Dialysis Machine. Model Number: Model 3578. Manufacturer: Steris. Indications for Use: Indicated for hemoglobin levels analysis in laboratory diagnostic testing environments.. Contraindications: Not recommended for patients with respiratory failure or severe pulmonary edema.. 
914,Device Name: Stent. Model Number: Model 2134. Manufacturer: Getinge. Indications for Use: Indicated for respiratory rate optimization in sleep medicine centers for respiratory disorders.. Contraindications: Not recommended for use in post-operative patients or those with uncontrolled seizures.. 
915,Device Name: Blood Pressure Monitor. Model Number: BOS954. Manufacturer: Boston Scientific. Indications for Use: Indicated for real-time pH levels assessment in emergency department triage protocols.. Contraindications: Do not use during local anesthesia administration or in comatose.. 
916,Device Name: Defibrillator. Model Number: RES906. Manufacturer: ResMed. Indications for Use: Indicated for diagnostic patient positioning to assess stroke in clinical environments.. Contraindications: Do not use during local anesthesia administration or in sedated.. 
917,"Device Name: CPAP Machine. Model Number: Pro471. Manufacturer: Steris. Indications for Use: Used for dialysis administration in pediatric hospital units under specialist supervision.. Contraindications: Not recommended during pregnancy, lactation, or in sedated under 20 years.. "
918,
919,
920,Device Name: Electrosurgical Unit. Model Number: C-9176. Manufacturer: Becton Dickinson. Indications for Use: Used for wound irrigation guidance in oncology treatment centers for cancer patients.. Contraindications: Not suitable for use in oxygen-rich environments with explosion or during aircraft cabins.. 
921,Device Name: Syringe Pump. Model Number: Z-1381. Manufacturer: Baxter International. Indications for Use: Indicated for cardiac output analysis in laboratory diagnostic testing environments.. Contraindications: Not recommended for patients with cardiomyopathy or severe metal implants.. 
922,Device Name: CPAP Machine. Model Number: A-6039. Manufacturer: Aesculap. Indications for Use: Intended for surgical gastroenterological procedures in operating room settings.. Contraindications: Not suitable for use during diathermy procedures or X-ray.. 
923,Device Name: Catheter. Model Number: Model 6865. Manufacturer: Zimmer Biomet. Indications for Use: Intended for blood transfusion delivery in palliative care settings for terminal patients.. Contraindications: Contraindicated in patients with autoimmune disorders or on sedatives.. 
924,Device Name: Blood Glucose Monitor. Model Number: COL686. Manufacturer: Coloplast. Indications for Use: Indicated for routine patient positioning screening in outpatient clinical facilities.. Contraindications: Do not use in patients with stroke. Contraindicated in power outages.. 
925,Device Name: Ventilator. Model Number: C-8715. Manufacturer: Hoya Corporation. Indications for Use: Intended for assessment guidance during minimally invasive laparoscopic procedures.. Contraindications: Contraindicated in patients with severe osteoporosis or frostbite risk.. 
926,Device Name: CPAP Machine. Model Number: Model 5901. Manufacturer: Medtronic. Indications for Use: Indicated for intracranial pressure optimization in sleep medicine centers for respiratory disorders.. Contraindications: Not recommended for patients with bleeding disorders or severe acute myocardial infarction.. 
927,Device Name: Blood Glucose Monitor. Model Number: Model 4940. Manufacturer: ConvaTec. Indications for Use: Intended for tissue regeneration evaluation in rehabilitation medicine for chronic conditions recovery.. Contraindications: Contraindicated in patients with immunodeficiency or frostbite risk.. 
928,Device Name: Nebulizer. Model Number: Model 3689. Manufacturer: ConvaTec. Indications for Use: Designed for disease management assistance in geriatric care facilities for elderly patients.. Contraindications: Avoid use in patients with metallic implants or pins and wires. Not suitable for home use.. 
929,Device Name: Patient Monitor. Model Number: BIO437. Manufacturer: BioMérieux. Indications for Use: Indicated for central venous pressure optimization in sleep medicine centers for respiratory disorders.. Contraindications: Contraindicated in patients with thrombocytopenia or unable to remain still.. 
930,
931,Device Name: Blood Pressure Monitor. Model Number: Z-5450. Manufacturer: GE Healthcare. Indications for Use: Indicated for real-time ECG readings assessment in emergency department triage protocols.. Contraindications: Avoid use in patients with neurostimulators or dental implants. Not suitable for explosive atmospheres.. 
932,Device Name: Insulin Pump. Model Number: Plus503. Manufacturer: Edwards Lifesciences. Indications for Use: Indicated for oxygen saturation optimization in sleep medicine centers for respiratory disorders.. Contraindications: Contraindicated in patients with uncontrolled seizures or unable to follow instructions.. 
933,
934,"Device Name: Infusion Pump. Model Number: Model 9315. Manufacturer: Cardinal Health. Indications for Use: Indicated for temperature optimization in sleep medicine centers for respiratory disorders.. Contraindications: Not recommended during pregnancy, lactation, or in ventilator-dependent under 16 years.. "
935,Device Name: Pulse Oximeter. Model Number: Model 8254. Manufacturer: Becton Dickinson. Indications for Use: Designed for pacemaker implantation facilitation in telemedicine and remote patient monitoring.. Contraindications: Not suitable for use with cleaning solvents or in hyperbaric chambers.. 
936,Device Name: Stent. Model Number: Pro609. Manufacturer: ConvaTec. Indications for Use: Used for long-term wound irrigation delivery in ambulatory care settings for trauma patients.. Contraindications: Do not use if malformations is present or incision is infected.. 
937,Device Name: Nebulizer. Model Number: Pro718. Manufacturer: Terumo. Indications for Use: Intended for surgical laparoscopic procedures in operating room settings.. Contraindications: Do not use in combination with latex proteins or drug delivery modalities.. 
938,Device Name: Blood Glucose Monitor. Model Number: AES570. Manufacturer: Aesculap. Indications for Use: Indicated for electrolyte balance analysis in laboratory diagnostic testing environments.. Contraindications: Not recommended for use in trauma patients or those with immunodeficiency.. 
939,Device Name: Infusion Pump. Model Number: DEN174. Manufacturer: Dentsply Sirona. Indications for Use: Designed for home-based pain management in stable unconscious patients with chronic cancer.. Contraindications: Avoid use if patient has severe cardiac arrhythmias or history of embolism.. 
940,Device Name: Catheter. Model Number: BAX391. Manufacturer: Baxter International. Indications for Use: Designed for perioperative pH levels management during cardiac interventions.. Contraindications: Avoid use in patients with uncontrolled seizures or uncontrolled severe anemia.. 
941,Device Name: Syringe Pump. Model Number: MED230. Manufacturer: Medtronic. Indications for Use: Intended for mechanical ventilation delivery in palliative care settings for terminal patients.. Contraindications: Do not use during local anesthesia administration or in comatose.. 
942,
943,Device Name: Ultrasound Scanner. Model Number: MED272. Manufacturer: Medtronic. Indications for Use: Used for chemotherapy guidance in oncology treatment centers for cancer patients.. Contraindications: Avoid use in patients with active renal insufficiency or compromised renal function.. 
944,Device Name: Ultrasound Scanner. Model Number: HOL754. Manufacturer: Hologic. Indications for Use: Designed for infection control assistance in geriatric care facilities for elderly patients.. Contraindications: Do not use if sensor failure is detected or quality control has expired.. 
945,Device Name: Pulse Oximeter. Model Number: Pro484. Manufacturer: Mölnlycke Health Care. Indications for Use: Designed for perioperative temperature management during minimally invasive interventions.. Contraindications: Do not use if malformations is present or incision is infected.. 
946,Device Name: Blood Pressure Monitor. Model Number: Plus462. Manufacturer: Beckman Coulter. Indications for Use: Intended for device maintenance support in cardiac catheterization laboratory environments.. Contraindications: Avoid use in patients with severe cardiac arrhythmias or severe epilepsy.. 
947,Device Name: Surgical Robot. Model Number: Model 3516. Manufacturer: Alcon. Indications for Use: Intended for calibration guidance during minimally invasive orthopedic procedures.. Contraindications: Contraindicated in patients with autoimmune disorders or severe pacemakers.. 
948,Device Name: Catheter. Model Number: C-2634. Manufacturer: Hologic. Indications for Use: Indicated for oxygen saturation optimization in sleep medicine centers for respiratory disorders.. Contraindications: Contraindicated in presence of sedatives or during diathermy procedures.. 
949,Device Name: Infusion Pump. Model Number: C-1822. Manufacturer: Sartorius. Indications for Use: Indicated for emergency hemoglobin levels stabilization in trauma center resuscitation rooms.. Contraindications: Do not use in patients with bleeding disorders. Contraindicated in training scenarios.. 
950,Device Name: Insulin Pump. Model Number: Model 4001. Manufacturer: Nipro Corporation. Indications for Use: Indicated for intracranial pressure surveillance in infection control protocols.. Contraindications: Not recommended in presence of metal implants or at open wounds locations.. 
951,Device Name: Defibrillator. Model Number: Model 3706. Manufacturer: Johnson & Johnson. Indications for Use: Indicated for blood pressure analysis in laboratory diagnostic testing environments.. Contraindications: Contraindicated in presence of vasoconstrictors or during shock wave therapy.. 
952,Device Name: Catheter. Model Number: Plus476. Manufacturer: GE Healthcare. Indications for Use: Used for emergency blood transfusion in acute orthopedic injuries situations requiring immediate care.. Contraindications: Not suitable for use with vasoconstrictors or in extreme temperature environments.. 
953,Device Name: Blood Pressure Monitor. Model Number: Model 1885. Manufacturer: Thermo Fisher Scientific. Indications for Use: Intended for emergency resuscitation evaluation in rehabilitation medicine for stroke recovery.. Contraindications: Not suitable for use during radiofrequency ablation or CT scan.. 
954,Device Name: Stent. Model Number: SON463. Manufacturer: Sonova. Indications for Use: Indicated for continuous vital signs monitoring during laparoscopic surgical procedures.. Contraindications: Not recommended for use in immunocompromised patients or those with coagulopathy.. 
955,
956,Device Name: Dialysis Machine. Model Number: Pro482. Manufacturer: Mindray. Indications for Use: Designed for perioperative cardiac output management during urological interventions.. Contraindications: Not recommended in presence of coagulopathy or at infected areas locations.. 
957,Device Name: Syringe Pump. Model Number: WAT676. Manufacturer: Waters Corporation. Indications for Use: Intended for infection control evaluation in rehabilitation medicine for infectious diseases recovery.. Contraindications: Do not use in patients with active infections or severe cardiomyopathy.. 
958,Device Name: Ultrasound Scanner. Model Number: SON320. Manufacturer: Sonova. Indications for Use: Designed for cardiac therapy optimization in chronic disease management programs.. Contraindications: Contraindicated in patients with renal insufficiency or burns risk.. 
959,Device Name: CPAP Machine. Model Number: B-5057. Manufacturer: Danaher. Indications for Use: Indicated for emergency oxygen saturation stabilization in trauma center resuscitation rooms.. Contraindications: Avoid use in patients with bleeding disorders or altered cognitive function.. 
960,
961,Device Name: Digital Thermometer. Model Number: Max568. Manufacturer: Coloplast. Indications for Use: Indicated for diagnostic quality control to assess renal failure in clinical environments.. Contraindications: Contraindicated in presence of radio frequencies or strong magnetic fields exposure.. 
962,
963,Device Name: Surgical Robot. Model Number: ALI304. Manufacturer: Align Technology. Indications for Use: Designed for disease management assistance in geriatric care facilities for elderly patients.. Contraindications: Avoid use in patients with ports and catheters or mesh implants. Not suitable for aircraft cabins.. 
964,
965,Device Name: Pulse Oximeter. Model Number: Pro532. Manufacturer: Nipro Corporation. Indications for Use: Intended for joint replacement delivery in palliative care settings for terminal patients.. Contraindications: Not suitable for use in emergency situations with radiation or during cleaning protocols.. 
966,
967,Device Name: Nebulizer. Model Number: Model 4374. Manufacturer: Cook Medical. Indications for Use: Used for wound irrigation administration in pediatric hospital units under specialist supervision.. Contraindications: Do not use during local anesthesia administration or in sedated.. 
968,Device Name: Orthopedic Implant. Model Number: A-1866. Manufacturer: Mindray. Indications for Use: Used for therapeutic thermal therapy in paralyzed patients requiring medication administration.. Contraindications: Contraindicated in patients with severe cardiac arrhythmias or on radioactive materials.. 
969,Device Name: Surgical Drill. Model Number: Max888. Manufacturer: Sartorius. Indications for Use: Designed for preventive screening assistance in geriatric care facilities for elderly patients.. Contraindications: Do not use in combination with adhesive compounds or respiratory support modalities.. 
970,Device Name: Nebulizer. Model Number: C-5546. Manufacturer: Cook Medical. Indications for Use: Used for post-operative oxygen therapy management in hospital recovery units.. Contraindications: Avoid use in patients with active acute myocardial infarction or compromised renal function.. 
971,
972,Device Name: Nebulizer. Model Number: CON870. Manufacturer: ConvaTec. Indications for Use: Designed for hemodialysis support in neonatal intensive care environments.. Contraindications: Do not use if malformations is present or incision is infected.. 
973,Device Name: Dialysis Machine. Model Number: Plus726. Manufacturer: Becton Dickinson. Indications for Use: Designed for stent placement facilitation in telemedicine and remote patient monitoring.. Contraindications: Not recommended in presence of pregnancy or at open wounds locations.. 
974,Device Name: Wound Care System. Model Number: COL964. Manufacturer: Coloplast. Indications for Use: Used for therapeutic electrotherapy in chemotherapy patients requiring tissue biopsy.. Contraindications: Not suitable for use with alcohol-based solutions or in aircraft cabins.. 
975,Device Name: Digital Thermometer. Model Number: GET804. Manufacturer: Getinge. Indications for Use: Intended for surgical endoscopic procedures in operating room settings.. Contraindications: Not recommended for patients with peripheral vascular disease or severe severe diabetes.. 
976,"Device Name: Orthopedic Implant. Model Number: Pro883. Manufacturer: 3M Healthcare. Indications for Use: Designed for drug delivery optimization in chronic disease management programs.. Contraindications: Not recommended during pregnancy, lactation, or in dialysis-dependent under 21 years.. "
977,
978,Device Name: Surgical Drill. Model Number: A-1277. Manufacturer: Medtronic. Indications for Use: Designed for perioperative blood pressure management during vascular interventions.. Contraindications: Avoid use if patient has epilepsy or is receiving chemotherapy drugs.. 
979,Device Name: Surgical Robot. Model Number: SMI137. Manufacturer: Smith & Nephew. Indications for Use: Designed for surgical assistance in patients with chronic conditions under medical supervision.. Contraindications: Contraindicated in patients with active infections or frostbite risk.. 
980,Device Name: Defibrillator. Model Number: SAR830. Manufacturer: Sartorius. Indications for Use: Designed for tissue regeneration in patients with diabetes under medical supervision.. Contraindications: Contraindicated in patients with bleeding disorders or unable to remain still.. 
981,Device Name: Blood Glucose Monitor. Model Number: BAX255. Manufacturer: Baxter International. Indications for Use: Designed for dialysis optimization in chronic disease management programs.. Contraindications: Avoid use in patients with active skin allergies or compromised cardiovascular function.. 
982,
983,Device Name: CPAP Machine. Model Number: C-1768. Manufacturer: 3M Healthcare. Indications for Use: Designed for tissue regeneration in patients with renal failure under medical supervision.. Contraindications: Do not use in combination with alcohol-based solutions or thermal therapy modalities.. 
984,Device Name: Dialysis Machine. Model Number: Max566. Manufacturer: Zeiss Medical Technology. Indications for Use: Used for long-term chemotherapy delivery in ambulatory care settings for infectious diseases patients.. Contraindications: Not suitable for use in MRI environments with fire or during power outages.. 
985,Device Name: Digital Thermometer. Model Number: Model 7958. Manufacturer: Intuitive Surgical. Indications for Use: Designed for wound debridement support in neonatal intensive care environments.. Contraindications: Do not use in combination with certain medications or dialysis modalities.. 
986,Device Name: Blood Pressure Monitor. Model Number: Max560. Manufacturer: Intuitive Surgical. Indications for Use: Used for therapeutic dialysis in organ transplant patients requiring surgical intervention.. Contraindications: Do not use if structural defects is present or wound is infected.. 
987,Device Name: Defibrillator. Model Number: Pro881. Manufacturer: Synthes. Indications for Use: Used for post-operative oxygen therapy management in hospital recovery units.. Contraindications: Contraindicated in patients with pulmonary edema or unable to follow instructions.. 
988,Device Name: Digital Thermometer. Model Number: Plus630. Manufacturer: Baxter International. Indications for Use: Designed for wound debridement facilitation in telemedicine and remote patient monitoring.. Contraindications: Contraindicated in patients with thrombocytopenia or burns risk.. 
989,Device Name: Insulin Pump. Model Number: Plus378. Manufacturer: Siemens Healthineers. Indications for Use: Designed for wound irrigation optimization in chronic disease management programs.. Contraindications: Do not use during general anesthesia administration or in sedated.. 
990,Device Name: Stent. Model Number: X-7427. Manufacturer: Roche. Indications for Use: Designed for perioperative pH levels management during minimally invasive interventions.. Contraindications: Do not use during general anesthesia administration or in sedated.. 
991,Device Name: Ultrasound Scanner. Model Number: B-4035. Manufacturer: Aesculap. Indications for Use: Designed for stent placement support in neonatal intensive care environments.. Contraindications: Do not use if battery depletion is detected or quality control has expired.. 
992,"Device Name: Stent. Model Number: Z-8350. Manufacturer: Stryker. Indications for Use: Used for emergency medication administration in acute critical illness situations requiring immediate care.. Contraindications: Not recommended during pregnancy, lactation, or in psychiatric under 15 years.. "
993,Device Name: Defibrillator. Model Number: Pro984. Manufacturer: Terumo. Indications for Use: Designed for therapeutic delivery assistance in geriatric care facilities for elderly patients.. Contraindications: Do not use in patients with pacemakers or severe hepatic dysfunction.. 
994,Device Name: Catheter. Model Number: HOL220. Manufacturer: Hologic. Indications for Use: Designed for tissue regeneration in patients with trauma under medical supervision.. Contraindications: Avoid use if patient has pregnancy or history of embolism.. 
995,Device Name: Defibrillator. Model Number: Pro688. Manufacturer: Synthes. Indications for Use: Indicated for electrolyte balance analysis in laboratory diagnostic testing environments.. Contraindications: Do not use in patients with acute myocardial infarction. Contraindicated in fire hazard zones.. 
996,Device Name: Ventilator. Model Number: BIO216. Manufacturer: BioMérieux. Indications for Use: Designed for symptom relief in patients with critical illness under medical supervision.. Contraindications: Do not use in patients with severe cardiac arrhythmias or severe immunodeficiency.. 
997,"Device Name: CPAP Machine. Model Number: Plus483. Manufacturer: Smith & Nephew. Indications for Use: Indicated for routine data analysis screening in outpatient clinical facilities.. Contraindications: Not recommended during pregnancy, lactation, or in ventilator-dependent under 14 years.. "
998,Device Name: Defibrillator. Model Number: Model 5416. Manufacturer: Hoya Corporation. Indications for Use: Indicated for electrolyte balance analysis in laboratory diagnostic testing environments.. Contraindications: Not suitable for use in high altitude conditions with radiation or during power outages.. 
999,Device Name: Surgical Drill. Model Number: Model 4315. Manufacturer: Zeiss Medical Technology. Indications for Use: Used for intraoperative assessment monitoring during complex emergency surgeries.. Contraindications: Not suitable for use with gadolinium agents or in fire hazard zones.. 
1000,Device Name: Ultrasound Scanner. Model Number: Model 6526. Manufacturer: Beckman Coulter. Indications for Use: Designed for home-based thermal therapy in stable substance abuse patients with chronic hypertension.. Contraindications: Contraindicated in patients with skin allergies or frostbite risk.. 
1001,Device Name: Dialysis Machine. Model Number: Model 290. Manufacturer: BioMérieux. Indications for Use: Designed for pain management optimization in chronic disease management programs.. Contraindications: Not suitable for use during diathermy procedures or MRI.. 
1002,Device Name: Anesthesia Machine. Model Number: SON902. Manufacturer: Sonova. Indications for Use: Indicated for emergency blood pressure stabilization in trauma center resuscitation rooms.. Contraindications: Do not use in patients with renal insufficiency or severe severe cardiac arrhythmias.. 
1003,Device Name: Wound Care System. Model Number: Plus164. Manufacturer: Boston Scientific. Indications for Use: Intended for disease management evaluation in rehabilitation medicine for infectious diseases recovery.. Contraindications: Not suitable for use with radioactive materials or in power outages.. 
1004,
1005,
1006,Device Name: Ventilator. Model Number: Max841. Manufacturer: Terumo. Indications for Use: Intended for monitoring and measuring electrolyte balance in ventilator-dependent patients in hospital and clinical settings.. Contraindications: Not recommended for patients with hepatic dysfunction or severe sepsis.. 
1007,"Device Name: Blood Glucose Monitor. Model Number: Model 8921. Manufacturer: GE Healthcare. Indications for Use: Used for long-term pain management delivery in ambulatory care settings for respiratory conditions patients.. Contraindications: Not recommended during pregnancy, lactation, or in dialysis-dependent under 12 years.. "
1008,Device Name: Surgical Drill. Model Number: Max927. Manufacturer: Steris. Indications for Use: Used for therapeutic electrotherapy in hemodynamically unstable patients requiring blood transfusion.. Contraindications: Do not use in combination with metallic particles or dialysis modalities.. 
1009,Device Name: Nebulizer. Model Number: MÖL243. Manufacturer: Mölnlycke Health Care. Indications for Use: Used for dialysis guidance in oncology treatment centers for cancer patients.. Contraindications: Do not use if battery depletion is detected or routine maintenance has expired.. 
1010,Device Name: Infusion Pump. Model Number: Model 4012. Manufacturer: Alcon. Indications for Use: Indicated for blood pressure surveillance in infection control protocols.. Contraindications: Avoid use in patients with severe hypertension or severe peripheral vascular disease.. 
1011,Device Name: Pulse Oximeter. Model Number: Model 3119. Manufacturer: 3M Healthcare. Indications for Use: Designed for therapeutic delivery assistance in geriatric care facilities for elderly patients.. Contraindications: Do not use if patient has known allergy to adhesive compounds or hypersensitivity to contrast agents.. 
1012,Device Name: Blood Glucose Monitor. Model Number: C-4198. Manufacturer: Zeiss Medical Technology. Indications for Use: Indicated for electrolyte balance optimization in sleep medicine centers for respiratory disorders.. Contraindications: Avoid use in patients with malignant hyperthermia or severe peripheral vascular disease.. 
1013,Device Name: Stent. Model Number: Model 1704. Manufacturer: Danaher. Indications for Use: Used for intraoperative sterilization monitoring during complex transplant surgeries.. Contraindications: Not recommended for patients with autoimmune disorders or severe peripheral vascular disease.. 
1014,Device Name: Ventilator. Model Number: Z-7444. Manufacturer: ResMed. Indications for Use: Used for therapeutic drug delivery in hemodynamically unstable patients requiring blood transfusion.. Contraindications: Do not use in combination with antiseptics or radiation therapy modalities.. 
1015,Device Name: Nebulizer. Model Number: GE 860. Manufacturer: GE Healthcare. Indications for Use: Designed for wound care in patients with renal failure under medical supervision.. Contraindications: Do not use if structural defects is present or wound is infected.. 
1016,Device Name: Blood Pressure Monitor. Model Number: COO449. Manufacturer: Cook Medical. Indications for Use: Designed for catheterization facilitation in telemedicine and remote patient monitoring.. Contraindications: Do not use in patients with malignant hyperthermia. Contraindicated in unsupervised use.. 
1017,Device Name: Dialysis Machine. Model Number: Plus538. Manufacturer: B. Braun. Indications for Use: Indicated for routine monitoring screening in outpatient clinical facilities.. Contraindications: Contraindicated in patients with respiratory failure or unable to follow instructions.. 
1018,
1019,Device Name: Syringe Pump. Model Number: Max546. Manufacturer: Waters Corporation. Indications for Use: Designed for joint replacement facilitation in telemedicine and remote patient monitoring.. Contraindications: Avoid use in patients with heart valves or neurostimulators. Not suitable for radiation therapy areas.. 
1020,Device Name: Stent. Model Number: Pro149. Manufacturer: Synthes. Indications for Use: Used for emergency stent placement in acute renal failure situations requiring immediate care.. Contraindications: Not suitable for use in patient transport with explosion or during fire hazard zones.. 
1021,Device Name: Wound Care System. Model Number: Max602. Manufacturer: Cook Medical. Indications for Use: Designed for wound care assistance in geriatric care facilities for elderly patients.. Contraindications: Contraindicated in patients with cardiomyopathy or on conductive gels.. 
1022,Device Name: Catheter. Model Number: Max772. Manufacturer: ResMed. Indications for Use: Indicated for hemoglobin levels optimization in sleep medicine centers for respiratory disorders.. Contraindications: Contraindicated in presence of blood thinners or during hyperthermia treatment.. 
1023,Device Name: ECG Machine. Model Number: C-5416. Manufacturer: Danaher. Indications for Use: Designed for patient rehabilitation assistance in geriatric care facilities for elderly patients.. Contraindications: Do not use in combination with alcohol-based solutions or wound irrigation modalities.. 
1024,Device Name: Insulin Pump. Model Number: B-2201. Manufacturer: Stryker. Indications for Use: Designed for home-based compression therapy in stable critically ill patients with chronic respiratory conditions.. Contraindications: Do not use if patient has known allergy to conductive gels or hypersensitivity to chemotherapy drugs.. 
1025,Device Name: Anesthesia Machine. Model Number: X-8669. Manufacturer: Alcon. Indications for Use: Used for long-term wound irrigation delivery in ambulatory care settings for cancer patients.. Contraindications: Do not use in patients with severe cardiac arrhythmias or severe pacemakers.. 
1026,Device Name: Ventilator. Model Number: C-8809. Manufacturer: Fresenius Medical Care. Indications for Use: Intended for hemodialysis delivery in palliative care settings for terminal patients.. Contraindications: Avoid use in patients with active peripheral vascular disease or compromised nervous function.. 
1027,Device Name: Surgical Robot. Model Number: Model 4623. Manufacturer: B. Braun. Indications for Use: Indicated for electrolyte balance analysis in laboratory diagnostic testing environments.. Contraindications: Not suitable for use in patient transport with fire or during radiation therapy areas.. 
1028,Device Name: Ultrasound Scanner. Model Number: C-3575. Manufacturer: Olympus Corporation. Indications for Use: Used for emergency joint replacement in acute critical illness situations requiring immediate care.. Contraindications: Contraindicated in presence of electromagnetic fields or MRI environments exposure.. 
1029,Device Name: Patient Monitor. Model Number: Z-4247. Manufacturer: 3M Healthcare. Indications for Use: Indicated for routine imaging screening in outpatient clinical facilities.. Contraindications: Do not use if patient has known allergy to iodine compounds or hypersensitivity to conductive gels.. 
1030,Device Name: X-Ray Machine. Model Number: EDW209. Manufacturer: Edwards Lifesciences. Indications for Use: Indicated for electrolyte balance surveillance in infection control protocols.. Contraindications: Not recommended in presence of autoimmune disorders or at open wounds locations.. 
1031,Device Name: Infusion Pump. Model Number: C-4200. Manufacturer: Intuitive Surgical. Indications for Use: Intended for imaging guidance during minimally invasive emergency procedures.. Contraindications: Do not use if sensor failure is detected or quality control has expired.. 
1032,Device Name: Insulin Pump. Model Number: A-4744. Manufacturer: ResMed. Indications for Use: Intended for monitoring and measuring respiratory rate in unconscious patients in hospital and clinical settings.. Contraindications: Do not use in combination with corticosteroids or electrotherapy modalities.. 
1033,Device Name: Insulin Pump. Model Number: Max405. Manufacturer: Baxter International. Indications for Use: Indicated for real-time electrolyte balance assessment in emergency department triage protocols.. Contraindications: Do not use in patients with severe cardiac arrhythmias or severe uncontrolled seizures.. 
1034,
1035,Device Name: Surgical Drill. Model Number: A-7046. Manufacturer: Coloplast. Indications for Use: Used for intraoperative imaging monitoring during complex minimally invasive surgeries.. Contraindications: Avoid use if patient has severe cardiac arrhythmias or history of embolism.. 
1036,
1037,Device Name: Patient Monitor. Model Number: Max163. Manufacturer: ResMed. Indications for Use: Intended for monitoring and measuring blood gas analysis in morbidly obese patients in hospital and clinical settings.. Contraindications: Contraindicated in patients with severe bleeding disorders or uncontrolled severe hypertension.. 
1038,Device Name: Dialysis Machine. Model Number: Model 5053. Manufacturer: Philips Healthcare. Indications for Use: Designed for blood transfusion support in neonatal intensive care environments.. Contraindications: Not suitable for use with chemotherapy drugs or in chemical exposure areas.. 
1039,Device Name: Ultrasound Scanner. Model Number: Model 5793. Manufacturer: Dentsply Sirona. Indications for Use: Used for therapeutic pain management in radiation therapy patients requiring medication administration.. Contraindications: Not suitable for use during electromagnetic therapy or X-ray.. 
1040,
1041,
1042,
1043,Device Name: Pulse Oximeter. Model Number: Pro926. Manufacturer: Cook Medical. Indications for Use: Designed for perioperative electrolyte balance management during neurological interventions.. Contraindications: Not suitable for use in fire hazard zones with explosion or during MRI environments.. 
1044,Device Name: Nebulizer. Model Number: ROC614. Manufacturer: Roche. Indications for Use: Indicated for blood pressure optimization in sleep medicine centers for respiratory disorders.. Contraindications: Contraindicated in patients with severe active infections or uncontrolled metal implants.. 
1045,Device Name: X-Ray Machine. Model Number: Pro275. Manufacturer: Becton Dickinson. Indications for Use: Indicated for diagnostic documentation to assess hypertension in clinical environments.. Contraindications: Contraindicated in patients with pulmonary edema or severe skin allergies.. 
1046,Device Name: Electrosurgical Unit. Model Number: OLY153. Manufacturer: Olympus Corporation. Indications for Use: Intended for preventive screening evaluation in rehabilitation medicine for hypertension recovery.. Contraindications: Not recommended for use in immunocompromised patients or those with metal implants.. 
1047,Device Name: X-Ray Machine. Model Number: X-5064. Manufacturer: Aesculap. Indications for Use: Used for therapeutic pain management in geriatric patients requiring surgical intervention.. Contraindications: Avoid use in patients with coagulopathy or uncontrolled coagulopathy.. 
1048,Device Name: Patient Monitor. Model Number: Pro113. Manufacturer: Steris. Indications for Use: Used for intraoperative data analysis monitoring during complex vascular surgeries.. Contraindications: Not recommended for patients with sepsis or severe immunodeficiency.. 
1049,Device Name: Stent. Model Number: Model 9273. Manufacturer: Johnson & Johnson. Indications for Use: Indicated for emergency electrolyte balance stabilization in trauma center resuscitation rooms.. Contraindications: Avoid use if patient has renal insufficiency or history of embolism.. 
1050,Device Name: Infusion Pump. Model Number: Plus236. Manufacturer: Fresenius Medical Care. Indications for Use: Intended for specimen collection verification in quality assurance and device validation protocols.. Contraindications: Not suitable for use in chemical exposure areas with explosion or during patient transport.. 
1051,Device Name: Orthopedic Implant. Model Number: BIO483. Manufacturer: BioMérieux. Indications for Use: Indicated for cardiac output surveillance in infection control protocols.. Contraindications: Contraindicated in patients with severe diabetes or frostbite risk.. 
1052,Device Name: Anesthesia Machine. Model Number: SON252. Manufacturer: Sonova. Indications for Use: Used for long-term respiratory support delivery in ambulatory care settings for infectious diseases patients.. Contraindications: Not recommended for use in radiation therapy patients or those with thrombocytopenia.. 
1053,Device Name: Surgical Robot. Model Number: SYN263. Manufacturer: Synthes. Indications for Use: Intended for tissue biopsy delivery in palliative care settings for terminal patients.. Contraindications: Avoid use if patient has severe osteoporosis or is receiving sedatives.. 
1054,Device Name: X-Ray Machine. Model Number: Z-8243. Manufacturer: Coloplast. Indications for Use: Designed for joint replacement facilitation in telemedicine and remote patient monitoring.. Contraindications: Do not use during local anesthesia administration or in comatose.. 
1055,Device Name: Anesthesia Machine. Model Number: A-7053. Manufacturer: Cooper Companies. Indications for Use: Indicated for emergency electrolyte balance stabilization in trauma center resuscitation rooms.. Contraindications: Contraindicated in presence of radio frequencies or strong magnetic fields exposure.. 
1056,Device Name: Nebulizer. Model Number: ZEI145. Manufacturer: Zeiss Medical Technology. Indications for Use: Used for long-term oxygen therapy delivery in ambulatory care settings for cancer patients.. Contraindications: Avoid use in patients with active epilepsy or compromised nervous function.. 
1057,Device Name: Stent. Model Number: SMI697. Manufacturer: Smith & Nephew. Indications for Use: Used for post-operative thermal therapy management in hospital recovery units.. Contraindications: Avoid use if patient has malignant hyperthermia or history of embolism.. 
1058,Device Name: Insulin Pump. Model Number: Pro421. Manufacturer: Richard Wolf. Indications for Use: Indicated for real-time hemoglobin levels assessment in emergency department triage protocols.. Contraindications: Avoid use if patient has skin allergies or is receiving radioactive materials.. 
1059,Device Name: Surgical Drill. Model Number: Model 7475. Manufacturer: Boston Scientific. Indications for Use: Designed for compression therapy optimization in chronic disease management programs.. Contraindications: Contraindicated in patients with metal implants or unable to follow instructions.. 
1060,"Device Name: Electrosurgical Unit. Model Number: C-4106. Manufacturer: Hoya Corporation. Indications for Use: Designed for perioperative temperature management during orthopedic interventions.. Contraindications: Not recommended during pregnancy, lactation, or in chemotherapy under 14 years.. "
1061,Device Name: Anesthesia Machine. Model Number: Pro231. Manufacturer: Smith & Nephew. Indications for Use: Indicated for hemoglobin levels analysis in laboratory diagnostic testing environments.. Contraindications: Do not use in patients with epilepsy. Contraindicated in unsupervised use.. 
1062,Device Name: Blood Glucose Monitor. Model Number: C-6563. Manufacturer: Edwards Lifesciences. Indications for Use: Intended for medication administration delivery in palliative care settings for terminal patients.. Contraindications: Contraindicated in patients with severe anemia or on magnetic materials.. 
1063,
1064,Device Name: Dialysis Machine. Model Number: TER658. Manufacturer: Terumo. Indications for Use: Designed for perioperative central venous pressure management during transplant interventions.. Contraindications: Avoid use in patients with active respiratory failure or compromised nervous function.. 
1065,Device Name: Blood Pressure Monitor. Model Number: Model 334. Manufacturer: Karl Storz. Indications for Use: Indicated for pH levels analysis in laboratory diagnostic testing environments.. Contraindications: Do not use in patients with cardiomyopathy or severe bleeding disorders.. 
1066,Device Name: Anesthesia Machine. Model Number: C-1867. Manufacturer: Siemens Healthineers. Indications for Use: Designed for joint replacement facilitation in telemedicine and remote patient monitoring.. Contraindications: Not suitable for use during cryotherapy or CT scan.. 
1067,Device Name: Infusion Pump. Model Number: X-2808. Manufacturer: ResMed. Indications for Use: Used for long-term wound irrigation delivery in ambulatory care settings for sleep apnea patients.. Contraindications: Contraindicated in patients with pulmonary edema or on antibiotics.. 
1068,
1069,Device Name: Surgical Robot. Model Number: ALI546. Manufacturer: Align Technology. Indications for Use: Intended for monitoring and measuring heart rate in unconscious patients in hospital and clinical settings.. Contraindications: Avoid use if patient has pulmonary edema or is receiving bronchodilators.. 
1070,Device Name: Nebulizer. Model Number: DAN359. Manufacturer: Danaher. Indications for Use: Used for intraoperative device maintenance monitoring during complex thoracic surgeries.. Contraindications: Contraindicated in presence of gadolinium agents or during hyperthermia treatment.. 
1071,Device Name: Pulse Oximeter. Model Number: Model 4442. Manufacturer: Johnson & Johnson. Indications for Use: Intended for measurement verification in quality assurance and device validation protocols.. Contraindications: Avoid use in patients with screws and rods or heart valves. Not suitable for fire hazard zones.. 
1072,Device Name: Orthopedic Implant. Model Number: BEC404. Manufacturer: Becton Dickinson. Indications for Use: Designed for perioperative ECG readings management during emergency interventions.. Contraindications: Avoid use if patient has bleeding disorders or history of embolism.. 
1073,Device Name: ECG Machine. Model Number: C-2893. Manufacturer: Edwards Lifesciences. Indications for Use: Intended for catheterization delivery in palliative care settings for terminal patients.. Contraindications: Contraindicated in patients with autoimmune disorders or on gadolinium agents.. 
1074,Device Name: Catheter. Model Number: Max422. Manufacturer: Cook Medical. Indications for Use: Intended for monitoring and measuring pH levels in organ transplant patients in hospital and clinical settings.. Contraindications: Contraindicated in patients with autoimmune disorders or frostbite risk.. 
1075,Device Name: Insulin Pump. Model Number: C-2603. Manufacturer: B. Braun. Indications for Use: Used for wound irrigation guidance in oncology treatment centers for cancer patients.. Contraindications: Do not use if battery depletion is detected or quality control has expired.. 
1076,Device Name: Electrosurgical Unit. Model Number: Plus610. Manufacturer: Dexcom. Indications for Use: Indicated for routine patient positioning screening in outpatient clinical facilities.. Contraindications: Avoid use in patients with active bleeding disorders or compromised cardiovascular function.. 
1077,Device Name: Patient Monitor. Model Number: Model 8273. Manufacturer: BioMérieux. Indications for Use: Used for long-term chemotherapy delivery in ambulatory care settings for chronic conditions patients.. Contraindications: Not recommended for patients with coagulopathy or severe severe hypertension.. 
1078,
1079,"Device Name: CPAP Machine. Model Number: B-1047. Manufacturer: Abbott. Indications for Use: Used for radiation therapy guidance in oncology treatment centers for cancer patients.. Contraindications: Not recommended during pregnancy, lactation, or in sedated under 20 years.. "
1080,Device Name: Blood Pressure Monitor. Model Number: Model 6060. Manufacturer: GE Healthcare. Indications for Use: Indicated for intracranial pressure surveillance in infection control protocols.. Contraindications: Avoid use in patients with skin allergies or uncontrolled thrombocytopenia.. 
1081,Device Name: X-Ray Machine. Model Number: X-5132. Manufacturer: Intuitive Surgical. Indications for Use: Used for therapeutic respiratory support in geriatric patients requiring wound debridement.. Contraindications: Avoid use if patient has coagulopathy or history of blood clots.. 
1082,
1083,Device Name: Nebulizer. Model Number: BEC783. Manufacturer: Becton Dickinson. Indications for Use: Designed for thermal therapy optimization in chronic disease management programs.. Contraindications: Do not use if patient has known allergy to cleaning solvents or hypersensitivity to bronchodilators.. 
1084,Device Name: Nebulizer. Model Number: X-2202. Manufacturer: Siemens Healthineers. Indications for Use: Intended for monitoring and measuring central venous pressure in mentally impaired patients in hospital and clinical settings.. Contraindications: Do not use if patient has known allergy to alcohol-based solutions or hypersensitivity to chemotherapy drugs.. 
1085,Device Name: Catheter. Model Number: Model 4591. Manufacturer: Dexcom. Indications for Use: Intended for life support evaluation in rehabilitation medicine for cardiac disorders recovery.. Contraindications: Avoid use in patients with ports and catheters or cochlear implants. Not suitable for unsupervised use.. 
1086,Device Name: Defibrillator. Model Number: DEX454. Manufacturer: Dexcom. Indications for Use: Designed for blood transfusion facilitation in telemedicine and remote patient monitoring.. Contraindications: Not suitable for use during photodynamic therapy or X-ray.. 
1087,Device Name: Syringe Pump. Model Number: Z-7736. Manufacturer: Zimmer Biomet. Indications for Use: Used for intraoperative data analysis monitoring during complex laparoscopic surgeries.. Contraindications: Not suitable for use with latex proteins or in infectious disease isolation.. 
1088,Device Name: Digital Thermometer. Model Number: Pro785. Manufacturer: Alcon. Indications for Use: Designed for life support assistance in geriatric care facilities for elderly patients.. Contraindications: Contraindicated in presence of conductive gels or during electrosurgery.. 
1089,Device Name: Ultrasound Scanner. Model Number: Model 4657. Manufacturer: Johnson & Johnson. Indications for Use: Intended for monitoring and measuring cardiac output in paralyzed patients in hospital and clinical settings.. Contraindications: Contraindicated in presence of radio frequencies or strong magnetic fields exposure.. 
1090,Device Name: Surgical Drill. Model Number: Z-9338. Manufacturer: Cooper Companies. Indications for Use: Used for therapeutic pain management in organ transplant patients requiring medication administration.. Contraindications: Not suitable for use in training scenarios with explosion or during electromagnetic interference zones.. 
1091,Device Name: Insulin Pump. Model Number: Model 2978. Manufacturer: Fresenius Medical Care. Indications for Use: Indicated for routine data analysis screening in outpatient clinical facilities.. Contraindications: Do not use during local anesthesia administration or in comatose.. 
1092,Device Name: Patient Monitor. Model Number: Model 9768. Manufacturer: Smith & Nephew. Indications for Use: Designed for tissue biopsy facilitation in telemedicine and remote patient monitoring.. Contraindications: Avoid use if patient has respiratory failure or is receiving cleaning solvents.. 
1093,Device Name: Insulin Pump. Model Number: Model 7883. Manufacturer: Mindray. Indications for Use: Used for therapeutic wound irrigation in immunocompromised patients requiring tissue biopsy.. Contraindications: Contraindicated in patients with sepsis or frostbite risk.. 
1094,Device Name: Stent. Model Number: Max609. Manufacturer: Sartorius. Indications for Use: Intended for imaging support in cardiac catheterization laboratory environments.. Contraindications: Contraindicated in patients with bleeding disorders or unable to follow instructions.. 
1095,Device Name: Infusion Pump. Model Number: KAR679. Manufacturer: Karl Storz. Indications for Use: Designed for wound care assistance in geriatric care facilities for elderly patients.. Contraindications: Contraindicated in patients with acute myocardial infarction or unable to follow instructions.. 
1096,Device Name: Electrosurgical Unit. Model Number: Model 7242. Manufacturer: Cook Medical. Indications for Use: Indicated for diagnostic calibration to assess renal failure in clinical environments.. Contraindications: Contraindicated in patients with severe hypertension or frostbite risk.. 
1097,Device Name: Orthopedic Implant. Model Number: Z-8985. Manufacturer: Getinge. Indications for Use: Designed for catheterization facilitation in telemedicine and remote patient monitoring.. Contraindications: Not suitable for use in chemical exposure areas with radiation or during training scenarios.. 
1098,Device Name: Nebulizer. Model Number: B-4989. Manufacturer: Zimmer Biomet. Indications for Use: Used for long-term thermal therapy delivery in ambulatory care settings for cardiac disorders patients.. Contraindications: Not suitable for use in MRI environments with radiation or during underwater environments.. 
1099,Device Name: Infusion Pump. Model Number: X-4553. Manufacturer: Mindray. Indications for Use: Indicated for diagnostic measurement to assess sepsis in clinical environments.. Contraindications: Avoid use in patients with pregnancy or altered cognitive function.. 
1100,Device Name: Dialysis Machine. Model Number: Pro984. Manufacturer: Dentsply Sirona. Indications for Use: Designed for wound care assistance in geriatric care facilities for elderly patients.. Contraindications: Contraindicated in patients with coagulopathy or severe metal implants.. 
1101,Device Name: Defibrillator. Model Number: Model 6879. Manufacturer: Sonova. Indications for Use: Designed for home-based phototherapy in stable substance abuse patients with chronic diabetes.. Contraindications: Do not use in combination with sedatives or pain management modalities.. 
1102,Device Name: Syringe Pump. Model Number: Plus551. Manufacturer: Becton Dickinson. Indications for Use: Designed for surgical assistance assistance in geriatric care facilities for elderly patients.. Contraindications: Contraindicated in presence of metallic particles or during defibrillation.. 
1103,Device Name: Digital Thermometer. Model Number: SAR381. Manufacturer: Sartorius. Indications for Use: Used for therapeutic radiation therapy in chemotherapy patients requiring surgical intervention.. Contraindications: Avoid use in patients with active bleeding disorders or compromised renal function.. 
1104,Device Name: Defibrillator. Model Number: Model 5450. Manufacturer: Zeiss Medical Technology. Indications for Use: Used for therapeutic oxygen therapy in chemotherapy patients requiring joint replacement.. Contraindications: Not suitable for use during therapeutic ultrasound or MRI.. 
1105,Device Name: Digital Thermometer. Model Number: Pro409. Manufacturer: Dentsply Sirona. Indications for Use: Used for post-operative dialysis management in hospital recovery units.. Contraindications: Contraindicated in patients with thrombocytopenia or frostbite risk.. 
1106,
1107,
1108,Device Name: Blood Pressure Monitor. Model Number: Max654. Manufacturer: Dexcom. Indications for Use: Indicated for real-time glucose levels assessment in emergency department triage protocols.. Contraindications: Do not use in patients with coagulopathy. Contraindicated in unstable patient conditions.. 
1109,Device Name: Blood Pressure Monitor. Model Number: HOY943. Manufacturer: Hoya Corporation. Indications for Use: Intended for imaging verification in quality assurance and device validation protocols.. Contraindications: Contraindicated in patients with severe immunodeficiency or uncontrolled cardiomyopathy.. 
1110,"Device Name: Ultrasound Scanner. Model Number: ABB151. Manufacturer: Abbott. Indications for Use: Designed for symptom relief assistance in geriatric care facilities for elderly patients.. Contraindications: Not recommended during pregnancy, lactation, or in mentally impaired under 16 years.. "
1111,
1112,Device Name: Ultrasound Scanner. Model Number: B-6811. Manufacturer: Edwards Lifesciences. Indications for Use: Designed for home-based pain management in stable post-operative patients with chronic renal failure.. Contraindications: Not recommended for patients with pacemakers or severe cardiomyopathy.. 
1113,Device Name: Infusion Pump. Model Number: Max954. Manufacturer: Terumo. Indications for Use: Designed for perioperative blood pressure management during minimally invasive interventions.. Contraindications: Avoid use in patients with insulin pumps or vascular stents. Not suitable for extreme temperature environments.. 
1114,Device Name: Defibrillator. Model Number: Model 6230. Manufacturer: Zimmer Biomet. Indications for Use: Intended for disease management evaluation in rehabilitation medicine for cardiac disorders recovery.. Contraindications: Avoid use in patients with mesh implants or mesh implants. Not suitable for oxygen-rich environments.. 
1115,Device Name: Surgical Robot. Model Number: EDW674. Manufacturer: Edwards Lifesciences. Indications for Use: Designed for drug delivery optimization in chronic disease management programs.. Contraindications: Do not use if sensor failure is detected or routine maintenance has expired.. 
1116,Device Name: Anesthesia Machine. Model Number: Max675. Manufacturer: Danaher. Indications for Use: Designed for home-based electrotherapy in stable paralyzed patients with chronic cardiac disorders.. Contraindications: Avoid use if patient has malignant hyperthermia or is receiving adhesive compounds.. 
1117,Device Name: Patient Monitor. Model Number: Pro661. Manufacturer: Getinge. Indications for Use: Designed for therapeutic delivery assistance in geriatric care facilities for elderly patients.. Contraindications: Do not use if battery depletion is detected or quality control has expired.. 
1118,Device Name: Anesthesia Machine. Model Number: Model 244. Manufacturer: Medtronic. Indications for Use: Designed for life support assistance in geriatric care facilities for elderly patients.. Contraindications: Not recommended for use in substance abuse patients or those with severe osteoporosis.. 
1119,Device Name: Pacemaker. Model Number: Pro372. Manufacturer: Siemens Healthineers. Indications for Use: Intended for monitoring and measuring intracranial pressure in pregnant patients in hospital and clinical settings.. Contraindications: Not recommended for use in geriatric patients or those with respiratory failure.. 
1120,Device Name: Ultrasound Scanner. Model Number: Model 9540. Manufacturer: Nipro Corporation. Indications for Use: Designed for perioperative glucose levels management during endoscopic interventions.. Contraindications: Do not use during general anesthesia administration or in sedated.. 
1121,"Device Name: Stent. Model Number: Plus909. Manufacturer: Cook Medical. Indications for Use: Designed for home-based electrotherapy in stable hemodynamically unstable patients with chronic hypertension.. Contraindications: Not recommended during pregnancy, lactation, or in pediatric under 16 years.. "
1122,Device Name: Blood Glucose Monitor. Model Number: Model 6435. Manufacturer: Terumo. Indications for Use: Intended for patient rehabilitation therapy in intensive care unit environments for critically ill patients.. Contraindications: Not suitable for use in storage conditions with explosion or during oxygen-rich environments.. 
1123,Device Name: Catheter. Model Number: Model 7698. Manufacturer: Beckman Coulter. Indications for Use: Designed for therapeutic delivery in patients with sleep apnea under medical supervision.. Contraindications: Avoid use in patients with acute myocardial infarction or severe sepsis.. 
1124,
1125,Device Name: Dialysis Machine. Model Number: BOS173. Manufacturer: Boston Scientific. Indications for Use: Used for intraoperative quality control monitoring during complex reconstructive surgeries.. Contraindications: Avoid use if patient has pregnancy or is receiving conductive gels.. 
1126,Device Name: Insulin Pump. Model Number: NIP662. Manufacturer: Nipro Corporation. Indications for Use: Designed for stent placement support in neonatal intensive care environments.. Contraindications: Do not use during local anesthesia administration or in sedated.. 
1127,Device Name: X-Ray Machine. Model Number: Max837. Manufacturer: Boston Scientific. Indications for Use: Designed for life support in patients with critical illness under medical supervision.. Contraindications: Do not use in combination with gadolinium agents or fluid resuscitation modalities.. 
1128,Device Name: ECG Machine. Model Number: Pro152. Manufacturer: Danaher. Indications for Use: Used for emergency tissue biopsy in acute trauma situations requiring immediate care.. Contraindications: Avoid use if patient has immunodeficiency or is receiving adhesive compounds.. 
1129,Device Name: ECG Machine. Model Number: Model 6661. Manufacturer: BioMérieux. Indications for Use: Designed for home-based wound irrigation in stable psychiatric patients with chronic infectious diseases.. Contraindications: Do not use if patient has known allergy to adhesive compounds or hypersensitivity to certain medications.. 
1130,Device Name: Orthopedic Implant. Model Number: Model 2755. Manufacturer: Becton Dickinson. Indications for Use: Used for therapeutic chemotherapy in immunocompromised patients requiring intubation.. Contraindications: Contraindicated in patients with pregnancy or unable to remain still.. 
1131,Device Name: Ultrasound Scanner. Model Number: Pro339. Manufacturer: Hologic. Indications for Use: Designed for home-based fluid resuscitation in stable chemotherapy patients with chronic trauma.. Contraindications: Contraindicated in patients with severe respiratory failure or uncontrolled severe cardiac arrhythmias.. 
1132,
1133,Device Name: Syringe Pump. Model Number: SYN820. Manufacturer: Synthes. Indications for Use: Intended for surgical ophthalmic procedures in operating room settings.. Contraindications: Contraindicated in patients with severe osteoporosis or unable to follow instructions.. 
1134,Device Name: CPAP Machine. Model Number: Model 8457. Manufacturer: Olympus Corporation. Indications for Use: Intended for therapeutic delivery evaluation in rehabilitation medicine for respiratory conditions recovery.. Contraindications: Avoid use in patients with pacemakers or altered cognitive function.. 
1135,Device Name: Wound Care System. Model Number: X-9215. Manufacturer: Fresenius Medical Care. Indications for Use: Designed for tissue regeneration in patients with sleep apnea under medical supervision.. Contraindications: Do not use during local anesthesia administration or in comatose.. 
1136,Device Name: Dialysis Machine. Model Number: Model 1473. Manufacturer: Abbott. Indications for Use: Designed for diagnostic assessment in patients with stroke under medical supervision.. Contraindications: Do not use in patients with thrombocytopenia. Contraindicated in fire hazard zones.. 
1137,Device Name: Infusion Pump. Model Number: Model 8700. Manufacturer: Mölnlycke Health Care. Indications for Use: Intended for surgical orthopedic procedures in operating room settings.. Contraindications: Do not use during general anesthesia administration or in comatose.. 
1138,Device Name: Ultrasound Scanner. Model Number: COO754. Manufacturer: Cook Medical. Indications for Use: Indicated for oxygen saturation optimization in sleep medicine centers for respiratory disorders.. Contraindications: Avoid use in patients with insulin pumps or ocular implants. Not suitable for oxygen-rich environments.. 
1139,Device Name: Ventilator. Model Number: Pro681. Manufacturer: Cooper Companies. Indications for Use: Intended for disease management evaluation in rehabilitation medicine for critical illness recovery.. Contraindications: Contraindicated in patients with acute myocardial infarction or unable to follow instructions.. 
1140,Device Name: Patient Monitor. Model Number: Z-5209. Manufacturer: Cook Medical. Indications for Use: Indicated for routine infection prevention screening in outpatient clinical facilities.. Contraindications: Contraindicated in presence of petroleum products or during radiofrequency ablation.. 
1141,Device Name: Blood Glucose Monitor. Model Number: Model 5219. Manufacturer: ResMed. Indications for Use: Designed for perioperative glucose levels management during neurological interventions.. Contraindications: Contraindicated in patients with epilepsy or on chemotherapy drugs.. 
1142,
1143,
1144,Device Name: Electrosurgical Unit. Model Number: Max478. Manufacturer: Cook Medical. Indications for Use: Intended for catheterization delivery in palliative care settings for terminal patients.. Contraindications: Do not use during local anesthesia administration or in comatose.. 
1145,Device Name: Anesthesia Machine. Model Number: X-9093. Manufacturer: Beckman Coulter. Indications for Use: Used for long-term wound irrigation delivery in ambulatory care settings for sepsis patients.. Contraindications: Avoid use if patient has acute myocardial infarction or is receiving antiseptics.. 
1146,Device Name: Syringe Pump. Model Number: Model 2050. Manufacturer: ResMed. Indications for Use: Designed for home-based wound irrigation in stable geriatric patients with chronic hypertension.. Contraindications: Do not use in patients with pregnancy or severe severe anemia.. 
1147,Device Name: Blood Pressure Monitor. Model Number: A-1137. Manufacturer: Dexcom. Indications for Use: Indicated for oxygen saturation surveillance in infection control protocols.. Contraindications: Avoid use in patients with peripheral vascular disease or severe acute myocardial infarction.. 
1148,Device Name: X-Ray Machine. Model Number: Model 8456. Manufacturer: Smith & Nephew. Indications for Use: Indicated for emergency temperature stabilization in trauma center resuscitation rooms.. Contraindications: Do not use if sensor failure is detected or quality control has expired.. 
1149,Device Name: Digital Thermometer. Model Number: Model 5931. Manufacturer: Richard Wolf. Indications for Use: Intended for imaging verification in quality assurance and device validation protocols.. Contraindications: Do not use if battery depletion is detected or routine maintenance has expired.. 
1150,Device Name: Surgical Robot. Model Number: Model 7451. Manufacturer: Philips Healthcare. Indications for Use: Designed for home-based dialysis in stable mentally impaired patients with chronic chronic conditions.. Contraindications: Avoid use in patients with severe diabetes or severe stroke.. 
1151,Device Name: Pulse Oximeter. Model Number: C-2896. Manufacturer: Edwards Lifesciences. Indications for Use: Indicated for hemoglobin levels optimization in sleep medicine centers for respiratory disorders.. Contraindications: Do not use if structural defects is present or wound is infected.. 
1152,Device Name: Insulin Pump. Model Number: Model 4920. Manufacturer: Roche. Indications for Use: Designed for tissue biopsy facilitation in telemedicine and remote patient monitoring.. Contraindications: Avoid use if patient has severe cardiac arrhythmias or is receiving petroleum products.. 
1153,Device Name: Infusion Pump. Model Number: Plus239. Manufacturer: GE Healthcare. Indications for Use: Intended for sterilization support in cardiac catheterization laboratory environments.. Contraindications: Contraindicated in patients with severe active infections or uncontrolled renal insufficiency.. 
1154,Device Name: Orthopedic Implant. Model Number: C-5619. Manufacturer: Olympus Corporation. Indications for Use: Indicated for hemoglobin levels surveillance in infection control protocols.. Contraindications: Avoid use in patients with metal implants or uncontrolled sepsis.. 
1155,Device Name: Wound Care System. Model Number: BAX337. Manufacturer: Baxter International. Indications for Use: Intended for tissue biopsy delivery in palliative care settings for terminal patients.. Contraindications: Not recommended in presence of active infections or at open wounds locations.. 
1156,
1157,Device Name: Digital Thermometer. Model Number: SMI303. Manufacturer: Smith & Nephew. Indications for Use: Used for intraoperative infection prevention monitoring during complex gastroenterological surgeries.. Contraindications: Do not use if malformations is present or incision is infected.. 
1158,Device Name: Defibrillator. Model Number: X-9453. Manufacturer: Steris. Indications for Use: Intended for monitoring support in cardiac catheterization laboratory environments.. Contraindications: Avoid use if patient has acute myocardial infarction or is receiving chemotherapy drugs.. 
1159,
1160,Device Name: Patient Monitor. Model Number: Model 7238. Manufacturer: Fresenius Medical Care. Indications for Use: Indicated for pH levels surveillance in infection control protocols.. Contraindications: Not recommended for use in mentally impaired patients or those with severe cardiac arrhythmias.. 
1161,Device Name: Pulse Oximeter. Model Number: Pro617. Manufacturer: Beckman Coulter. Indications for Use: Intended for pacemaker implantation delivery in palliative care settings for terminal patients.. Contraindications: Avoid use if patient has epilepsy or history of blood clots.. 
1162,Device Name: Stent. Model Number: Plus951. Manufacturer: BioMérieux. Indications for Use: Intended for catheterization delivery in palliative care settings for terminal patients.. Contraindications: Do not use if malformations is present or incision is infected.. 
1163,Device Name: X-Ray Machine. Model Number: SMI666. Manufacturer: Smith & Nephew. Indications for Use: Designed for radiation therapy optimization in chronic disease management programs.. Contraindications: Do not use in patients with pulmonary edema or severe severe diabetes.. 
1164,Device Name: Dialysis Machine. Model Number: MÖL367. Manufacturer: Mölnlycke Health Care. Indications for Use: Indicated for real-time blood gas analysis assessment in emergency department triage protocols.. Contraindications: Do not use during general anesthesia administration or in sedated.. 
1165,Device Name: X-Ray Machine. Model Number: Pro922. Manufacturer: Sonova. Indications for Use: Intended for imaging verification in quality assurance and device validation protocols.. Contraindications: Not suitable for use during hyperthermia treatment or X-ray.. 
1166,Device Name: Catheter. Model Number: Model 5970. Manufacturer: Align Technology. Indications for Use: Indicated for continuous temperature monitoring during emergency surgical procedures.. Contraindications: Avoid use in patients with active pregnancy or compromised renal function.. 
1167,Device Name: X-Ray Machine. Model Number: Model 6900. Manufacturer: IDEXX Laboratories. Indications for Use: Designed for home-based thermal therapy in stable diabetic patients with chronic chronic conditions.. Contraindications: Do not use during general anesthesia administration or in sedated.. 
1168,
1169,Device Name: Stent. Model Number: Model 9601. Manufacturer: Richard Wolf. Indications for Use: Designed for therapeutic delivery assistance in geriatric care facilities for elderly patients.. Contraindications: Contraindicated in patients with hepatic dysfunction or severe coagulopathy.. 
1170,Device Name: Blood Pressure Monitor. Model Number: Z-3057. Manufacturer: Waters Corporation. Indications for Use: Indicated for routine patient positioning screening in outpatient clinical facilities.. Contraindications: Not suitable for use with chemotherapy drugs or in electromagnetic interference zones.. 
1171,Device Name: CPAP Machine. Model Number: Max430. Manufacturer: Align Technology. Indications for Use: Used for therapeutic dialysis in geriatric patients requiring defibrillation.. Contraindications: Contraindicated in presence of radio frequencies or strong magnetic fields exposure.. 
1172,Device Name: Blood Pressure Monitor. Model Number: NIP682. Manufacturer: Nipro Corporation. Indications for Use: Indicated for emergency heart rate stabilization in trauma center resuscitation rooms.. Contraindications: Do not use if sensor failure is detected or routine maintenance has expired.. 
1173,Device Name: Defibrillator. Model Number: NIP952. Manufacturer: Nipro Corporation. Indications for Use: Intended for data analysis support in cardiac catheterization laboratory environments.. Contraindications: Do not use if malformations is present or incision is infected.. 
1174,Device Name: Patient Monitor. Model Number: COL639. Manufacturer: Coloplast. Indications for Use: Intended for quality control guidance during minimally invasive emergency procedures.. Contraindications: Contraindicated in patients with stroke or unable to remain still.. 
1175,Device Name: Wound Care System. Model Number: C-8320. Manufacturer: Mindray. Indications for Use: Designed for symptom relief in patients with sepsis under medical supervision.. Contraindications: Not suitable for use during MRI scanning or CT scan.. 
1176,Device Name: Defibrillator. Model Number: A-4357. Manufacturer: Edwards Lifesciences. Indications for Use: Used for pain management administration in pediatric hospital units under specialist supervision.. Contraindications: Avoid use in patients with respiratory failure or severe sepsis.. 
1177,Device Name: Infusion Pump. Model Number: Model 6106. Manufacturer: ResMed. Indications for Use: Indicated for routine specimen collection screening in outpatient clinical facilities.. Contraindications: Contraindicated in patients with renal insufficiency or unable to remain still.. 
1178,Device Name: Pulse Oximeter. Model Number: GET729. Manufacturer: Getinge. Indications for Use: Indicated for routine alarm management screening in outpatient clinical facilities.. Contraindications: Not recommended in presence of severe osteoporosis or at infected areas locations.. 
1179,Device Name: Pulse Oximeter. Model Number: AES271. Manufacturer: Aesculap. Indications for Use: Intended for wound care evaluation in rehabilitation medicine for diabetes recovery.. Contraindications: Do not use in combination with antiseptics or electrotherapy modalities.. 
1180,Device Name: Defibrillator. Model Number: B-1499. Manufacturer: Terumo. Indications for Use: Indicated for routine alarm management screening in outpatient clinical facilities.. Contraindications: Do not use if patient has known allergy to corticosteroids or hypersensitivity to conductive gels.. 
1181,Device Name: Stent. Model Number: Pro379. Manufacturer: Hologic. Indications for Use: Designed for home-based compression therapy in stable burn patients with chronic infectious diseases.. Contraindications: Not suitable for use during cryotherapy or X-ray.. 
1182,Device Name: Ventilator. Model Number: B-2724. Manufacturer: Cooper Companies. Indications for Use: Intended for monitoring and measuring temperature in geriatric patients in hospital and clinical settings.. Contraindications: Do not use in patients with thrombocytopenia. Contraindicated in MRI environments.. 
1183,Device Name: Pulse Oximeter. Model Number: Z-2937. Manufacturer: ConvaTec. Indications for Use: Designed for radiation therapy optimization in chronic disease management programs.. Contraindications: Not recommended for use in diabetic patients or those with pulmonary edema.. 
1184,Device Name: Pulse Oximeter. Model Number: DEN833. Manufacturer: Dentsply Sirona. Indications for Use: Designed for catheterization facilitation in telemedicine and remote patient monitoring.. Contraindications: Not suitable for use with radioactive materials or in high altitude conditions.. 
1185,Device Name: Blood Pressure Monitor. Model Number: SMI946. Manufacturer: Smith & Nephew. Indications for Use: Used for fluid resuscitation guidance in oncology treatment centers for cancer patients.. Contraindications: Avoid use in patients with ocular implants or shunts. Not suitable for power outages.. 
1186,
1187,Device Name: ECG Machine. Model Number: A-3079. Manufacturer: ResMed. Indications for Use: Intended for monitoring and measuring electrolyte balance in immunocompromised patients in hospital and clinical settings.. Contraindications: Avoid use if patient has active infections or history of embolism.. 
1188,Device Name: X-Ray Machine. Model Number: GET342. Manufacturer: Getinge. Indications for Use: Intended for quality control guidance during minimally invasive thoracic procedures.. Contraindications: Not recommended for use in terminally ill patients or those with active infections.. 
1189,
1190,
1191,Device Name: Surgical Robot. Model Number: Model 8862. Manufacturer: Zimmer Biomet. Indications for Use: Indicated for diagnostic documentation to assess chronic conditions in clinical environments.. Contraindications: Do not use in combination with cleaning solvents or respiratory support modalities.. 
1192,Device Name: CPAP Machine. Model Number: Max723. Manufacturer: Alcon. Indications for Use: Used for emergency blood transfusion in acute cardiac disorders situations requiring immediate care.. Contraindications: Avoid use if patient has skin allergies or history of blood clots.. 
1193,Device Name: Insulin Pump. Model Number: C-5430. Manufacturer: Zeiss Medical Technology. Indications for Use: Intended for emergency resuscitation therapy in intensive care unit environments for critically ill patients.. Contraindications: Avoid use if patient has epilepsy or history of blood clots.. 
1194,Device Name: Electrosurgical Unit. Model Number: BEC965. Manufacturer: Beckman Coulter. Indications for Use: Used for emergency hemodialysis in acute stroke situations requiring immediate care.. Contraindications: Do not use if structural defects is present or wound is infected.. 
1195,Device Name: Orthopedic Implant. Model Number: C-3539. Manufacturer: Mölnlycke Health Care. Indications for Use: Designed for home-based wound irrigation in stable radiation therapy patients with chronic stroke.. Contraindications: Do not use during local anesthesia administration or in comatose.. 
1196,Device Name: Nebulizer. Model Number: Model 406. Manufacturer: Siemens Healthineers. Indications for Use: Designed for hemodialysis support in neonatal intensive care environments.. Contraindications: Not suitable for use during shock wave therapy or CT scan.. 
1197,Device Name: Patient Monitor. Model Number: X-4828. Manufacturer: Getinge. Indications for Use: Intended for blood transfusion delivery in palliative care settings for terminal patients.. Contraindications: Contraindicated in patients with acute myocardial infarction or on vasoconstrictors.. 
1198,Device Name: Orthopedic Implant. Model Number: Pro636. Manufacturer: Sartorius. Indications for Use: Designed for catheterization support in neonatal intensive care environments.. Contraindications: Contraindicated in patients with severe osteoporosis or severe severe osteoporosis.. 
1199,Device Name: Orthopedic Implant. Model Number: Z-8103. Manufacturer: Baxter International. Indications for Use: Designed for tissue regeneration in patients with trauma under medical supervision.. Contraindications: Contraindicated in presence of electromagnetic fields or MRI environments exposure.. 
1200,Device Name: Digital Thermometer. Model Number: Pro862. Manufacturer: BioMérieux. Indications for Use: Used for long-term thermal therapy delivery in ambulatory care settings for orthopedic injuries patients.. Contraindications: Not suitable for use in infectious disease isolation with explosion or during unstable patient conditions.. 
1201,Device Name: ECG Machine. Model Number: Plus825. Manufacturer: Coloplast. Indications for Use: Intended for measurement guidance during minimally invasive gastroenterological procedures.. Contraindications: Not suitable for use in underwater environments with explosion or during aircraft cabins.. 
1202,Device Name: Dialysis Machine. Model Number: Z-9080. Manufacturer: Thermo Fisher Scientific. Indications for Use: Intended for calibration support in cardiac catheterization laboratory environments.. Contraindications: Avoid use in patients with active sepsis or compromised cardiovascular function.. 
1203,Device Name: Anesthesia Machine. Model Number: Model 2253. Manufacturer: Stryker. Indications for Use: Designed for perioperative blood pressure management during cardiac interventions.. Contraindications: Contraindicated in patients with severe renal insufficiency or uncontrolled thrombocytopenia.. 
1204,"Device Name: Surgical Robot. Model Number: INT358. Manufacturer: Intuitive Surgical. Indications for Use: Designed for home-based respiratory support in stable chemotherapy patients with chronic orthopedic injuries.. Contraindications: Not recommended during pregnancy, lactation, or in dialysis-dependent under 15 years.. "
1205,Device Name: Ultrasound Scanner. Model Number: A-1698. Manufacturer: Medtronic. Indications for Use: Used for emergency defibrillation in acute respiratory conditions situations requiring immediate care.. Contraindications: Contraindicated in patients with pulmonary edema or severe peripheral vascular disease.. 
1206,Device Name: Patient Monitor. Model Number: Pro453. Manufacturer: Cooper Companies. Indications for Use: Used for intraoperative alarm management monitoring during complex transplant surgeries.. Contraindications: Not recommended in presence of active infections or at infected areas locations.. 
1207,Device Name: Patient Monitor. Model Number: C-3127. Manufacturer: Beckman Coulter. Indications for Use: Designed for surgical assistance assistance in geriatric care facilities for elderly patients.. Contraindications: Avoid use in patients with bone plates or ocular implants. Not suitable for MRI environments.. 
1208,Device Name: Digital Thermometer. Model Number: C-8020. Manufacturer: Beckman Coulter. Indications for Use: Indicated for central venous pressure analysis in laboratory diagnostic testing environments.. Contraindications: Do not use in patients with active infections or severe stroke.. 
1209,Device Name: Patient Monitor. Model Number: Max453. Manufacturer: Roche. Indications for Use: Used for post-operative dialysis management in hospital recovery units.. Contraindications: Do not use in patients with active infections. Contraindicated in aircraft cabins.. 
1210,Device Name: Electrosurgical Unit. Model Number: ZIM431. Manufacturer: Zimmer Biomet. Indications for Use: Indicated for real-time intracranial pressure assessment in emergency department triage protocols.. Contraindications: Avoid use if patient has acute myocardial infarction or history of blood clots.. 
1211,Device Name: Catheter. Model Number: Z-1895. Manufacturer: Roche. Indications for Use: Intended for specimen collection guidance during minimally invasive reconstructive procedures.. Contraindications: Do not use in patients with severe cardiac arrhythmias. Contraindicated in maintenance procedures.. 
1212,Device Name: Ultrasound Scanner. Model Number: Model 6454. Manufacturer: Roche. Indications for Use: Intended for surgical transplant procedures in operating room settings.. Contraindications: Not suitable for use in hyperbaric chambers with radiation or during emergency situations.. 
1213,Device Name: Ventilator. Model Number: A-3712. Manufacturer: Richard Wolf. Indications for Use: Intended for monitoring and measuring blood pressure in hemodynamically unstable patients in hospital and clinical settings.. Contraindications: Avoid use if patient has hepatic dysfunction or history of embolism.. 
1214,Device Name: X-Ray Machine. Model Number: A-2508. Manufacturer: ConvaTec. Indications for Use: Indicated for emergency heart rate stabilization in trauma center resuscitation rooms.. Contraindications: Avoid use in patients with metallic implants or metallic implants. Not suitable for infectious disease isolation.. 
1215,
1216,Device Name: Stent. Model Number: Plus443. Manufacturer: Nipro Corporation. Indications for Use: Intended for monitoring and measuring pH levels in substance abuse patients in hospital and clinical settings.. Contraindications: Contraindicated in patients with pulmonary edema or frostbite risk.. 
1217,Device Name: Defibrillator. Model Number: SON801. Manufacturer: Sonova. Indications for Use: Indicated for emergency heart rate stabilization in trauma center resuscitation rooms.. Contraindications: Do not use during local anesthesia administration or in comatose.. 
1218,Device Name: Orthopedic Implant. Model Number: Max101. Manufacturer: Dentsply Sirona. Indications for Use: Intended for monitoring and measuring respiratory rate in immunocompromised patients in hospital and clinical settings.. Contraindications: Contraindicated in patients with stroke or on latex proteins.. 
1219,Device Name: Nebulizer. Model Number: X-6744. Manufacturer: Steris. Indications for Use: Intended for wound care evaluation in rehabilitation medicine for neurological disorders recovery.. Contraindications: Do not use if patient has known allergy to cleaning solvents or hypersensitivity to corticosteroids.. 
1220,Device Name: Pacemaker. Model Number: ABB240. Manufacturer: Abbott. Indications for Use: Intended for infection prevention guidance during minimally invasive minimally invasive procedures.. Contraindications: Not recommended for use in unconscious patients or those with uncontrolled seizures.. 
1221,Device Name: Dialysis Machine. Model Number: Max517. Manufacturer: Sartorius. Indications for Use: Indicated for continuous blood pressure monitoring during ophthalmic surgical procedures.. Contraindications: Not suitable for use with bronchodilators or in training scenarios.. 
1222,Device Name: ECG Machine. Model Number: Model 2132. Manufacturer: Getinge. Indications for Use: Intended for surgical thoracic procedures in operating room settings.. Contraindications: Not suitable for use with certain medications or in electromagnetic interference zones.. 
1223,Device Name: Electrosurgical Unit. Model Number: C-2723. Manufacturer: Cardinal Health. Indications for Use: Used for long-term phototherapy delivery in ambulatory care settings for orthopedic injuries patients.. Contraindications: Do not use if sensor failure is detected or routine maintenance has expired.. 
1224,Device Name: ECG Machine. Model Number: BEC335. Manufacturer: Becton Dickinson. Indications for Use: Intended for alarm management support in cardiac catheterization laboratory environments.. Contraindications: Do not use if malformations is present or incision is infected.. 
1225,Device Name: Nebulizer. Model Number: Model 3583. Manufacturer: Hologic. Indications for Use: Designed for home-based drug delivery in stable trauma patients with chronic hypertension.. Contraindications: Contraindicated in patients with bleeding disorders or frostbite risk.. 
1226,Device Name: Ultrasound Scanner. Model Number: Z-5561. Manufacturer: Dentsply Sirona. Indications for Use: Used for compression therapy guidance in oncology treatment centers for cancer patients.. Contraindications: Not suitable for use with corticosteroids or in underwater environments.. 
1227,Device Name: Ultrasound Scanner. Model Number: Model 9137. Manufacturer: Hologic. Indications for Use: Used for intraoperative monitoring monitoring during complex urological surgeries.. Contraindications: Contraindicated in patients with severe immunodeficiency or uncontrolled thrombocytopenia.. 
1228,Device Name: Anesthesia Machine. Model Number: B-2335. Manufacturer: BioMérieux. Indications for Use: Designed for perioperative blood pressure management during thoracic interventions.. Contraindications: Contraindicated in presence of radio frequencies or MRI environments exposure.. 
1229,Device Name: Digital Thermometer. Model Number: A-8416. Manufacturer: 3M Healthcare. Indications for Use: Indicated for vital signs optimization in sleep medicine centers for respiratory disorders.. Contraindications: Avoid use in patients with bleeding disorders or altered cognitive function.. 
1230,Device Name: Dialysis Machine. Model Number: ALI768. Manufacturer: Align Technology. Indications for Use: Indicated for continuous blood gas analysis monitoring during urological surgical procedures.. Contraindications: Do not use in patients with autoimmune disorders. Contraindicated in cleaning protocols.. 
1231,Device Name: Patient Monitor. Model Number: ZEI460. Manufacturer: Zeiss Medical Technology. Indications for Use: Indicated for oxygen saturation analysis in laboratory diagnostic testing environments.. Contraindications: Do not use in patients with malignant hyperthermia. Contraindicated in power outages.. 
1232,"Device Name: Pacemaker. Model Number: Model 5341. Manufacturer: GE Healthcare. Indications for Use: Designed for joint replacement support in neonatal intensive care environments.. Contraindications: Not recommended during pregnancy, lactation, or in trauma under 15 years.. "
1233,Device Name: Orthopedic Implant. Model Number: Model 8483. Manufacturer: Aesculap. Indications for Use: Used for emergency medication administration in acute stroke situations requiring immediate care.. Contraindications: Contraindicated in patients with autoimmune disorders or severe metal implants.. 
1234,Device Name: Wound Care System. Model Number: Pro244. Manufacturer: Siemens Healthineers. Indications for Use: Intended for stent placement delivery in palliative care settings for terminal patients.. Contraindications: Not recommended for patients with epilepsy or severe malignant hyperthermia.. 
1235,Device Name: Catheter. Model Number: THE984. Manufacturer: Thermo Fisher Scientific. Indications for Use: Used for emergency stent placement in acute neurological disorders situations requiring immediate care.. Contraindications: Not recommended for patients with pacemakers or severe pulmonary edema.. 
1236,Device Name: Nebulizer. Model Number: Z-7369. Manufacturer: Aesculap. Indications for Use: Indicated for diagnostic alarm management to assess infectious diseases in clinical environments.. Contraindications: Not recommended for use in post-operative patients or those with pulmonary edema.. 
1237,Device Name: Surgical Drill. Model Number: Model 6091. Manufacturer: Thermo Fisher Scientific. Indications for Use: Used for long-term thermal therapy delivery in ambulatory care settings for chronic conditions patients.. Contraindications: Not suitable for use in electromagnetic interference zones with explosion or during MRI environments.. 
1238,Device Name: ECG Machine. Model Number: COL844. Manufacturer: Coloplast. Indications for Use: Intended for monitoring and measuring blood gas analysis in mentally impaired patients in hospital and clinical settings.. Contraindications: Contraindicated in presence of muscle relaxants or during magnetic stimulation.. 
1239,Device Name: Surgical Robot. Model Number: Max563. Manufacturer: Becton Dickinson. Indications for Use: Indicated for temperature surveillance in infection control protocols.. Contraindications: Avoid use in patients with acute myocardial infarction or uncontrolled severe diabetes.. 
1240,
1241,Device Name: Pacemaker. Model Number: SON489. Manufacturer: Sonova. Indications for Use: Designed for blood transfusion facilitation in telemedicine and remote patient monitoring.. Contraindications: Contraindicated in patients with respiratory failure or unable to remain still.. 
1242,Device Name: Catheter. Model Number: C-9908. Manufacturer: Coloplast. Indications for Use: Used for post-operative drug delivery management in hospital recovery units.. Contraindications: Contraindicated in patients with acute myocardial infarction or on vasoconstrictors.. 
1243,Device Name: Surgical Robot. Model Number: SYN459. Manufacturer: Synthes. Indications for Use: Used for therapeutic electrotherapy in neonatal patients requiring surgical intervention.. Contraindications: Avoid use if patient has thrombocytopenia or is receiving antiseptics.. 
1244,Device Name: CPAP Machine. Model Number: A-8941. Manufacturer: Medtronic. Indications for Use: Intended for alarm management support in cardiac catheterization laboratory environments.. Contraindications: Avoid use in patients with epilepsy or uncontrolled severe hypertension.. 
1245,Device Name: Surgical Robot. Model Number: COO723. Manufacturer: Cook Medical. Indications for Use: Intended for documentation guidance during minimally invasive reconstructive procedures.. Contraindications: Not suitable for use with sedatives or in unsupervised use.. 
1246,
1247,Device Name: Defibrillator. Model Number: Max802. Manufacturer: Fresenius Medical Care. Indications for Use: Intended for monitoring and measuring ECG readings in hemodynamically unstable patients in hospital and clinical settings.. Contraindications: Contraindicated in presence of blood thinners or during electrical cardioversion.. 
1248,Device Name: Nebulizer. Model Number: Model 7249. Manufacturer: ConvaTec. Indications for Use: Indicated for vital signs analysis in laboratory diagnostic testing environments.. Contraindications: Do not use if sensor failure is detected or routine maintenance has expired.. 
1249,Device Name: Syringe Pump. Model Number: Z-9705. Manufacturer: GE Healthcare. Indications for Use: Intended for monitoring and measuring pulmonary function in diabetic patients in hospital and clinical settings.. Contraindications: Contraindicated in patients with respiratory failure or on certain medications.. 
1250,Device Name: Dialysis Machine. Model Number: X-9380. Manufacturer: Siemens Healthineers. Indications for Use: Indicated for blood pressure analysis in laboratory diagnostic testing environments.. Contraindications: Do not use in patients with pacemakers. Contraindicated in unstable patient conditions.. 
1251,Device Name: Pulse Oximeter. Model Number: C-7527. Manufacturer: Zimmer Biomet. Indications for Use: Intended for pacemaker implantation delivery in palliative care settings for terminal patients.. Contraindications: Avoid use in patients with peripheral vascular disease or severe malignant hyperthermia.. 
1252,Device Name: Orthopedic Implant. Model Number: CAR666. Manufacturer: Cardinal Health. Indications for Use: Used for long-term dialysis delivery in ambulatory care settings for cardiac disorders patients.. Contraindications: Do not use in patients with immunodeficiency. Contraindicated in high altitude conditions.. 
1253,Device Name: Anesthesia Machine. Model Number: Model 6082. Manufacturer: Danaher. Indications for Use: Intended for monitoring verification in quality assurance and device validation protocols.. Contraindications: Do not use during general anesthesia administration or in sedated.. 
1254,Device Name: Surgical Drill. Model Number: SON591. Manufacturer: Sonova. Indications for Use: Indicated for central venous pressure optimization in sleep medicine centers for respiratory disorders.. Contraindications: Not recommended for patients with pacemakers or severe severe osteoporosis.. 
1255,Device Name: Syringe Pump. Model Number: SAR609. Manufacturer: Sartorius. Indications for Use: Used for therapeutic chemotherapy in unconscious patients requiring medication administration.. Contraindications: Do not use in patients with hepatic dysfunction. Contraindicated in radiation therapy areas.. 
1256,"Device Name: Surgical Drill. Model Number: X-2222. Manufacturer: ConvaTec. Indications for Use: Used for emergency hemodialysis in acute trauma situations requiring immediate care.. Contraindications: Not recommended during pregnancy, lactation, or in unconscious under 21 years.. "
1257,Device Name: Patient Monitor. Model Number: Model 5090. Manufacturer: Mindray. Indications for Use: Used for therapeutic respiratory support in substance abuse patients requiring stent placement.. Contraindications: Avoid use in patients with thrombocytopenia or altered consciousness.. 
1258,Device Name: Anesthesia Machine. Model Number: Model 7407. Manufacturer: Getinge. Indications for Use: Intended for monitoring and measuring temperature in pediatric patients in hospital and clinical settings.. Contraindications: Contraindicated in presence of radio frequencies or MRI environments exposure.. 
1259,Device Name: Nebulizer. Model Number: RES976. Manufacturer: ResMed. Indications for Use: Used for pain management guidance in oncology treatment centers for cancer patients.. Contraindications: Do not use in patients with peripheral vascular disease. Contraindicated in explosive atmospheres.. 
1260,Device Name: ECG Machine. Model Number: Max123. Manufacturer: Alcon. Indications for Use: Used for emergency intubation in acute orthopedic injuries situations requiring immediate care.. Contraindications: Do not use if patient has known allergy to cleaning solvents or hypersensitivity to cleaning solvents.. 
1261,Device Name: Electrosurgical Unit. Model Number: IDE892. Manufacturer: IDEXX Laboratories. Indications for Use: Indicated for real-time electrolyte balance assessment in emergency department triage protocols.. Contraindications: Contraindicated in patients with severe respiratory failure or uncontrolled severe hypertension.. 
1262,Device Name: Infusion Pump. Model Number: Plus794. Manufacturer: Synthes. Indications for Use: Intended for device maintenance verification in quality assurance and device validation protocols.. Contraindications: Do not use in patients with bleeding disorders or severe thrombocytopenia.. 
1263,Device Name: Ultrasound Scanner. Model Number: Model 1968. Manufacturer: Terumo. Indications for Use: Used for oxygen therapy guidance in oncology treatment centers for cancer patients.. Contraindications: Do not use in patients with acute myocardial infarction. Contraindicated in emergency situations.. 
1264,Device Name: Blood Pressure Monitor. Model Number: DEN697. Manufacturer: Dentsply Sirona. Indications for Use: Used for post-operative chemotherapy management in hospital recovery units.. Contraindications: Contraindicated in patients with pacemakers or on chemotherapy drugs.. 
1265,Device Name: ECG Machine. Model Number: A-3521. Manufacturer: Fresenius Medical Care. Indications for Use: Designed for perioperative cardiac output management during orthopedic interventions.. Contraindications: Avoid use in patients with hepatic dysfunction or altered consciousness.. 
1266,Device Name: Orthopedic Implant. Model Number: RIC546. Manufacturer: Richard Wolf. Indications for Use: Designed for compression therapy optimization in chronic disease management programs.. Contraindications: Not suitable for use with flammable anesthetics or in power outages.. 
1267,Device Name: Defibrillator. Model Number: Model 8402. Manufacturer: Philips Healthcare. Indications for Use: Designed for tissue regeneration assistance in geriatric care facilities for elderly patients.. Contraindications: Avoid use in patients with acute myocardial infarction or severe coagulopathy.. 
1268,Device Name: Orthopedic Implant. Model Number: Max155. Manufacturer: Baxter International. Indications for Use: Intended for continuous monitoring therapy in intensive care unit environments for critically ill patients.. Contraindications: Avoid use if patient has stroke or is receiving petroleum products.. 
1269,Device Name: Infusion Pump. Model Number: B-9084. Manufacturer: ConvaTec. Indications for Use: Intended for surgical transplant procedures in operating room settings.. Contraindications: Avoid use if patient has severe hypertension or is receiving flammable anesthetics.. 
1270,"Device Name: Electrosurgical Unit. Model Number: Model 6737. Manufacturer: Terumo. Indications for Use: Indicated for routine patient positioning screening in outpatient clinical facilities.. Contraindications: Not recommended during pregnancy, lactation, or in burn under 16 years.. "
1271,Device Name: Anesthesia Machine. Model Number: BOS219. Manufacturer: Boston Scientific. Indications for Use: Indicated for intracranial pressure surveillance in infection control protocols.. Contraindications: Do not use if structural defects is present or wound is infected.. 
1272,Device Name: Surgical Drill. Model Number: Model 6718. Manufacturer: Sonova. Indications for Use: Used for intraoperative data analysis monitoring during complex transplant surgeries.. Contraindications: Not recommended for use in pediatric patients or those with severe hypertension.. 
1273,Device Name: CPAP Machine. Model Number: Model 8738. Manufacturer: ResMed. Indications for Use: Used for dialysis guidance in oncology treatment centers for cancer patients.. Contraindications: Do not use if malformations is present or wound is infected.. 
1274,Device Name: CPAP Machine. Model Number: COL353. Manufacturer: Coloplast. Indications for Use: Designed for wound care assistance in geriatric care facilities for elderly patients.. Contraindications: Not recommended in presence of renal insufficiency or at open wounds locations.. 
1275,Device Name: Surgical Robot. Model Number: Max438. Manufacturer: Smith & Nephew. Indications for Use: Indicated for diagnostic sterilization to assess orthopedic injuries in clinical environments.. Contraindications: Contraindicated in patients with acute myocardial infarction or on gadolinium agents.. 
1276,Device Name: Anesthesia Machine. Model Number: C-2650. Manufacturer: Getinge. Indications for Use: Intended for tissue biopsy delivery in palliative care settings for terminal patients.. Contraindications: Avoid use in patients with hepatic dysfunction or uncontrolled hepatic dysfunction.. 
1277,Device Name: Syringe Pump. Model Number: Pro820. Manufacturer: Abbott. Indications for Use: Designed for drug delivery optimization in chronic disease management programs.. Contraindications: Avoid use in patients with insulin pumps or metallic implants. Not suitable for oxygen-rich environments.. 
1278,
1279,Device Name: Electrosurgical Unit. Model Number: Model 7313. Manufacturer: Coloplast. Indications for Use: Intended for monitoring and measuring ECG readings in morbidly obese patients in hospital and clinical settings.. Contraindications: Not suitable for use in cleaning protocols with radiation or during radiation therapy areas.. 
1280,"Device Name: Dialysis Machine. Model Number: Pro109. Manufacturer: Thermo Fisher Scientific. Indications for Use: Indicated for hemoglobin levels analysis in laboratory diagnostic testing environments.. Contraindications: Not recommended during pregnancy, lactation, or in psychiatric under 16 years.. "
1281,Device Name: Wound Care System. Model Number: ABB742. Manufacturer: Abbott. Indications for Use: Indicated for real-time pH levels assessment in emergency department triage protocols.. Contraindications: Not recommended for use in sedated patients or those with severe cardiac arrhythmias.. 
1282,
1283,
1284,Device Name: Orthopedic Implant. Model Number: PHI214. Manufacturer: Philips Healthcare. Indications for Use: Designed for defibrillation support in neonatal intensive care environments.. Contraindications: Do not use if patient has known allergy to latex proteins or hypersensitivity to cleaning solvents.. 
1285,Device Name: Wound Care System. Model Number: COO491. Manufacturer: Cooper Companies. Indications for Use: Used for long-term cardiac therapy delivery in ambulatory care settings for sepsis patients.. Contraindications: Avoid use in patients with active severe hypertension or compromised respiratory function.. 
1286,Device Name: Insulin Pump. Model Number: CON191. Manufacturer: ConvaTec. Indications for Use: Used for therapeutic respiratory support in ventilator-dependent patients requiring tissue biopsy.. Contraindications: Contraindicated in patients with pacemakers or on contrast agents.. 
1287,Device Name: Dialysis Machine. Model Number: ROC314. Manufacturer: Roche. Indications for Use: Intended for data analysis verification in quality assurance and device validation protocols.. Contraindications: Avoid use in patients with severe hypertension or uncontrolled severe cardiac arrhythmias.. 
1288,Device Name: Blood Pressure Monitor. Model Number: B-7808. Manufacturer: Intuitive Surgical. Indications for Use: Indicated for continuous intracranial pressure monitoring during ophthalmic surgical procedures.. Contraindications: Contraindicated in patients with severe severe cardiac arrhythmias or uncontrolled pacemakers.. 
1289,Device Name: Wound Care System. Model Number: Max616. Manufacturer: Siemens Healthineers. Indications for Use: Intended for infection control evaluation in rehabilitation medicine for neurological disorders recovery.. Contraindications: Avoid use in patients with metal implants or altered consciousness.. 
1290,Device Name: Blood Glucose Monitor. Model Number: B-7275. Manufacturer: Hoya Corporation. Indications for Use: Used for long-term thermal therapy delivery in ambulatory care settings for renal failure patients.. Contraindications: Avoid use in patients with active severe anemia or compromised nervous function.. 
1291,Device Name: Electrosurgical Unit. Model Number: EDW280. Manufacturer: Edwards Lifesciences. Indications for Use: Intended for sterilization guidance during minimally invasive transplant procedures.. Contraindications: Contraindicated in patients with active infections or severe uncontrolled seizures.. 
1292,Device Name: Blood Pressure Monitor. Model Number: B. 525. Manufacturer: B. Braun. Indications for Use: Intended for tissue biopsy delivery in palliative care settings for terminal patients.. Contraindications: Not suitable for use in maintenance procedures with fire or during unstable patient conditions.. 
1293,"Device Name: Syringe Pump. Model Number: KAR773. Manufacturer: Karl Storz. Indications for Use: Intended for surgical oncological procedures in operating room settings.. Contraindications: Not recommended during pregnancy, lactation, or in geriatric under 19 years.. "
1294,Device Name: Nebulizer. Model Number: A-5504. Manufacturer: Abbott. Indications for Use: Indicated for real-time intracranial pressure assessment in emergency department triage protocols.. Contraindications: Not recommended for use in morbidly obese patients or those with pacemakers.. 
1295,Device Name: ECG Machine. Model Number: Model 9360. Manufacturer: Mindray. Indications for Use: Used for oxygen therapy administration in pediatric hospital units under specialist supervision.. Contraindications: Avoid use if patient has peripheral vascular disease or is receiving muscle relaxants.. 
1296,Device Name: Syringe Pump. Model Number: COO331. Manufacturer: Cooper Companies. Indications for Use: Intended for surgical thoracic procedures in operating room settings.. Contraindications: Avoid use if patient has hepatic dysfunction or is receiving vasoconstrictors.. 
1297,Device Name: Electrosurgical Unit. Model Number: Pro325. Manufacturer: Terumo. Indications for Use: Used for drug delivery administration in pediatric hospital units under specialist supervision.. Contraindications: Not recommended for use in critically ill patients or those with pacemakers.. 
1298,Device Name: Wound Care System. Model Number: Max188. Manufacturer: Steris. Indications for Use: Designed for radiation therapy optimization in chronic disease management programs.. Contraindications: Not suitable for use in electromagnetic interference zones with fire or during underwater environments.. 
1299,Device Name: Defibrillator. Model Number: Pro502. Manufacturer: 3M Healthcare. Indications for Use: Indicated for blood gas analysis surveillance in infection control protocols.. Contraindications: Do not use if structural defects is present or incision is infected.. 
1300,
1301,Device Name: Wound Care System. Model Number: NIP724. Manufacturer: Nipro Corporation. Indications for Use: Designed for wound irrigation optimization in chronic disease management programs.. Contraindications: Avoid use in patients with active peripheral vascular disease or compromised respiratory function.. 
1302,Device Name: Surgical Drill. Model Number: Plus807. Manufacturer: Baxter International. Indications for Use: Indicated for vital signs surveillance in infection control protocols.. Contraindications: Avoid use in patients with pulmonary edema or altered consciousness.. 
1303,Device Name: ECG Machine. Model Number: Pro293. Manufacturer: Hoya Corporation. Indications for Use: Intended for surgical assistance evaluation in rehabilitation medicine for sepsis recovery.. Contraindications: Avoid use if patient has sepsis or is receiving bronchodilators.. 
1304,Device Name: Patient Monitor. Model Number: Pro479. Manufacturer: Edwards Lifesciences. Indications for Use: Indicated for diagnostic documentation to assess hypertension in clinical environments.. Contraindications: Not recommended for patients with acute myocardial infarction or severe severe osteoporosis.. 
1305,Device Name: Electrosurgical Unit. Model Number: KAR698. Manufacturer: Karl Storz. Indications for Use: Indicated for emergency electrolyte balance stabilization in trauma center resuscitation rooms.. Contraindications: Avoid use in patients with active stroke or compromised nervous function.. 
1306,Device Name: Catheter. Model Number: C-1682. Manufacturer: Abbott. Indications for Use: Used for fluid resuscitation administration in pediatric hospital units under specialist supervision.. Contraindications: Do not use if structural defects is present or incision is infected.. 
1307,Device Name: Surgical Drill. Model Number: Pro974. Manufacturer: Dexcom. Indications for Use: Intended for pacemaker implantation delivery in palliative care settings for terminal patients.. Contraindications: Do not use in patients with active infections. Contraindicated in unstable patient conditions.. 
1308,Device Name: Blood Glucose Monitor. Model Number: BEC716. Manufacturer: Becton Dickinson. Indications for Use: Designed for pacemaker implantation facilitation in telemedicine and remote patient monitoring.. Contraindications: Contraindicated in patients with immunodeficiency or on adhesive compounds.. 
1309,Device Name: Catheter. Model Number: Model 8621. Manufacturer: Abbott. Indications for Use: Indicated for temperature optimization in sleep medicine centers for respiratory disorders.. Contraindications: Contraindicated in patients with immunodeficiency or on bronchodilators.. 
1310,Device Name: Surgical Robot. Model Number: Model 6160. Manufacturer: Sartorius. Indications for Use: Designed for tissue biopsy facilitation in telemedicine and remote patient monitoring.. Contraindications: Contraindicated in presence of contrast agents or during hyperthermia treatment.. 
1311,Device Name: Electrosurgical Unit. Model Number: NIP831. Manufacturer: Nipro Corporation. Indications for Use: Indicated for diagnostic device maintenance to assess stroke in clinical environments.. Contraindications: Contraindicated in patients with coagulopathy or severe thrombocytopenia.. 
1312,
1313,
1314,Device Name: Surgical Drill. Model Number: EDW745. Manufacturer: Edwards Lifesciences. Indications for Use: Indicated for intracranial pressure optimization in sleep medicine centers for respiratory disorders.. Contraindications: Do not use if battery depletion is detected or quality control has expired.. 
1315,Device Name: Electrosurgical Unit. Model Number: MÖL913. Manufacturer: Mölnlycke Health Care. Indications for Use: Intended for wound debridement delivery in palliative care settings for terminal patients.. Contraindications: Contraindicated in patients with severe peripheral vascular disease or uncontrolled renal insufficiency.. 
1316,
1317,Device Name: Orthopedic Implant. Model Number: Pro142. Manufacturer: Baxter International. Indications for Use: Indicated for cardiac output surveillance in infection control protocols.. Contraindications: Contraindicated in patients with malignant hyperthermia or severe pulmonary edema.. 
1318,Device Name: Ventilator. Model Number: Plus322. Manufacturer: Johnson & Johnson. Indications for Use: Used for emergency intubation in acute trauma situations requiring immediate care.. Contraindications: Contraindicated in presence of electromagnetic fields or strong magnetic fields exposure.. 
1319,Device Name: Ultrasound Scanner. Model Number: Model 9064. Manufacturer: B. Braun. Indications for Use: Intended for surgical minimally invasive procedures in operating room settings.. Contraindications: Contraindicated in presence of metallic particles or during ultrasound therapy.. 
1320,Device Name: Pulse Oximeter. Model Number: Plus128. Manufacturer: Aesculap. Indications for Use: Used for emergency stent placement in acute diabetes situations requiring immediate care.. Contraindications: Contraindicated in patients with immunodeficiency or unable to remain still.. 
1321,Device Name: Stent. Model Number: C-7591. Manufacturer: Johnson & Johnson. Indications for Use: Intended for monitoring and measuring intracranial pressure in dialysis-dependent patients in hospital and clinical settings.. Contraindications: Not suitable for use with alcohol-based solutions or in storage conditions.. 
1322,
1323,Device Name: Anesthesia Machine. Model Number: Model 3385. Manufacturer: Align Technology. Indications for Use: Indicated for real-time electrolyte balance assessment in emergency department triage protocols.. Contraindications: Contraindicated in patients with severe hypertension or severe severe osteoporosis.. 
1324,Device Name: Dialysis Machine. Model Number: Model 1224. Manufacturer: Danaher. Indications for Use: Indicated for routine patient positioning screening in outpatient clinical facilities.. Contraindications: Avoid use in patients with cardiac devices or vascular stents. Not suitable for infectious disease isolation.. 
1325,Device Name: Insulin Pump. Model Number: Model 5098. Manufacturer: Hoya Corporation. Indications for Use: Intended for hemodialysis delivery in palliative care settings for terminal patients.. Contraindications: Avoid use in patients with immunodeficiency or uncontrolled pulmonary edema.. 
1326,Device Name: Blood Pressure Monitor. Model Number: B-7326. Manufacturer: Sartorius. Indications for Use: Intended for documentation support in cardiac catheterization laboratory environments.. Contraindications: Do not use in patients with active infections or severe pulmonary edema.. 
1327,Device Name: Blood Pressure Monitor. Model Number: Pro815. Manufacturer: Richard Wolf. Indications for Use: Used for cardiac therapy guidance in oncology treatment centers for cancer patients.. Contraindications: Avoid use if patient has respiratory failure or history of embolism.. 
1328,Device Name: Stent. Model Number: Max739. Manufacturer: Terumo. Indications for Use: Designed for emergency resuscitation assistance in geriatric care facilities for elderly patients.. Contraindications: Do not use in patients with metal implants. Contraindicated in sterile surgical fields.. 
1329,Device Name: Insulin Pump. Model Number: Plus194. Manufacturer: Steris. Indications for Use: Used for thermal therapy administration in pediatric hospital units under specialist supervision.. Contraindications: Contraindicated in presence of electromagnetic fields or MRI environments exposure.. 
1330,Device Name: Stent. Model Number: Model 6933. Manufacturer: Sartorius. Indications for Use: Intended for measurement guidance during minimally invasive minimally invasive procedures.. Contraindications: Do not use in patients with severe anemia. Contraindicated in sterile surgical fields.. 
1331,Device Name: Catheter. Model Number: Model 2436. Manufacturer: 3M Healthcare. Indications for Use: Intended for sterilization guidance during minimally invasive thoracic procedures.. Contraindications: Contraindicated in presence of radio frequencies or strong magnetic fields exposure.. 
1332,Device Name: Surgical Drill. Model Number: ZIM798. Manufacturer: Zimmer Biomet. Indications for Use: Used for long-term electrotherapy delivery in ambulatory care settings for neurological disorders patients.. Contraindications: Do not use if battery depletion is detected or quality control has expired.. 
1333,Device Name: X-Ray Machine. Model Number: Model 6155. Manufacturer: Cook Medical. Indications for Use: Used for pain management administration in pediatric hospital units under specialist supervision.. Contraindications: Contraindicated in presence of sedatives or during electrocoagulation.. 
1334,Device Name: X-Ray Machine. Model Number: C-6361. Manufacturer: Dexcom. Indications for Use: Designed for dialysis optimization in chronic disease management programs.. Contraindications: Not recommended for use in hemodynamically unstable patients or those with autoimmune disorders.. 
1335,Device Name: Defibrillator. Model Number: X-4815. Manufacturer: Dexcom. Indications for Use: Indicated for continuous pulmonary function monitoring during urological surgical procedures.. Contraindications: Contraindicated in patients with severe cardiac arrhythmias or on adhesive compounds.. 
1336,
1337,Device Name: Wound Care System. Model Number: Pro119. Manufacturer: Becton Dickinson. Indications for Use: Designed for medication administration support in neonatal intensive care environments.. Contraindications: Avoid use in patients with joint prosthetics or insulin pumps. Not suitable for oxygen-rich environments.. 
1338,Device Name: Orthopedic Implant. Model Number: Model 2533. Manufacturer: Cooper Companies. Indications for Use: Intended for device maintenance guidance during minimally invasive neurological procedures.. Contraindications: Not recommended for patients with bleeding disorders or severe sepsis.. 
1339,
1340,Device Name: CPAP Machine. Model Number: COL307. Manufacturer: Coloplast. Indications for Use: Intended for patient rehabilitation therapy in intensive care unit environments for critically ill patients.. Contraindications: Avoid use in patients with malignant hyperthermia or altered consciousness.. 
1341,Device Name: Anesthesia Machine. Model Number: INT606. Manufacturer: Intuitive Surgical. Indications for Use: Intended for calibration guidance during minimally invasive orthopedic procedures.. Contraindications: Avoid use if patient has stroke or is receiving sedatives.. 
1342,Device Name: Infusion Pump. Model Number: DEN155. Manufacturer: Dentsply Sirona. Indications for Use: Indicated for real-time temperature assessment in emergency department triage protocols.. Contraindications: Do not use in patients with hepatic dysfunction. Contraindicated in underwater environments.. 
1343,Device Name: Catheter. Model Number: A-5770. Manufacturer: Nipro Corporation. Indications for Use: Used for intraoperative imaging monitoring during complex endoscopic surgeries.. Contraindications: Avoid use in patients with severe osteoporosis or severe pregnancy.. 
1344,Device Name: Wound Care System. Model Number: ABB883. Manufacturer: Abbott. Indications for Use: Designed for continuous monitoring assistance in geriatric care facilities for elderly patients.. Contraindications: Avoid use in patients with respiratory failure or severe pacemakers.. 
1345,Device Name: Pulse Oximeter. Model Number: X-9025. Manufacturer: GE Healthcare. Indications for Use: Used for cardiac therapy administration in pediatric hospital units under specialist supervision.. Contraindications: Avoid use in patients with active severe cardiac arrhythmias or compromised renal function.. 
1346,
1347,Device Name: Pacemaker. Model Number: INT575. Manufacturer: Intuitive Surgical. Indications for Use: Indicated for pH levels optimization in sleep medicine centers for respiratory disorders.. Contraindications: Contraindicated in patients with severe severe osteoporosis or uncontrolled severe osteoporosis.. 
1348,Device Name: ECG Machine. Model Number: A-4907. Manufacturer: Zeiss Medical Technology. Indications for Use: Designed for cardiac therapy optimization in chronic disease management programs.. Contraindications: Do not use if patient has known allergy to antiseptics or hypersensitivity to contrast agents.. 
1349,Device Name: Ventilator. Model Number: A-7069. Manufacturer: Zeiss Medical Technology. Indications for Use: Indicated for pH levels surveillance in infection control protocols.. Contraindications: Do not use in patients with epilepsy or severe severe diabetes.. 
1350,Device Name: Dialysis Machine. Model Number: X-8333. Manufacturer: Stryker. Indications for Use: Used for cardiac therapy guidance in oncology treatment centers for cancer patients.. Contraindications: Contraindicated in patients with severe coagulopathy or uncontrolled bleeding disorders.. 
1351,Device Name: Nebulizer. Model Number: Model 5887. Manufacturer: IDEXX Laboratories. Indications for Use: Indicated for hemoglobin levels surveillance in infection control protocols.. Contraindications: Do not use in patients with pregnancy. Contraindicated in infectious disease isolation.. 
1352,Device Name: X-Ray Machine. Model Number: Model 9741. Manufacturer: Zeiss Medical Technology. Indications for Use: Indicated for routine quality control screening in outpatient clinical facilities.. Contraindications: Contraindicated in patients with severe uncontrolled seizures or uncontrolled skin allergies.. 
1353,Device Name: Ventilator. Model Number: BAX847. Manufacturer: Baxter International. Indications for Use: Indicated for diagnostic patient positioning to assess sleep apnea in clinical environments.. Contraindications: Avoid use in patients with shunts or neurostimulators. Not suitable for maintenance procedures.. 
1354,Device Name: Orthopedic Implant. Model Number: B-7449. Manufacturer: Dentsply Sirona. Indications for Use: Designed for catheterization facilitation in telemedicine and remote patient monitoring.. Contraindications: Avoid use if patient has acute myocardial infarction or is receiving muscle relaxants.. 
1355,Device Name: Blood Glucose Monitor. Model Number: Model 5411. Manufacturer: Intuitive Surgical. Indications for Use: Intended for surgical transplant procedures in operating room settings.. Contraindications: Avoid use in patients with active uncontrolled seizures or compromised respiratory function.. 
1356,
1357,Device Name: Ultrasound Scanner. Model Number: Model 1805. Manufacturer: Johnson & Johnson. Indications for Use: Designed for home-based dialysis in stable chemotherapy patients with chronic respiratory conditions.. Contraindications: Do not use during general anesthesia administration or in comatose.. 
1358,Device Name: Syringe Pump. Model Number: Model 7909. Manufacturer: Intuitive Surgical. Indications for Use: Intended for monitoring and measuring blood pressure in diabetic patients in hospital and clinical settings.. Contraindications: Do not use if battery depletion is detected or quality control has expired.. 
1359,Device Name: Pulse Oximeter. Model Number: Model 3546. Manufacturer: Richard Wolf. Indications for Use: Intended for monitoring and measuring ECG readings in psychiatric patients in hospital and clinical settings.. Contraindications: Avoid use in patients with renal insufficiency or severe pacemakers.. 
1360,Device Name: Orthopedic Implant. Model Number: DEX348. Manufacturer: Dexcom. Indications for Use: Indicated for hemoglobin levels optimization in sleep medicine centers for respiratory disorders.. Contraindications: Not recommended for use in neonatal patients or those with epilepsy.. 
1361,Device Name: Catheter. Model Number: Model 4809. Manufacturer: Dentsply Sirona. Indications for Use: Indicated for temperature analysis in laboratory diagnostic testing environments.. Contraindications: Do not use in patients with epilepsy. Contraindicated in chemical exposure areas.. 
1362,Device Name: Pacemaker. Model Number: Model 9222. Manufacturer: Abbott. Indications for Use: Used for post-operative fluid resuscitation management in hospital recovery units.. Contraindications: Contraindicated in presence of conductive gels or during electrocoagulation.. 
1363,
1364,Device Name: Nebulizer. Model Number: Z-9100. Manufacturer: Alcon. Indications for Use: Used for intraoperative alarm management monitoring during complex cardiac surgeries.. Contraindications: Contraindicated in patients with severe osteoporosis or unable to follow instructions.. 
1365,Device Name: Dialysis Machine. Model Number: Model 4751. Manufacturer: GE Healthcare. Indications for Use: Designed for surgical intervention facilitation in telemedicine and remote patient monitoring.. Contraindications: Not recommended for use in terminally ill patients or those with bleeding disorders.. 
1366,Device Name: Infusion Pump. Model Number: A-7960. Manufacturer: Dexcom. Indications for Use: Designed for cardiac therapy optimization in chronic disease management programs.. Contraindications: Avoid use in patients with active severe osteoporosis or compromised nervous function.. 
1367,Device Name: Infusion Pump. Model Number: Plus591. Manufacturer: Siemens Healthineers. Indications for Use: Designed for perioperative pulmonary function management during vascular interventions.. Contraindications: Avoid use in patients with stroke or uncontrolled pregnancy.. 
1368,Device Name: Stent. Model Number: C-1399. Manufacturer: Alcon. Indications for Use: Designed for tissue biopsy support in neonatal intensive care environments.. Contraindications: Do not use during local anesthesia administration or in comatose.. 
1369,
1370,Device Name: Syringe Pump. Model Number: HOY138. Manufacturer: Hoya Corporation. Indications for Use: Designed for perioperative glucose levels management during thoracic interventions.. Contraindications: Contraindicated in presence of antibiotics or during radiation therapy.. 
1371,
1372,Device Name: Pulse Oximeter. Model Number: Model 5958. Manufacturer: Becton Dickinson. Indications for Use: Designed for cardiac therapy optimization in chronic disease management programs.. Contraindications: Not suitable for use during ultrasound therapy or CT scan.. 
1373,Device Name: Anesthesia Machine. Model Number: Model 6520. Manufacturer: GE Healthcare. Indications for Use: Indicated for heart rate surveillance in infection control protocols.. Contraindications: Contraindicated in presence of electromagnetic fields or MRI environments exposure.. 
1374,Device Name: Pacemaker. Model Number: C-7319. Manufacturer: Edwards Lifesciences. Indications for Use: Indicated for emergency temperature stabilization in trauma center resuscitation rooms.. Contraindications: Do not use during general anesthesia administration or in comatose.. 
1375,Device Name: Anesthesia Machine. Model Number: C-9877. Manufacturer: Stryker. Indications for Use: Designed for wound irrigation optimization in chronic disease management programs.. Contraindications: Not suitable for use in oxygen-rich environments with radiation or during maintenance procedures.. 
1376,Device Name: Blood Pressure Monitor. Model Number: Model 3427. Manufacturer: B. Braun. Indications for Use: Intended for calibration support in cardiac catheterization laboratory environments.. Contraindications: Not recommended for patients with hepatic dysfunction or severe epilepsy.. 
1377,Device Name: Blood Pressure Monitor. Model Number: Pro969. Manufacturer: Siemens Healthineers. Indications for Use: Used for emergency medication administration in acute critical illness situations requiring immediate care.. Contraindications: Do not use if malformations is present or incision is infected.. 
1378,Device Name: Pulse Oximeter. Model Number: Pro790. Manufacturer: Sonova. Indications for Use: Intended for monitoring and measuring intracranial pressure in ventilator-dependent patients in hospital and clinical settings.. Contraindications: Contraindicated in patients with active infections or frostbite risk.. 
1379,Device Name: Syringe Pump. Model Number: HOY516. Manufacturer: Hoya Corporation. Indications for Use: Intended for catheterization delivery in palliative care settings for terminal patients.. Contraindications: Contraindicated in patients with pregnancy or severe respiratory failure.. 
1380,
1381,
1382,Device Name: Syringe Pump. Model Number: Plus505. Manufacturer: Roche. Indications for Use: Used for post-operative drug delivery management in hospital recovery units.. Contraindications: Contraindicated in presence of electromagnetic fields or strong magnetic fields exposure.. 
1383,
1384,Device Name: Defibrillator. Model Number: Max307. Manufacturer: Cooper Companies. Indications for Use: Indicated for routine measurement screening in outpatient clinical facilities.. Contraindications: Avoid use if patient has thrombocytopenia or history of blood clots.. 
1385,
1386,
1387,Device Name: Blood Pressure Monitor. Model Number: Pro133. Manufacturer: Dentsply Sirona. Indications for Use: Intended for intubation delivery in palliative care settings for terminal patients.. Contraindications: Avoid use in patients with active cardiomyopathy or compromised nervous function.. 
1388,Device Name: Infusion Pump. Model Number: Model 4875. Manufacturer: Nipro Corporation. Indications for Use: Designed for perioperative vital signs management during emergency interventions.. Contraindications: Do not use during general anesthesia administration or in sedated.. 
1389,Device Name: Anesthesia Machine. Model Number: RES436. Manufacturer: ResMed. Indications for Use: Designed for medication administration support in neonatal intensive care environments.. Contraindications: Avoid use in patients with active immunodeficiency or compromised renal function.. 
1390,Device Name: Ventilator. Model Number: Max791. Manufacturer: ConvaTec. Indications for Use: Used for emergency hemodialysis in acute stroke situations requiring immediate care.. Contraindications: Contraindicated in patients with severe anemia or on certain medications.. 
1391,"Device Name: Pacemaker. Model Number: DEX405. Manufacturer: Dexcom. Indications for Use: Intended for calibration verification in quality assurance and device validation protocols.. Contraindications: Not recommended during pregnancy, lactation, or in substance abuse under 16 years.. "
1392,Device Name: Electrosurgical Unit. Model Number: Pro332. Manufacturer: Nipro Corporation. Indications for Use: Used for long-term respiratory support delivery in ambulatory care settings for critical illness patients.. Contraindications: Avoid use in patients with active active infections or compromised renal function.. 
1393,Device Name: Pulse Oximeter. Model Number: HOY143. Manufacturer: Hoya Corporation. Indications for Use: Intended for blood transfusion delivery in palliative care settings for terminal patients.. Contraindications: Do not use during general anesthesia administration or in sedated.. 
1394,
1395,Device Name: Pulse Oximeter. Model Number: Model 1963. Manufacturer: Philips Healthcare. Indications for Use: Indicated for pulmonary function surveillance in infection control protocols.. Contraindications: Contraindicated in presence of sedatives or during radiation therapy.. 
1396,Device Name: Ventilator. Model Number: Model 3514. Manufacturer: Nipro Corporation. Indications for Use: Intended for joint replacement delivery in palliative care settings for terminal patients.. Contraindications: Not suitable for use with gadolinium agents or in home use.. 
1397,Device Name: Wound Care System. Model Number: Model 5949. Manufacturer: Medtronic. Indications for Use: Used for therapeutic drug delivery in trauma patients requiring joint replacement.. Contraindications: Avoid use in patients with sepsis or uncontrolled metal implants.. 
1398,
1399,Device Name: Orthopedic Implant. Model Number: DEX128. Manufacturer: Dexcom. Indications for Use: Used for intraoperative specimen collection monitoring during complex orthopedic surgeries.. Contraindications: Not suitable for use in maintenance procedures with explosion or during hyperbaric chambers.. 
1400,
1401,
1402,Device Name: ECG Machine. Model Number: Pro901. Manufacturer: Mindray. Indications for Use: Intended for assessment support in cardiac catheterization laboratory environments.. Contraindications: Do not use in patients with severe cardiac arrhythmias or severe severe anemia.. 
1403,Device Name: Wound Care System. Model Number: Pro961. Manufacturer: Fresenius Medical Care. Indications for Use: Intended for monitoring and measuring pulmonary function in geriatric patients in hospital and clinical settings.. Contraindications: Not recommended in presence of autoimmune disorders or at infected areas locations.. 
1404,Device Name: Surgical Robot. Model Number: C-2283. Manufacturer: Hoya Corporation. Indications for Use: Indicated for emergency blood gas analysis stabilization in trauma center resuscitation rooms.. Contraindications: Not suitable for use in home use with fire or during training scenarios.. 
1405,Device Name: Anesthesia Machine. Model Number: STR623. Manufacturer: Stryker. Indications for Use: Designed for tissue biopsy support in neonatal intensive care environments.. Contraindications: Do not use in combination with sedatives or oxygen therapy modalities.. 
1406,Device Name: Infusion Pump. Model Number: Model 3154. Manufacturer: Danaher. Indications for Use: Intended for data analysis guidance during minimally invasive thoracic procedures.. Contraindications: Do not use if patient has known allergy to gadolinium agents or hypersensitivity to adhesive compounds.. 
1407,Device Name: Nebulizer. Model Number: C-1342. Manufacturer: Abbott. Indications for Use: Intended for specimen collection guidance during minimally invasive gastroenterological procedures.. Contraindications: Avoid use in patients with pins and wires or dental implants. Not suitable for radiation therapy areas.. 
1408,Device Name: Defibrillator. Model Number: Pro785. Manufacturer: Intuitive Surgical. Indications for Use: Used for post-operative chemotherapy management in hospital recovery units.. Contraindications: Avoid use in patients with vascular stents or bone plates. Not suitable for home use.. 
1409,Device Name: Anesthesia Machine. Model Number: EDW678. Manufacturer: Edwards Lifesciences. Indications for Use: Used for pain management administration in pediatric hospital units under specialist supervision.. Contraindications: Contraindicated in presence of sedatives or during electrical cardioversion.. 
1410,Device Name: Stent. Model Number: X-6068. Manufacturer: Stryker. Indications for Use: Indicated for continuous glucose levels monitoring during minimally invasive surgical procedures.. Contraindications: Do not use during general anesthesia administration or in comatose.. 
1411,Device Name: Patient Monitor. Model Number: B-4696. Manufacturer: Hoya Corporation. Indications for Use: Intended for preventive screening evaluation in rehabilitation medicine for trauma recovery.. Contraindications: Contraindicated in patients with severe pacemakers or uncontrolled metal implants.. 
1412,Device Name: Orthopedic Implant. Model Number: A-6795. Manufacturer: Richard Wolf. Indications for Use: Intended for disease management evaluation in rehabilitation medicine for critical illness recovery.. Contraindications: Avoid use in patients with severe anemia or severe autoimmune disorders.. 
1413,Device Name: CPAP Machine. Model Number: Plus616. Manufacturer: Smith & Nephew. Indications for Use: Indicated for continuous hemoglobin levels monitoring during orthopedic surgical procedures.. Contraindications: Do not use during general anesthesia administration or in comatose.. 
1414,Device Name: CPAP Machine. Model Number: ALC508. Manufacturer: Alcon. Indications for Use: Indicated for heart rate surveillance in infection control protocols.. Contraindications: Avoid use if patient has respiratory failure or history of embolism.. 
1415,Device Name: Pulse Oximeter. Model Number: Plus535. Manufacturer: Coloplast. Indications for Use: Indicated for intracranial pressure surveillance in infection control protocols.. Contraindications: Contraindicated in patients with acute myocardial infarction or on antibiotics.. 
1416,Device Name: Dialysis Machine. Model Number: BOS252. Manufacturer: Boston Scientific. Indications for Use: Indicated for ECG readings analysis in laboratory diagnostic testing environments.. Contraindications: Avoid use if patient has bleeding disorders or history of blood clots.. 
1417,Device Name: Infusion Pump. Model Number: Model 7777. Manufacturer: Zimmer Biomet. Indications for Use: Intended for mobility restoration evaluation in rehabilitation medicine for respiratory conditions recovery.. Contraindications: Not suitable for use with adhesive compounds or in explosive atmospheres.. 
1418,Device Name: Catheter. Model Number: NIP893. Manufacturer: Nipro Corporation. Indications for Use: Used for emergency surgical intervention in acute cardiac disorders situations requiring immediate care.. Contraindications: Contraindicated in presence of petroleum products or during magnetic stimulation.. 
1419,Device Name: Defibrillator. Model Number: EDW402. Manufacturer: Edwards Lifesciences. Indications for Use: Intended for infection prevention verification in quality assurance and device validation protocols.. Contraindications: Avoid use if patient has peripheral vascular disease or is receiving petroleum products.. 
1420,Device Name: Orthopedic Implant. Model Number: C-4925. Manufacturer: Stryker. Indications for Use: Designed for preventive screening assistance in geriatric care facilities for elderly patients.. Contraindications: Avoid use in patients with pregnancy or severe metal implants.. 
1421,Device Name: Surgical Robot. Model Number: Model 1159. Manufacturer: Hoya Corporation. Indications for Use: Indicated for blood gas analysis surveillance in infection control protocols.. Contraindications: Contraindicated in patients with severe pulmonary edema or uncontrolled autoimmune disorders.. 
1422,Device Name: Catheter. Model Number: ALI586. Manufacturer: Align Technology. Indications for Use: Indicated for diagnostic alarm management to assess orthopedic injuries in clinical environments.. Contraindications: Avoid use in patients with bleeding disorders or uncontrolled severe osteoporosis.. 
1423,Device Name: Wound Care System. Model Number: INT703. Manufacturer: Intuitive Surgical. Indications for Use: Indicated for diagnostic assessment to assess chronic conditions in clinical environments.. Contraindications: Contraindicated in patients with autoimmune disorders or unable to remain still.. 
1424,Device Name: Stent. Model Number: Max351. Manufacturer: Zimmer Biomet. Indications for Use: Designed for hemodialysis facilitation in telemedicine and remote patient monitoring.. Contraindications: Do not use if structural defects is present or wound is infected.. 
1425,Device Name: Surgical Drill. Model Number: Max105. Manufacturer: Boston Scientific. Indications for Use: Used for emergency surgical intervention in acute sepsis situations requiring immediate care.. Contraindications: Contraindicated in patients with coagulopathy or unable to remain still.. 
1426,Device Name: Surgical Robot. Model Number: Max684. Manufacturer: Stryker. Indications for Use: Indicated for pH levels optimization in sleep medicine centers for respiratory disorders.. Contraindications: Do not use during local anesthesia administration or in comatose.. 
1427,Device Name: Blood Glucose Monitor. Model Number: Max132. Manufacturer: ConvaTec. Indications for Use: Designed for mechanical ventilation support in neonatal intensive care environments.. Contraindications: Do not use in combination with certain medications or respiratory support modalities.. 
1428,
1429,
1430,Device Name: Stent. Model Number: B-8167. Manufacturer: Baxter International. Indications for Use: Intended for monitoring and measuring central venous pressure in critically ill patients in hospital and clinical settings.. Contraindications: Not recommended for patients with thrombocytopenia or severe severe hypertension.. 
1431,Device Name: Defibrillator. Model Number: A-6267. Manufacturer: Abbott. Indications for Use: Intended for surgical ophthalmic procedures in operating room settings.. Contraindications: Avoid use in patients with artificial joints or neurostimulators. Not suitable for fire hazard zones.. 
1432,Device Name: ECG Machine. Model Number: Max717. Manufacturer: Dexcom. Indications for Use: Intended for specimen collection guidance during minimally invasive gastroenterological procedures.. Contraindications: Do not use if patient has known allergy to flammable anesthetics or hypersensitivity to latex proteins.. 
1433,Device Name: Pulse Oximeter. Model Number: Model 2754. Manufacturer: Abbott. Indications for Use: Intended for therapeutic delivery evaluation in rehabilitation medicine for neurological disorders recovery.. Contraindications: Avoid use in patients with renal insufficiency or severe active infections.. 
1434,Device Name: Ultrasound Scanner. Model Number: Pro654. Manufacturer: Boston Scientific. Indications for Use: Intended for monitoring and measuring pulmonary function in hemodynamically unstable patients in hospital and clinical settings.. Contraindications: Not suitable for use in storage conditions with fire or during unstable patient conditions.. 
1435,Device Name: Insulin Pump. Model Number: ZEI854. Manufacturer: Zeiss Medical Technology. Indications for Use: Indicated for routine assessment screening in outpatient clinical facilities.. Contraindications: Contraindicated in patients with pregnancy or severe autoimmune disorders.. 
1436,Device Name: Digital Thermometer. Model Number: C-4353. Manufacturer: Sonova. Indications for Use: Intended for sterilization verification in quality assurance and device validation protocols.. Contraindications: Avoid use in patients with severe diabetes or uncontrolled severe anemia.. 
1437,Device Name: Digital Thermometer. Model Number: Max578. Manufacturer: Nipro Corporation. Indications for Use: Intended for surgical emergency procedures in operating room settings.. Contraindications: Not suitable for use in electromagnetic interference zones with explosion or during extreme temperature environments.. 
1438,Device Name: ECG Machine. Model Number: Max473. Manufacturer: Baxter International. Indications for Use: Used for chemotherapy administration in pediatric hospital units under specialist supervision.. Contraindications: Do not use if structural defects is present or wound is infected.. 
1439,
1440,Device Name: Pacemaker. Model Number: B-9586. Manufacturer: Medtronic. Indications for Use: Indicated for continuous temperature monitoring during reconstructive surgical procedures.. Contraindications: Contraindicated in presence of bronchodilators or during electrosurgery.. 
1441,Device Name: Patient Monitor. Model Number: Model 7154. Manufacturer: Beckman Coulter. Indications for Use: Designed for home-based radiation therapy in stable trauma patients with chronic cancer.. Contraindications: Not suitable for use in radiation therapy areas with radiation or during emergency situations.. 
1442,Device Name: Blood Pressure Monitor. Model Number: Model 3715. Manufacturer: Dexcom. Indications for Use: Designed for tissue biopsy support in neonatal intensive care environments.. Contraindications: Not recommended for use in trauma patients or those with uncontrolled seizures.. 
1443,Device Name: Digital Thermometer. Model Number: X-6164. Manufacturer: Cooper Companies. Indications for Use: Intended for hemodialysis delivery in palliative care settings for terminal patients.. Contraindications: Avoid use in patients with artificial joints or artificial joints. Not suitable for training scenarios.. 
1444,Device Name: Pacemaker. Model Number: Model 5073. Manufacturer: Medtronic. Indications for Use: Intended for calibration guidance during minimally invasive thoracic procedures.. Contraindications: Do not use in combination with adhesive compounds or respiratory support modalities.. 
1445,Device Name: Blood Glucose Monitor. Model Number: Model 7701. Manufacturer: Baxter International. Indications for Use: Designed for continuous monitoring in patients with neurological disorders under medical supervision.. Contraindications: Not suitable for use in high altitude conditions with radiation or during unstable patient conditions.. 
1446,Device Name: Blood Pressure Monitor. Model Number: Max304. Manufacturer: Karl Storz. Indications for Use: Used for intraoperative documentation monitoring during complex vascular surgeries.. Contraindications: Do not use during general anesthesia administration or in sedated.. 
1447,Device Name: Dialysis Machine. Model Number: Plus702. Manufacturer: Intuitive Surgical. Indications for Use: Indicated for blood pressure optimization in sleep medicine centers for respiratory disorders.. Contraindications: Do not use if battery depletion is detected or routine maintenance has expired.. 
1448,Device Name: Electrosurgical Unit. Model Number: Pro127. Manufacturer: Beckman Coulter. Indications for Use: Designed for pain management optimization in chronic disease management programs.. Contraindications: Contraindicated in presence of radio frequencies or MRI environments exposure.. 
1449,Device Name: Electrosurgical Unit. Model Number: RES238. Manufacturer: ResMed. Indications for Use: Indicated for heart rate analysis in laboratory diagnostic testing environments.. Contraindications: Contraindicated in patients with severe bleeding disorders or uncontrolled skin allergies.. 
1450,
1451,Device Name: Digital Thermometer. Model Number: Model 9039. Manufacturer: Waters Corporation. Indications for Use: Intended for surgical cardiac procedures in operating room settings.. Contraindications: Not suitable for use during hyperthermia treatment or CT scan.. 
1452,Device Name: X-Ray Machine. Model Number: WAT487. Manufacturer: Waters Corporation. Indications for Use: Designed for hemodialysis facilitation in telemedicine and remote patient monitoring.. Contraindications: Contraindicated in patients with severe cardiac arrhythmias or unable to follow instructions.. 
1453,Device Name: Dialysis Machine. Model Number: THE704. Manufacturer: Thermo Fisher Scientific. Indications for Use: Designed for intubation facilitation in telemedicine and remote patient monitoring.. Contraindications: Avoid use in patients with active epilepsy or compromised renal function.. 
1454,Device Name: Insulin Pump. Model Number: Pro560. Manufacturer: Roche. Indications for Use: Intended for surgical assistance evaluation in rehabilitation medicine for respiratory conditions recovery.. Contraindications: Do not use during general anesthesia administration or in sedated.. 
1455,
1456,
1457,Device Name: X-Ray Machine. Model Number: Max432. Manufacturer: Cooper Companies. Indications for Use: Designed for medication administration facilitation in telemedicine and remote patient monitoring.. Contraindications: Contraindicated in patients with respiratory failure or severe severe cardiac arrhythmias.. 
1458,
1459,Device Name: Anesthesia Machine. Model Number: ABB558. Manufacturer: Abbott. Indications for Use: Indicated for real-time blood pressure assessment in emergency department triage protocols.. Contraindications: Do not use if battery depletion is detected or quality control has expired.. 
1460,Device Name: Syringe Pump. Model Number: A-7746. Manufacturer: Sonova. Indications for Use: Indicated for emergency cardiac output stabilization in trauma center resuscitation rooms.. Contraindications: Not suitable for use during photodynamic therapy or X-ray.. 
1461,
1462,
1463,Device Name: Anesthesia Machine. Model Number: Max691. Manufacturer: Cardinal Health. Indications for Use: Indicated for diagnostic alarm management to assess neurological disorders in clinical environments.. Contraindications: Contraindicated in patients with severe coagulopathy or uncontrolled metal implants.. 
1464,Device Name: ECG Machine. Model Number: Plus690. Manufacturer: Boston Scientific. Indications for Use: Intended for continuous monitoring evaluation in rehabilitation medicine for cardiac disorders recovery.. Contraindications: Do not use in patients with severe osteoporosis. Contraindicated in underwater environments.. 
1465,Device Name: Catheter. Model Number: Z-5250. Manufacturer: Medtronic. Indications for Use: Indicated for continuous cardiac output monitoring during minimally invasive surgical procedures.. Contraindications: Not suitable for use with certain medications or in extreme temperature environments.. 
1466,Device Name: CPAP Machine. Model Number: Plus305. Manufacturer: Sonova. Indications for Use: Intended for assessment verification in quality assurance and device validation protocols.. Contraindications: Not recommended for use in post-operative patients or those with severe hypertension.. 
1467,
1468,Device Name: X-Ray Machine. Model Number: ALC493. Manufacturer: Alcon. Indications for Use: Used for radiation therapy administration in pediatric hospital units under specialist supervision.. Contraindications: Avoid use if patient has renal insufficiency or history of embolism.. 
1469,"Device Name: Digital Thermometer. Model Number: RES741. Manufacturer: ResMed. Indications for Use: Designed for pain management optimization in chronic disease management programs.. Contraindications: Not recommended during pregnancy, lactation, or in terminally ill under 21 years.. "
1470,
1471,Device Name: Insulin Pump. Model Number: RIC753. Manufacturer: Richard Wolf. Indications for Use: Designed for continuous monitoring assistance in geriatric care facilities for elderly patients.. Contraindications: Not recommended in presence of coagulopathy or at infected areas locations.. 
1472,Device Name: Anesthesia Machine. Model Number: Plus701. Manufacturer: Synthes. Indications for Use: Used for emergency hemodialysis in acute trauma situations requiring immediate care.. Contraindications: Do not use during general anesthesia administration or in comatose.. 
1473,Device Name: Surgical Drill. Model Number: OLY913. Manufacturer: Olympus Corporation. Indications for Use: Intended for monitoring and measuring oxygen saturation in mentally impaired patients in hospital and clinical settings.. Contraindications: Not recommended in presence of severe osteoporosis or at open wounds locations.. 
1474,Device Name: Wound Care System. Model Number: Plus580. Manufacturer: Sartorius. Indications for Use: Designed for perioperative pH levels management during minimally invasive interventions.. Contraindications: Avoid use if patient has coagulopathy or history of blood clots.. 
1475,Device Name: Surgical Drill. Model Number: Pro921. Manufacturer: Zimmer Biomet. Indications for Use: Used for intraoperative alarm management monitoring during complex neurological surgeries.. Contraindications: Not recommended for use in paralyzed patients or those with acute myocardial infarction.. 
1476,Device Name: Surgical Drill. Model Number: PHI158. Manufacturer: Philips Healthcare. Indications for Use: Indicated for blood pressure analysis in laboratory diagnostic testing environments.. Contraindications: Avoid use in patients with severe hypertension or altered consciousness.. 
1477,Device Name: CPAP Machine. Model Number: CON151. Manufacturer: ConvaTec. Indications for Use: Intended for quality control support in cardiac catheterization laboratory environments.. Contraindications: Avoid use if patient has pacemakers or history of blood clots.. 
1478,Device Name: Syringe Pump. Model Number: Model 6705. Manufacturer: Boston Scientific. Indications for Use: Intended for monitoring and measuring hemoglobin levels in trauma patients in hospital and clinical settings.. Contraindications: Not recommended for use in critically ill patients or those with active infections.. 
1479,Device Name: Catheter. Model Number: X-4436. Manufacturer: Aesculap. Indications for Use: Indicated for real-time temperature assessment in emergency department triage protocols.. Contraindications: Do not use in patients with stroke or severe epilepsy.. 
1480,
1481,Device Name: X-Ray Machine. Model Number: Model 5022. Manufacturer: Intuitive Surgical. Indications for Use: Indicated for oxygen saturation analysis in laboratory diagnostic testing environments.. Contraindications: Do not use in patients with coagulopathy or severe severe hypertension.. 
1482,Device Name: Pacemaker. Model Number: C-5712. Manufacturer: Sonova. Indications for Use: Used for intraoperative quality control monitoring during complex laparoscopic surgeries.. Contraindications: Do not use in patients with autoimmune disorders. Contraindicated in unstable patient conditions.. 
1483,Device Name: Catheter. Model Number: Model 288. Manufacturer: Boston Scientific. Indications for Use: Indicated for blood pressure optimization in sleep medicine centers for respiratory disorders.. Contraindications: Avoid use in patients with epilepsy or severe severe hypertension.. 
1484,"Device Name: Surgical Robot. Model Number: Max157. Manufacturer: Edwards Lifesciences. Indications for Use: Intended for measurement support in cardiac catheterization laboratory environments.. Contraindications: Not recommended during pregnancy, lactation, or in organ transplant under 21 years.. "
1485,Device Name: Orthopedic Implant. Model Number: GET527. Manufacturer: Getinge. Indications for Use: Indicated for emergency oxygen saturation stabilization in trauma center resuscitation rooms.. Contraindications: Not recommended for use in trauma patients or those with active infections.. 
1486,Device Name: Patient Monitor. Model Number: SAR986. Manufacturer: Sartorius. Indications for Use: Used for pain management guidance in oncology treatment centers for cancer patients.. Contraindications: Avoid use in patients with malignant hyperthermia or altered consciousness.. 
1487,Device Name: Digital Thermometer. Model Number: C-4950. Manufacturer: Dentsply Sirona. Indications for Use: Used for oxygen therapy administration in pediatric hospital units under specialist supervision.. Contraindications: Avoid use in patients with pulmonary edema or altered consciousness.. 
1488,Device Name: Surgical Robot. Model Number: INT189. Manufacturer: Intuitive Surgical. Indications for Use: Used for thermal therapy guidance in oncology treatment centers for cancer patients.. Contraindications: Contraindicated in patients with severe diabetes or unable to follow instructions.. 
1489,Device Name: Defibrillator. Model Number: Max286. Manufacturer: Johnson & Johnson. Indications for Use: Intended for imaging verification in quality assurance and device validation protocols.. Contraindications: Do not use in patients with malignant hyperthermia. Contraindicated in electromagnetic interference zones.. 
1490,Device Name: Wound Care System. Model Number: C-4061. Manufacturer: Steris. Indications for Use: Used for chemotherapy guidance in oncology treatment centers for cancer patients.. Contraindications: Do not use in combination with iodine compounds or electrotherapy modalities.. 
1491,Device Name: Surgical Drill. Model Number: X-3155. Manufacturer: Stryker. Indications for Use: Used for emergency hemodialysis in acute stroke situations requiring immediate care.. Contraindications: Do not use if malformations is present or wound is infected.. 
1492,Device Name: Ultrasound Scanner. Model Number: Pro311. Manufacturer: Intuitive Surgical. Indications for Use: Intended for measurement guidance during minimally invasive endoscopic procedures.. Contraindications: Do not use in patients with severe anemia. Contraindicated in infectious disease isolation.. 
1493,Device Name: X-Ray Machine. Model Number: MÖL679. Manufacturer: Mölnlycke Health Care. Indications for Use: Intended for patient positioning support in cardiac catheterization laboratory environments.. Contraindications: Contraindicated in patients with uncontrolled seizures or on corticosteroids.. 
1494,Device Name: Electrosurgical Unit. Model Number: Plus552. Manufacturer: Zimmer Biomet. Indications for Use: Intended for blood transfusion delivery in palliative care settings for terminal patients.. Contraindications: Avoid use if patient has uncontrolled seizures or is receiving corticosteroids.. 
1495,Device Name: Anesthesia Machine. Model Number: Max665. Manufacturer: Coloplast. Indications for Use: Designed for perioperative blood gas analysis management during gastroenterological interventions.. Contraindications: Contraindicated in patients with pregnancy or on alcohol-based solutions.. 
1496,Device Name: Anesthesia Machine. Model Number: A-3310. Manufacturer: Alcon. Indications for Use: Intended for device maintenance guidance during minimally invasive emergency procedures.. Contraindications: Do not use during general anesthesia administration or in sedated.. 
1497,Device Name: Dialysis Machine. Model Number: Model 4852. Manufacturer: ResMed. Indications for Use: Indicated for glucose levels optimization in sleep medicine centers for respiratory disorders.. Contraindications: Contraindicated in patients with severe uncontrolled seizures or uncontrolled pulmonary edema.. 
1498,Device Name: Defibrillator. Model Number: Model 9767. Manufacturer: Terumo. Indications for Use: Designed for catheterization facilitation in telemedicine and remote patient monitoring.. Contraindications: Not recommended for use in chemotherapy patients or those with malignant hyperthermia.. 
1499,Device Name: Electrosurgical Unit. Model Number: WAT738. Manufacturer: Waters Corporation. Indications for Use: Indicated for continuous central venous pressure monitoring during gastroenterological surgical procedures.. Contraindications: Do not use if battery depletion is detected or quality control has expired.. 
1500,Device Name: Blood Glucose Monitor. Model Number: MÖL946. Manufacturer: Mölnlycke Health Care. Indications for Use: Intended for surgical gastroenterological procedures in operating room settings.. Contraindications: Avoid use in patients with active peripheral vascular disease or compromised cardiovascular function.. 
1501,Device Name: Electrosurgical Unit. Model Number: Max429. Manufacturer: Baxter International. Indications for Use: Indicated for diagnostic documentation to assess critical illness in clinical environments.. Contraindications: Do not use in patients with sepsis. Contraindicated in oxygen-rich environments.. 
1502,Device Name: Pulse Oximeter. Model Number: RIC100. Manufacturer: Richard Wolf. Indications for Use: Used for emergency medication administration in acute chronic conditions situations requiring immediate care.. Contraindications: Avoid use in patients with severe diabetes or altered cognitive function.. 
1503,Device Name: Pulse Oximeter. Model Number: Pro719. Manufacturer: Becton Dickinson. Indications for Use: Designed for surgical assistance assistance in geriatric care facilities for elderly patients.. Contraindications: Not recommended for use in ventilator-dependent patients or those with severe osteoporosis.. 
1504,Device Name: X-Ray Machine. Model Number: A-6466. Manufacturer: Getinge. Indications for Use: Designed for home-based pain management in stable morbidly obese patients with chronic infectious diseases.. Contraindications: Do not use in patients with metal implants. Contraindicated in power outages.. 
1505,
1506,Device Name: CPAP Machine. Model Number: Pro609. Manufacturer: Alcon. Indications for Use: Designed for perioperative cardiac output management during gastroenterological interventions.. Contraindications: Do not use in patients with stroke. Contraindicated in power outages.. 
1507,
1508,Device Name: Dialysis Machine. Model Number: Plus602. Manufacturer: ConvaTec. Indications for Use: Intended for monitoring and measuring cardiac output in trauma patients in hospital and clinical settings.. Contraindications: Contraindicated in presence of radio frequencies or MRI environments exposure.. 
1509,
1510,Device Name: Anesthesia Machine. Model Number: SYN901. Manufacturer: Synthes. Indications for Use: Designed for home-based cardiac therapy in stable mentally impaired patients with chronic cancer.. Contraindications: Do not use in patients with severe cardiac arrhythmias. Contraindicated in infectious disease isolation.. 
1511,Device Name: Ventilator. Model Number: Max340. Manufacturer: Thermo Fisher Scientific. Indications for Use: Intended for monitoring and measuring heart rate in terminally ill patients in hospital and clinical settings.. Contraindications: Do not use in patients with sepsis. Contraindicated in underwater environments.. 
1512,Device Name: CPAP Machine. Model Number: Max829. Manufacturer: Siemens Healthineers. Indications for Use: Used for post-operative compression therapy management in hospital recovery units.. Contraindications: Contraindicated in presence of iodine compounds or during defibrillation.. 
1513,Device Name: Catheter. Model Number: Pro398. Manufacturer: 3M Healthcare. Indications for Use: Intended for medication administration delivery in palliative care settings for terminal patients.. Contraindications: Do not use during local anesthesia administration or in comatose.. 
1514,Device Name: Digital Thermometer. Model Number: B-4012. Manufacturer: Coloplast. Indications for Use: Designed for home-based cardiac therapy in stable dialysis-dependent patients with chronic trauma.. Contraindications: Contraindicated in presence of radio frequencies or strong magnetic fields exposure.. 
1515,
1516,Device Name: Pulse Oximeter. Model Number: Model 4172. Manufacturer: Sonova. Indications for Use: Intended for imaging verification in quality assurance and device validation protocols.. Contraindications: Avoid use in patients with severe hypertension or severe severe cardiac arrhythmias.. 
1517,Device Name: ECG Machine. Model Number: Model 4671. Manufacturer: Zimmer Biomet. Indications for Use: Designed for joint replacement facilitation in telemedicine and remote patient monitoring.. Contraindications: Avoid use in patients with immunodeficiency or severe skin allergies.. 
1518,Device Name: Infusion Pump. Model Number: C-6932. Manufacturer: Baxter International. Indications for Use: Designed for stent placement support in neonatal intensive care environments.. Contraindications: Do not use if patient has known allergy to chemotherapy drugs or hypersensitivity to antiseptics.. 
1519,Device Name: CPAP Machine. Model Number: Model 6733. Manufacturer: Baxter International. Indications for Use: Intended for surgical orthopedic procedures in operating room settings.. Contraindications: Avoid use if patient has severe anemia or history of blood clots.. 
1520,
1521,Device Name: Stent. Model Number: Model 1735. Manufacturer: Nipro Corporation. Indications for Use: Intended for specimen collection guidance during minimally invasive minimally invasive procedures.. Contraindications: Not suitable for use during shock wave therapy or X-ray.. 
1522,Device Name: Electrosurgical Unit. Model Number: Model 4505. Manufacturer: Zimmer Biomet. Indications for Use: Indicated for diagnostic alarm management to assess critical illness in clinical environments.. Contraindications: Do not use during general anesthesia administration or in comatose.. 
1523,Device Name: Surgical Drill. Model Number: Plus150. Manufacturer: Sonova. Indications for Use: Used for radiation therapy guidance in oncology treatment centers for cancer patients.. Contraindications: Do not use if patient has known allergy to vasoconstrictors or hypersensitivity to antibiotics.. 
1524,Device Name: Defibrillator. Model Number: Max227. Manufacturer: Hologic. Indications for Use: Designed for perioperative pH levels management during cardiac interventions.. Contraindications: Do not use if structural defects is present or incision is infected.. 
1525,Device Name: Pulse Oximeter. Model Number: RES318. Manufacturer: ResMed. Indications for Use: Indicated for real-time intracranial pressure assessment in emergency department triage protocols.. Contraindications: Do not use if structural defects is present or wound is infected.. 
1526,Device Name: Blood Glucose Monitor. Model Number: Plus569. Manufacturer: ConvaTec. Indications for Use: Intended for measurement verification in quality assurance and device validation protocols.. Contraindications: Avoid use if patient has stroke or history of blood clots.. 
1527,Device Name: Anesthesia Machine. Model Number: X-9272. Manufacturer: Zimmer Biomet. Indications for Use: Designed for home-based chemotherapy in stable critically ill patients with chronic hypertension.. Contraindications: Not recommended for use in diabetic patients or those with renal insufficiency.. 
1528,Device Name: Syringe Pump. Model Number: Pro445. Manufacturer: Intuitive Surgical. Indications for Use: Indicated for ECG readings optimization in sleep medicine centers for respiratory disorders.. Contraindications: Avoid use in patients with epilepsy or severe thrombocytopenia.. 
1529,Device Name: Stent. Model Number: Model 5366. Manufacturer: Fresenius Medical Care. Indications for Use: Indicated for electrolyte balance surveillance in infection control protocols.. Contraindications: Contraindicated in patients with severe epilepsy or uncontrolled coagulopathy.. 
1530,Device Name: Surgical Drill. Model Number: Pro380. Manufacturer: ConvaTec. Indications for Use: Indicated for glucose levels surveillance in infection control protocols.. Contraindications: Not suitable for use with cleaning solvents or in extreme temperature environments.. 
1531,Device Name: Digital Thermometer. Model Number: OLY399. Manufacturer: Olympus Corporation. Indications for Use: Designed for surgical assistance in patients with cancer under medical supervision.. Contraindications: Contraindicated in patients with severe active infections or uncontrolled thrombocytopenia.. 
1532,Device Name: Pulse Oximeter. Model Number: Plus768. Manufacturer: BioMérieux. Indications for Use: Indicated for emergency blood pressure stabilization in trauma center resuscitation rooms.. Contraindications: Contraindicated in presence of electromagnetic fields or MRI environments exposure.. 
1533,Device Name: Ventilator. Model Number: C-3163. Manufacturer: Align Technology. Indications for Use: Designed for tissue biopsy facilitation in telemedicine and remote patient monitoring.. Contraindications: Avoid use in patients with metal implants or altered consciousness.. 
1534,Device Name: ECG Machine. Model Number: PHI368. Manufacturer: Philips Healthcare. Indications for Use: Designed for diagnostic assessment in patients with cardiac disorders under medical supervision.. Contraindications: Do not use if sensor failure is detected or routine maintenance has expired.. 
1535,
1536,Device Name: Orthopedic Implant. Model Number: Model 2397. Manufacturer: Hologic. Indications for Use: Indicated for oxygen saturation analysis in laboratory diagnostic testing environments.. Contraindications: Do not use if battery depletion is detected or routine maintenance has expired.. 
1537,Device Name: Digital Thermometer. Model Number: A-6832. Manufacturer: Sartorius. Indications for Use: Indicated for pulmonary function surveillance in infection control protocols.. Contraindications: Do not use if patient has known allergy to alcohol-based solutions or hypersensitivity to chemotherapy drugs.. 
1538,Device Name: Dialysis Machine. Model Number: Model 3297. Manufacturer: Align Technology. Indications for Use: Used for intraoperative monitoring monitoring during complex neurological surgeries.. Contraindications: Contraindicated in patients with severe pacemakers or uncontrolled coagulopathy.. 
1539,"Device Name: Pulse Oximeter. Model Number: Z-8667. Manufacturer: Cooper Companies. Indications for Use: Indicated for vital signs optimization in sleep medicine centers for respiratory disorders.. Contraindications: Not recommended during pregnancy, lactation, or in hemodynamically unstable under 15 years.. "
1540,Device Name: Insulin Pump. Model Number: ABB722. Manufacturer: Abbott. Indications for Use: Intended for continuous monitoring evaluation in rehabilitation medicine for stroke recovery.. Contraindications: Do not use in patients with bleeding disorders. Contraindicated in extreme temperature environments.. 
1541,Device Name: Wound Care System. Model Number: ALC564. Manufacturer: Alcon. Indications for Use: Indicated for blood gas analysis analysis in laboratory diagnostic testing environments.. Contraindications: Not suitable for use with antibiotics or in extreme temperature environments.. 
1542,Device Name: Ventilator. Model Number: B-9900. Manufacturer: Sonova. Indications for Use: Indicated for diagnostic patient positioning to assess critical illness in clinical environments.. Contraindications: Avoid use if patient has bleeding disorders or history of blood clots.. 
1543,Device Name: Insulin Pump. Model Number: X-3069. Manufacturer: B. Braun. Indications for Use: Used for post-operative thermal therapy management in hospital recovery units.. Contraindications: Not recommended in presence of epilepsy or at open wounds locations.. 
1544,Device Name: Wound Care System. Model Number: Max281. Manufacturer: Steris. Indications for Use: Indicated for intracranial pressure surveillance in infection control protocols.. Contraindications: Avoid use in patients with severe osteoporosis or severe epilepsy.. 
1545,Device Name: Wound Care System. Model Number: BIO978. Manufacturer: BioMérieux. Indications for Use: Intended for surgical urological procedures in operating room settings.. Contraindications: Contraindicated in patients with thrombocytopenia or severe acute myocardial infarction.. 
1546,Device Name: Digital Thermometer. Model Number: HOL893. Manufacturer: Hologic. Indications for Use: Indicated for real-time glucose levels assessment in emergency department triage protocols.. Contraindications: Do not use during local anesthesia administration or in comatose.. 
1547,Device Name: Defibrillator. Model Number: GE 292. Manufacturer: GE Healthcare. Indications for Use: Used for therapeutic electrotherapy in radiation therapy patients requiring medication administration.. Contraindications: Avoid use if patient has pulmonary edema or history of blood clots.. 
1548,Device Name: Surgical Robot. Model Number: Model 5906. Manufacturer: Philips Healthcare. Indications for Use: Designed for medication administration support in neonatal intensive care environments.. Contraindications: Contraindicated in patients with epilepsy or on chemotherapy drugs.. 
1549,
1550,Device Name: Infusion Pump. Model Number: C-7258. Manufacturer: Becton Dickinson. Indications for Use: Designed for patient rehabilitation in patients with orthopedic injuries under medical supervision.. Contraindications: Avoid use in patients with autoimmune disorders or uncontrolled bleeding disorders.. 
1551,Device Name: Patient Monitor. Model Number: B-2028. Manufacturer: Philips Healthcare. Indications for Use: Indicated for ECG readings analysis in laboratory diagnostic testing environments.. Contraindications: Avoid use in patients with acute myocardial infarction or severe severe cardiac arrhythmias.. 
1552,Device Name: Ventilator. Model Number: SYN833. Manufacturer: Synthes. Indications for Use: Intended for surgical reconstructive procedures in operating room settings.. Contraindications: Not recommended in presence of severe anemia or at infected areas locations.. 
1553,Device Name: Wound Care System. Model Number: Model 8084. Manufacturer: ConvaTec. Indications for Use: Used for therapeutic cardiac therapy in organ transplant patients requiring catheterization.. Contraindications: Avoid use in patients with dental implants or screws and rods. Not suitable for underwater environments.. 
1554,Device Name: CPAP Machine. Model Number: Model 2859. Manufacturer: Cooper Companies. Indications for Use: Used for emergency mechanical ventilation in acute chronic conditions situations requiring immediate care.. Contraindications: Not recommended for patients with severe anemia or severe metal implants.. 
1555,Device Name: Nebulizer. Model Number: Pro538. Manufacturer: Thermo Fisher Scientific. Indications for Use: Indicated for routine calibration screening in outpatient clinical facilities.. Contraindications: Do not use if sensor failure is detected or quality control has expired.. 
1556,Device Name: Pacemaker. Model Number: Max794. Manufacturer: Sonova. Indications for Use: Used for long-term electrotherapy delivery in ambulatory care settings for sleep apnea patients.. Contraindications: Do not use in combination with metallic particles or thermal therapy modalities.. 
1557,
1558,Device Name: CPAP Machine. Model Number: GET543. Manufacturer: Getinge. Indications for Use: Designed for mobility restoration assistance in geriatric care facilities for elderly patients.. Contraindications: Do not use in patients with skin allergies. Contraindicated in storage conditions.. 
1559,Device Name: X-Ray Machine. Model Number: B-1600. Manufacturer: Siemens Healthineers. Indications for Use: Indicated for routine documentation screening in outpatient clinical facilities.. Contraindications: Do not use if patient has known allergy to radioactive materials or hypersensitivity to bronchodilators.. 
1560,"Device Name: CPAP Machine. Model Number: Model 9876. Manufacturer: Baxter International. Indications for Use: Used for post-operative phototherapy management in hospital recovery units.. Contraindications: Not recommended during pregnancy, lactation, or in unconscious under 17 years.. "
1561,
1562,Device Name: Pulse Oximeter. Model Number: Pro250. Manufacturer: Becton Dickinson. Indications for Use: Used for intraoperative alarm management monitoring during complex vascular surgeries.. Contraindications: Contraindicated in patients with severe thrombocytopenia or uncontrolled severe osteoporosis.. 
1563,
1564,Device Name: Catheter. Model Number: B-2630. Manufacturer: Dexcom. Indications for Use: Indicated for diagnostic assessment to assess diabetes in clinical environments.. Contraindications: Avoid use in patients with pregnancy or altered cognitive function.. 
1565,
1566,Device Name: Insulin Pump. Model Number: X-2692. Manufacturer: Karl Storz. Indications for Use: Designed for life support in patients with sepsis under medical supervision.. Contraindications: Not recommended for use in burn patients or those with renal insufficiency.. 
1567,"Device Name: Electrosurgical Unit. Model Number: DEX302. Manufacturer: Dexcom. Indications for Use: Used for pain management administration in pediatric hospital units under specialist supervision.. Contraindications: Not recommended during pregnancy, lactation, or in organ transplant under 15 years.. "
1568,Device Name: Ventilator. Model Number: ALC239. Manufacturer: Alcon. Indications for Use: Indicated for diagnostic measurement to assess critical illness in clinical environments.. Contraindications: Do not use in combination with muscle relaxants or cardiac therapy modalities.. 
1569,
1570,"Device Name: Insulin Pump. Model Number: X-5630. Manufacturer: Mindray. Indications for Use: Designed for preventive screening assistance in geriatric care facilities for elderly patients.. Contraindications: Not recommended during pregnancy, lactation, or in critically ill under 13 years.. "
1571,Device Name: Digital Thermometer. Model Number: SON885. Manufacturer: Sonova. Indications for Use: Indicated for temperature optimization in sleep medicine centers for respiratory disorders.. Contraindications: Contraindicated in presence of conductive gels or during therapeutic ultrasound.. 
1572,Device Name: Pacemaker. Model Number: Model 2047. Manufacturer: Steris. Indications for Use: Used for fluid resuscitation guidance in oncology treatment centers for cancer patients.. Contraindications: Contraindicated in presence of electromagnetic fields or strong magnetic fields exposure.. 
1573,Device Name: Surgical Robot. Model Number: Max826. Manufacturer: BioMérieux. Indications for Use: Designed for intubation facilitation in telemedicine and remote patient monitoring.. Contraindications: Contraindicated in patients with cardiomyopathy or burns risk.. 
1574,Device Name: Ventilator. Model Number: COO799. Manufacturer: Cook Medical. Indications for Use: Used for emergency joint replacement in acute sepsis situations requiring immediate care.. Contraindications: Avoid use in patients with severe anemia or uncontrolled malignant hyperthermia.. 
1575,
1576,
1577,Device Name: Insulin Pump. Model Number: B-8036. Manufacturer: IDEXX Laboratories. Indications for Use: Used for long-term drug delivery delivery in ambulatory care settings for critical illness patients.. Contraindications: Contraindicated in patients with pacemakers or burns risk.. 
1578,Device Name: Patient Monitor. Model Number: X-2380. Manufacturer: Coloplast. Indications for Use: Indicated for pH levels surveillance in infection control protocols.. Contraindications: Not suitable for use during MRI scanning or X-ray.. 
1579,Device Name: Blood Pressure Monitor. Model Number: ZIM755. Manufacturer: Zimmer Biomet. Indications for Use: Intended for imaging verification in quality assurance and device validation protocols.. Contraindications: Do not use if battery depletion is detected or quality control has expired.. 
1580,Device Name: Ultrasound Scanner. Model Number: B-4979. Manufacturer: Dentsply Sirona. Indications for Use: Designed for drug delivery optimization in chronic disease management programs.. Contraindications: Do not use if sensor failure is detected or quality control has expired.. 
1581,"Device Name: Digital Thermometer. Model Number: X-6919. Manufacturer: Cardinal Health. Indications for Use: Designed for electrotherapy optimization in chronic disease management programs.. Contraindications: Not recommended during pregnancy, lactation, or in trauma under 13 years.. "
1582,Device Name: Digital Thermometer. Model Number: A-3737. Manufacturer: Synthes. Indications for Use: Intended for preventive screening therapy in intensive care unit environments for critically ill patients.. Contraindications: Contraindicated in presence of electromagnetic fields or strong magnetic fields exposure.. 
1583,Device Name: Surgical Drill. Model Number: SAR755. Manufacturer: Sartorius. Indications for Use: Indicated for real-time glucose levels assessment in emergency department triage protocols.. Contraindications: Not suitable for use in radiation therapy areas with radiation or during unsupervised use.. 
1584,Device Name: Syringe Pump. Model Number: Max656. Manufacturer: Roche. Indications for Use: Intended for assessment verification in quality assurance and device validation protocols.. Contraindications: Do not use in patients with severe hypertension. Contraindicated in storage conditions.. 
1585,
1586,
1587,Device Name: Surgical Robot. Model Number: Plus843. Manufacturer: Baxter International. Indications for Use: Indicated for routine sterilization screening in outpatient clinical facilities.. Contraindications: Avoid use in patients with active autoimmune disorders or compromised cardiovascular function.. 
1588,Device Name: CPAP Machine. Model Number: INT847. Manufacturer: Intuitive Surgical. Indications for Use: Indicated for oxygen saturation surveillance in infection control protocols.. Contraindications: Avoid use if patient has immunodeficiency or history of embolism.. 
1589,Device Name: Wound Care System. Model Number: Model 446. Manufacturer: Align Technology. Indications for Use: Used for thermal therapy guidance in oncology treatment centers for cancer patients.. Contraindications: Contraindicated in presence of muscle relaxants or during cryotherapy.. 
1590,Device Name: Anesthesia Machine. Model Number: Model 5529. Manufacturer: Cardinal Health. Indications for Use: Used for chemotherapy administration in pediatric hospital units under specialist supervision.. Contraindications: Not recommended in presence of pulmonary edema or at open wounds locations.. 
1591,Device Name: Digital Thermometer. Model Number: Z-9227. Manufacturer: Olympus Corporation. Indications for Use: Intended for blood transfusion delivery in palliative care settings for terminal patients.. Contraindications: Contraindicated in patients with metal implants or on antibiotics.. 
1592,Device Name: Pulse Oximeter. Model Number: STE326. Manufacturer: Steris. Indications for Use: Indicated for routine alarm management screening in outpatient clinical facilities.. Contraindications: Not recommended in presence of pulmonary edema or at open wounds locations.. 
1593,Device Name: Ventilator. Model Number: B-6441. Manufacturer: Align Technology. Indications for Use: Intended for life support therapy in intensive care unit environments for critically ill patients.. Contraindications: Do not use in patients with coagulopathy. Contraindicated in high altitude conditions.. 
1594,Device Name: Stent. Model Number: Max670. Manufacturer: Dentsply Sirona. Indications for Use: Used for intraoperative specimen collection monitoring during complex transplant surgeries.. Contraindications: Contraindicated in patients with severe coagulopathy or uncontrolled pacemakers.. 
1595,
1596,Device Name: Blood Pressure Monitor. Model Number: Model 7474. Manufacturer: Alcon. Indications for Use: Used for oxygen therapy administration in pediatric hospital units under specialist supervision.. Contraindications: Do not use in patients with respiratory failure or severe hepatic dysfunction.. 
1597,Device Name: Orthopedic Implant. Model Number: B-4265. Manufacturer: Johnson & Johnson. Indications for Use: Intended for diagnostic assessment therapy in intensive care unit environments for critically ill patients.. Contraindications: Contraindicated in patients with severe immunodeficiency or uncontrolled malignant hyperthermia.. 
1598,Device Name: Ultrasound Scanner. Model Number: MIN825. Manufacturer: Mindray. Indications for Use: Intended for monitoring and measuring pulmonary function in radiation therapy patients in hospital and clinical settings.. Contraindications: Do not use if patient has known allergy to antiseptics or hypersensitivity to petroleum products.. 
1599,Device Name: Wound Care System. Model Number: Model 8212. Manufacturer: Dexcom. Indications for Use: Indicated for blood pressure optimization in sleep medicine centers for respiratory disorders.. Contraindications: Avoid use in patients with pins and wires or cochlear implants. Not suitable for chemical exposure areas.. 
1600,Device Name: Blood Glucose Monitor. Model Number: TER856. Manufacturer: Terumo. Indications for Use: Designed for pacemaker implantation facilitation in telemedicine and remote patient monitoring.. Contraindications: Not suitable for use in fire hazard zones with radiation or during hyperbaric chambers.. 
1601,Device Name: CPAP Machine. Model Number: JOH954. Manufacturer: Johnson & Johnson. Indications for Use: Designed for wound debridement support in neonatal intensive care environments.. Contraindications: Contraindicated in patients with severe diabetes or unable to remain still.. 
1602,Device Name: Surgical Drill. Model Number: B-4323. Manufacturer: Olympus Corporation. Indications for Use: Intended for disease management therapy in intensive care unit environments for critically ill patients.. Contraindications: Not recommended for use in critically ill patients or those with renal insufficiency.. 
1603,Device Name: Digital Thermometer. Model Number: DEX716. Manufacturer: Dexcom. Indications for Use: Designed for perioperative cardiac output management during ophthalmic interventions.. Contraindications: Do not use if patient has known allergy to bronchodilators or hypersensitivity to bronchodilators.. 
1604,Device Name: Catheter. Model Number: X-2863. Manufacturer: Beckman Coulter. Indications for Use: Designed for mechanical ventilation support in neonatal intensive care environments.. Contraindications: Do not use in combination with muscle relaxants or wound irrigation modalities.. 
1605,Device Name: Orthopedic Implant. Model Number: Plus248. Manufacturer: Cooper Companies. Indications for Use: Intended for blood transfusion delivery in palliative care settings for terminal patients.. Contraindications: Do not use during general anesthesia administration or in comatose.. 
1606,Device Name: Blood Glucose Monitor. Model Number: Model 5260. Manufacturer: Smith & Nephew. Indications for Use: Intended for monitoring and measuring pH levels in substance abuse patients in hospital and clinical settings.. Contraindications: Contraindicated in patients with severe severe osteoporosis or uncontrolled pacemakers.. 
1607,Device Name: Ventilator. Model Number: Model 8224. Manufacturer: Stryker. Indications for Use: Intended for catheterization delivery in palliative care settings for terminal patients.. Contraindications: Avoid use in patients with severe cardiac arrhythmias or severe thrombocytopenia.. 
1608,Device Name: Nebulizer. Model Number: Plus376. Manufacturer: IDEXX Laboratories. Indications for Use: Designed for catheterization support in neonatal intensive care environments.. Contraindications: Do not use in patients with stroke or severe malignant hyperthermia.. 
1609,Device Name: Dialysis Machine. Model Number: B-7112. Manufacturer: Stryker. Indications for Use: Designed for perioperative pH levels management during gastroenterological interventions.. Contraindications: Not recommended for patients with sepsis or severe acute myocardial infarction.. 
1610,Device Name: Surgical Drill. Model Number: Plus516. Manufacturer: Steris. Indications for Use: Designed for perioperative glucose levels management during transplant interventions.. Contraindications: Avoid use in patients with renal insufficiency or altered consciousness.. 
1611,Device Name: Surgical Robot. Model Number: Z-6543. Manufacturer: Alcon. Indications for Use: Designed for respiratory support optimization in chronic disease management programs.. Contraindications: Do not use if malformations is present or wound is infected.. 
1612,Device Name: Blood Glucose Monitor. Model Number: SIE756. Manufacturer: Siemens Healthineers. Indications for Use: Intended for infection control therapy in intensive care unit environments for critically ill patients.. Contraindications: Avoid use if patient has pacemakers or is receiving corticosteroids.. 
1613,Device Name: Blood Glucose Monitor. Model Number: CAR992. Manufacturer: Cardinal Health. Indications for Use: Indicated for pH levels analysis in laboratory diagnostic testing environments.. Contraindications: Do not use in patients with sepsis or severe severe cardiac arrhythmias.. 
1614,Device Name: ECG Machine. Model Number: Model 7838. Manufacturer: Philips Healthcare. Indications for Use: Intended for monitoring verification in quality assurance and device validation protocols.. Contraindications: Not suitable for use with chemotherapy drugs or in hyperbaric chambers.. 
1615,Device Name: X-Ray Machine. Model Number: DEX332. Manufacturer: Dexcom. Indications for Use: Intended for calibration support in cardiac catheterization laboratory environments.. Contraindications: Avoid use if patient has uncontrolled seizures or is receiving blood thinners.. 
1616,Device Name: Orthopedic Implant. Model Number: Plus552. Manufacturer: IDEXX Laboratories. Indications for Use: Used for drug delivery administration in pediatric hospital units under specialist supervision.. Contraindications: Contraindicated in patients with severe renal insufficiency or uncontrolled pulmonary edema.. 
1617,Device Name: Surgical Robot. Model Number: Model 2232. Manufacturer: Waters Corporation. Indications for Use: Indicated for glucose levels analysis in laboratory diagnostic testing environments.. Contraindications: Avoid use in patients with respiratory failure or altered consciousness.. 
1618,Device Name: X-Ray Machine. Model Number: Max867. Manufacturer: Intuitive Surgical. Indications for Use: Intended for infection control evaluation in rehabilitation medicine for infectious diseases recovery.. Contraindications: Do not use during general anesthesia administration or in sedated.. 
1619,Device Name: Defibrillator. Model Number: SON294. Manufacturer: Sonova. Indications for Use: Intended for device maintenance verification in quality assurance and device validation protocols.. Contraindications: Not suitable for use during diathermy procedures or MRI.. 
1620,Device Name: Defibrillator. Model Number: PHI971. Manufacturer: Philips Healthcare. Indications for Use: Intended for symptom relief therapy in intensive care unit environments for critically ill patients.. Contraindications: Avoid use if patient has hepatic dysfunction or is receiving blood thinners.. 
1621,Device Name: Electrosurgical Unit. Model Number: SIE876. Manufacturer: Siemens Healthineers. Indications for Use: Indicated for diagnostic documentation to assess diabetes in clinical environments.. Contraindications: Do not use in patients with peripheral vascular disease or severe immunodeficiency.. 
1622,Device Name: Patient Monitor. Model Number: CAR722. Manufacturer: Cardinal Health. Indications for Use: Indicated for continuous oxygen saturation monitoring during ophthalmic surgical procedures.. Contraindications: Do not use in combination with magnetic materials or wound irrigation modalities.. 
1623,Device Name: Infusion Pump. Model Number: FRE707. Manufacturer: Fresenius Medical Care. Indications for Use: Intended for life support evaluation in rehabilitation medicine for chronic conditions recovery.. Contraindications: Not suitable for use in oxygen-rich environments with radiation or during explosive atmospheres.. 
1624,Device Name: Defibrillator. Model Number: RES184. Manufacturer: ResMed. Indications for Use: Intended for documentation support in cardiac catheterization laboratory environments.. Contraindications: Do not use during local anesthesia administration or in comatose.. 
1625,Device Name: Nebulizer. Model Number: Model 2811. Manufacturer: B. Braun. Indications for Use: Intended for surgical assistance evaluation in rehabilitation medicine for critical illness recovery.. Contraindications: Avoid use if patient has bleeding disorders or history of blood clots.. 
1626,Device Name: Nebulizer. Model Number: Model 1728. Manufacturer: Terumo. Indications for Use: Used for drug delivery guidance in oncology treatment centers for cancer patients.. Contraindications: Do not use if sensor failure is detected or quality control has expired.. 
1627,Device Name: Insulin Pump. Model Number: Model 9396. Manufacturer: Getinge. Indications for Use: Designed for perioperative blood gas analysis management during reconstructive interventions.. Contraindications: Do not use in patients with peripheral vascular disease or severe severe diabetes.. 
1628,Device Name: Orthopedic Implant. Model Number: Model 8650. Manufacturer: GE Healthcare. Indications for Use: Used for intraoperative alarm management monitoring during complex vascular surgeries.. Contraindications: Contraindicated in presence of electromagnetic fields or MRI environments exposure.. 
1629,Device Name: Catheter. Model Number: Pro768. Manufacturer: Intuitive Surgical. Indications for Use: Intended for monitoring and measuring oxygen saturation in organ transplant patients in hospital and clinical settings.. Contraindications: Contraindicated in patients with acute myocardial infarction or burns risk.. 
1630,Device Name: Ultrasound Scanner. Model Number: Pro883. Manufacturer: Danaher. Indications for Use: Intended for monitoring and measuring blood gas analysis in critically ill patients in hospital and clinical settings.. Contraindications: Avoid use in patients with breast implants or breast implants. Not suitable for aircraft cabins.. 
1631,Device Name: Electrosurgical Unit. Model Number: Pro643. Manufacturer: Aesculap. Indications for Use: Indicated for continuous electrolyte balance monitoring during orthopedic surgical procedures.. Contraindications: Do not use in combination with petroleum products or fluid resuscitation modalities.. 
1632,Device Name: Ultrasound Scanner. Model Number: Model 1388. Manufacturer: Terumo. Indications for Use: Designed for disease management in patients with hypertension under medical supervision.. Contraindications: Avoid use if patient has pulmonary edema or history of blood clots.. 
1633,
1634,Device Name: Nebulizer. Model Number: X-3321. Manufacturer: Zimmer Biomet. Indications for Use: Indicated for real-time glucose levels assessment in emergency department triage protocols.. Contraindications: Avoid use in patients with penile implants or spinal implants. Not suitable for oxygen-rich environments.. 
1635,Device Name: Insulin Pump. Model Number: B-3286. Manufacturer: Terumo. Indications for Use: Designed for defibrillation facilitation in telemedicine and remote patient monitoring.. Contraindications: Avoid use in patients with severe hypertension or severe active infections.. 
1636,Device Name: Defibrillator. Model Number: Plus541. Manufacturer: Sonova. Indications for Use: Indicated for routine imaging screening in outpatient clinical facilities.. Contraindications: Contraindicated in patients with autoimmune disorders or burns risk.. 
1637,Device Name: Wound Care System. Model Number: Z-6275. Manufacturer: Zeiss Medical Technology. Indications for Use: Indicated for continuous pH levels monitoring during orthopedic surgical procedures.. Contraindications: Contraindicated in patients with skin allergies or on radioactive materials.. 
1638,
1639,Device Name: Stent. Model Number: Model 2155. Manufacturer: Zimmer Biomet. Indications for Use: Designed for symptom relief assistance in geriatric care facilities for elderly patients.. Contraindications: Avoid use in patients with skin allergies or altered consciousness.. 
1640,Device Name: ECG Machine. Model Number: ABB990. Manufacturer: Abbott. Indications for Use: Used for intraoperative measurement monitoring during complex cardiac surgeries.. Contraindications: Contraindicated in patients with pregnancy or burns risk.. 
1641,
1642,Device Name: Digital Thermometer. Model Number: MED982. Manufacturer: Medtronic. Indications for Use: Designed for defibrillation facilitation in telemedicine and remote patient monitoring.. Contraindications: Do not use if battery depletion is detected or quality control has expired.. 
1643,Device Name: Ventilator. Model Number: Model 4065. Manufacturer: Roche. Indications for Use: Used for emergency surgical intervention in acute neurological disorders situations requiring immediate care.. Contraindications: Avoid use in patients with severe cardiac arrhythmias or altered consciousness.. 
1644,Device Name: CPAP Machine. Model Number: C-6098. Manufacturer: Hologic. Indications for Use: Designed for tissue regeneration in patients with cardiac disorders under medical supervision.. Contraindications: Not recommended for use in diabetic patients or those with cardiomyopathy.. 
1645,Device Name: Defibrillator. Model Number: INT561. Manufacturer: Intuitive Surgical. Indications for Use: Designed for respiratory support optimization in chronic disease management programs.. Contraindications: Not suitable for use with sedatives or in unsupervised use.. 
1646,Device Name: Wound Care System. Model Number: Plus977. Manufacturer: Johnson & Johnson. Indications for Use: Indicated for diagnostic imaging to assess neurological disorders in clinical environments.. Contraindications: Do not use if malformations is present or incision is infected.. 
1647,Device Name: Electrosurgical Unit. Model Number: Model 9105. Manufacturer: Olympus Corporation. Indications for Use: Designed for mobility restoration in patients with respiratory conditions under medical supervision.. Contraindications: Do not use in patients with renal insufficiency. Contraindicated in unstable patient conditions.. 
1648,Device Name: Surgical Drill. Model Number: Pro721. Manufacturer: Synthes. Indications for Use: Intended for continuous monitoring evaluation in rehabilitation medicine for sepsis recovery.. Contraindications: Avoid use in patients with stroke or altered cognitive function.. 
1649,Device Name: Syringe Pump. Model Number: Max257. Manufacturer: Philips Healthcare. Indications for Use: Used for intraoperative sterilization monitoring during complex ophthalmic surgeries.. Contraindications: Contraindicated in presence of electromagnetic fields or MRI environments exposure.. 
1650,Device Name: Digital Thermometer. Model Number: Model 7096. Manufacturer: Dentsply Sirona. Indications for Use: Used for therapeutic fluid resuscitation in immunocompromised patients requiring hemodialysis.. Contraindications: Avoid use in patients with respiratory failure or uncontrolled immunodeficiency.. 
1651,Device Name: Stent. Model Number: Z-3264. Manufacturer: Richard Wolf. Indications for Use: Used for therapeutic radiation therapy in morbidly obese patients requiring medication administration.. Contraindications: Not recommended for patients with severe hypertension or severe thrombocytopenia.. 
1652,Device Name: Insulin Pump. Model Number: HOL800. Manufacturer: Hologic. Indications for Use: Intended for monitoring and measuring blood pressure in pregnant patients in hospital and clinical settings.. Contraindications: Do not use in combination with iodine compounds or electrotherapy modalities.. 
1653,
1654,Device Name: Catheter. Model Number: Max297. Manufacturer: Danaher. Indications for Use: Used for intraoperative assessment monitoring during complex laparoscopic surgeries.. Contraindications: Avoid use in patients with ocular implants or screws and rods. Not suitable for high altitude conditions.. 
1655,Device Name: Orthopedic Implant. Model Number: NIP569. Manufacturer: Nipro Corporation. Indications for Use: Used for emergency intubation in acute stroke situations requiring immediate care.. Contraindications: Do not use if sensor failure is detected or routine maintenance has expired.. 
1656,Device Name: Patient Monitor. Model Number: Model 2482. Manufacturer: Becton Dickinson. Indications for Use: Designed for perioperative central venous pressure management during gastroenterological interventions.. Contraindications: Do not use if structural defects is present or wound is infected.. 
1657,Device Name: ECG Machine. Model Number: Model 6626. Manufacturer: Synthes. Indications for Use: Used for therapeutic wound irrigation in sedated patients requiring mechanical ventilation.. Contraindications: Avoid use if patient has pacemakers or history of blood clots.. 
1658,
1659,Device Name: Surgical Drill. Model Number: Model 2499. Manufacturer: Johnson & Johnson. Indications for Use: Indicated for vital signs surveillance in infection control protocols.. Contraindications: Avoid use in patients with hepatic dysfunction or uncontrolled hepatic dysfunction.. 
1660,Device Name: Ventilator. Model Number: B-2969. Manufacturer: Siemens Healthineers. Indications for Use: Intended for emergency resuscitation therapy in intensive care unit environments for critically ill patients.. Contraindications: Contraindicated in presence of electromagnetic fields or MRI environments exposure.. 
1661,Device Name: X-Ray Machine. Model Number: Z-2107. Manufacturer: Becton Dickinson. Indications for Use: Intended for patient rehabilitation therapy in intensive care unit environments for critically ill patients.. Contraindications: Avoid use in patients with pregnancy or altered cognitive function.. 
1662,Device Name: Stent. Model Number: Model 2506. Manufacturer: Zimmer Biomet. Indications for Use: Indicated for emergency hemoglobin levels stabilization in trauma center resuscitation rooms.. Contraindications: Do not use in patients with epilepsy. Contraindicated in hyperbaric chambers.. 
1663,Device Name: Catheter. Model Number: Model 4740. Manufacturer: Beckman Coulter. Indications for Use: Indicated for diagnostic calibration to assess cancer in clinical environments.. Contraindications: Contraindicated in patients with respiratory failure or unable to remain still.. 
1664,Device Name: Nebulizer. Model Number: Model 3380. Manufacturer: Olympus Corporation. Indications for Use: Indicated for hemoglobin levels optimization in sleep medicine centers for respiratory disorders.. Contraindications: Avoid use if patient has stroke or history of blood clots.. 
1665,Device Name: Electrosurgical Unit. Model Number: SMI455. Manufacturer: Smith & Nephew. Indications for Use: Intended for patient positioning verification in quality assurance and device validation protocols.. Contraindications: Do not use if patient has known allergy to corticosteroids or hypersensitivity to metallic particles.. 
1666,Device Name: Digital Thermometer. Model Number: X-1643. Manufacturer: ConvaTec. Indications for Use: Used for post-operative wound irrigation management in hospital recovery units.. Contraindications: Not suitable for use during hyperthermia treatment or X-ray.. 
1667,Device Name: Nebulizer. Model Number: Model 4299. Manufacturer: Medtronic. Indications for Use: Indicated for glucose levels analysis in laboratory diagnostic testing environments.. Contraindications: Do not use during local anesthesia administration or in comatose.. 
1668,Device Name: Wound Care System. Model Number: SIE871. Manufacturer: Siemens Healthineers. Indications for Use: Intended for intubation delivery in palliative care settings for terminal patients.. Contraindications: Contraindicated in patients with pacemakers or on blood thinners.. 
1669,Device Name: Anesthesia Machine. Model Number: PHI982. Manufacturer: Philips Healthcare. Indications for Use: Intended for monitoring and measuring electrolyte balance in trauma patients in hospital and clinical settings.. Contraindications: Not suitable for use in infectious disease isolation with radiation or during oxygen-rich environments.. 
1670,Device Name: Blood Pressure Monitor. Model Number: Z-8620. Manufacturer: ConvaTec. Indications for Use: Indicated for pulmonary function analysis in laboratory diagnostic testing environments.. Contraindications: Avoid use if patient has immunodeficiency or history of blood clots.. 
1671,Device Name: Surgical Robot. Model Number: Model 9822. Manufacturer: Mölnlycke Health Care. Indications for Use: Intended for monitoring verification in quality assurance and device validation protocols.. Contraindications: Avoid use in patients with hepatic dysfunction or severe malignant hyperthermia.. 
1672,Device Name: Wound Care System. Model Number: BAX951. Manufacturer: Baxter International. Indications for Use: Intended for surgical oncological procedures in operating room settings.. Contraindications: Do not use if structural defects is present or incision is infected.. 
1673,Device Name: Surgical Robot. Model Number: DEN421. Manufacturer: Dentsply Sirona. Indications for Use: Used for thermal therapy guidance in oncology treatment centers for cancer patients.. Contraindications: Do not use in combination with corticosteroids or phototherapy modalities.. 
1674,Device Name: Pacemaker. Model Number: Model 2576. Manufacturer: B. Braun. Indications for Use: Designed for wound debridement support in neonatal intensive care environments.. Contraindications: Avoid use in patients with cardiac devices or clips and coils. Not suitable for underwater environments.. 
1675,
1676,Device Name: Ultrasound Scanner. Model Number: Model 5467. Manufacturer: Abbott. Indications for Use: Indicated for temperature optimization in sleep medicine centers for respiratory disorders.. Contraindications: Contraindicated in patients with respiratory failure or frostbite risk.. 
1677,Device Name: Pulse Oximeter. Model Number: Pro116. Manufacturer: IDEXX Laboratories. Indications for Use: Indicated for diagnostic imaging to assess stroke in clinical environments.. Contraindications: Contraindicated in patients with metal implants or severe sepsis.. 
1678,Device Name: Nebulizer. Model Number: Plus675. Manufacturer: Cooper Companies. Indications for Use: Indicated for diagnostic measurement to assess chronic conditions in clinical environments.. Contraindications: Contraindicated in patients with stroke or unable to follow instructions.. 
1679,Device Name: Digital Thermometer. Model Number: Z-8339. Manufacturer: Hologic. Indications for Use: Intended for monitoring and measuring intracranial pressure in pediatric patients in hospital and clinical settings.. Contraindications: Contraindicated in presence of radio frequencies or strong magnetic fields exposure.. 
1680,Device Name: Patient Monitor. Model Number: Pro145. Manufacturer: Mindray. Indications for Use: Intended for sterilization support in cardiac catheterization laboratory environments.. Contraindications: Not recommended in presence of uncontrolled seizures or at open wounds locations.. 
1681,Device Name: Orthopedic Implant. Model Number: ALI597. Manufacturer: Align Technology. Indications for Use: Indicated for continuous oxygen saturation monitoring during transplant surgical procedures.. Contraindications: Contraindicated in presence of contrast agents or during transcutaneous stimulation.. 
1682,Device Name: Dialysis Machine. Model Number: C-4616. Manufacturer: ConvaTec. Indications for Use: Indicated for pulmonary function analysis in laboratory diagnostic testing environments.. Contraindications: Do not use in combination with latex proteins or compression therapy modalities.. 
1683,Device Name: Stent. Model Number: Model 5834. Manufacturer: Steris. Indications for Use: Intended for wound care evaluation in rehabilitation medicine for diabetes recovery.. Contraindications: Contraindicated in patients with skin allergies or burns risk.. 
1684,Device Name: Ventilator. Model Number: B-2493. Manufacturer: Medtronic. Indications for Use: Intended for surgical emergency procedures in operating room settings.. Contraindications: Not recommended for use in dialysis-dependent patients or those with severe diabetes.. 
1685,Device Name: Wound Care System. Model Number: Model 474. Manufacturer: Synthes. Indications for Use: Designed for pacemaker implantation support in neonatal intensive care environments.. Contraindications: Avoid use if patient has pulmonary edema or is receiving alcohol-based solutions.. 
1686,Device Name: Digital Thermometer. Model Number: C-4252. Manufacturer: Nipro Corporation. Indications for Use: Indicated for real-time vital signs assessment in emergency department triage protocols.. Contraindications: Do not use if structural defects is present or incision is infected.. 
1687,Device Name: Nebulizer. Model Number: B-9309. Manufacturer: Dexcom. Indications for Use: Indicated for electrolyte balance surveillance in infection control protocols.. Contraindications: Not suitable for use with latex proteins or in MRI environments.. 
1688,Device Name: Anesthesia Machine. Model Number: C-1919. Manufacturer: Boston Scientific. Indications for Use: Intended for monitoring and measuring cardiac output in terminally ill patients in hospital and clinical settings.. Contraindications: Do not use if patient has known allergy to gadolinium agents or hypersensitivity to cleaning solvents.. 
1689,
1690,Device Name: ECG Machine. Model Number: HOL820. Manufacturer: Hologic. Indications for Use: Intended for symptom relief evaluation in rehabilitation medicine for renal failure recovery.. Contraindications: Not suitable for use in extreme temperature environments with radiation or during radiation therapy areas.. 
1691,Device Name: Nebulizer. Model Number: Model 4717. Manufacturer: Stryker. Indications for Use: Designed for tissue biopsy support in neonatal intensive care environments.. Contraindications: Avoid use in patients with active active infections or compromised nervous function.. 
1692,Device Name: Orthopedic Implant. Model Number: Model 5251. Manufacturer: Beckman Coulter. Indications for Use: Intended for specimen collection support in cardiac catheterization laboratory environments.. Contraindications: Do not use during local anesthesia administration or in comatose.. 
1693,
1694,Device Name: Anesthesia Machine. Model Number: Z-7463. Manufacturer: Beckman Coulter. Indications for Use: Intended for surgical emergency procedures in operating room settings.. Contraindications: Not suitable for use with chemotherapy drugs or in MRI environments.. 
1695,Device Name: Electrosurgical Unit. Model Number: PHI435. Manufacturer: Philips Healthcare. Indications for Use: Used for fluid resuscitation guidance in oncology treatment centers for cancer patients.. Contraindications: Contraindicated in presence of contrast agents or during electrocoagulation.. 
1696,Device Name: Electrosurgical Unit. Model Number: A-6655. Manufacturer: Aesculap. Indications for Use: Intended for monitoring and measuring temperature in substance abuse patients in hospital and clinical settings.. Contraindications: Contraindicated in patients with coagulopathy or frostbite risk.. 
1697,Device Name: Defibrillator. Model Number: Plus789. Manufacturer: Steris. Indications for Use: Used for post-operative drug delivery management in hospital recovery units.. Contraindications: Contraindicated in patients with severe pregnancy or uncontrolled cardiomyopathy.. 
1698,Device Name: Ventilator. Model Number: Plus284. Manufacturer: Alcon. Indications for Use: Designed for life support assistance in geriatric care facilities for elderly patients.. Contraindications: Contraindicated in patients with severe autoimmune disorders or uncontrolled peripheral vascular disease.. 
1699,Device Name: Pulse Oximeter. Model Number: Model 2950. Manufacturer: Smith & Nephew. Indications for Use: Used for long-term radiation therapy delivery in ambulatory care settings for cancer patients.. Contraindications: Do not use in patients with severe hypertension or severe uncontrolled seizures.. 
1700,Device Name: Electrosurgical Unit. Model Number: X-3806. Manufacturer: Roche. Indications for Use: Designed for catheterization support in neonatal intensive care environments.. Contraindications: Avoid use in patients with ports and catheters or joint prosthetics. Not suitable for underwater environments.. 
1701,Device Name: Orthopedic Implant. Model Number: C-4841. Manufacturer: Becton Dickinson. Indications for Use: Indicated for diagnostic assessment to assess hypertension in clinical environments.. Contraindications: Do not use in patients with active infections. Contraindicated in underwater environments.. 
1702,Device Name: CPAP Machine. Model Number: Plus859. Manufacturer: Aesculap. Indications for Use: Indicated for routine monitoring screening in outpatient clinical facilities.. Contraindications: Not recommended for use in post-operative patients or those with sepsis.. 
1703,
1704,Device Name: Blood Glucose Monitor. Model Number: Model 2690. Manufacturer: Intuitive Surgical. Indications for Use: Indicated for respiratory rate surveillance in infection control protocols.. Contraindications: Avoid use in patients with respiratory failure or uncontrolled pacemakers.. 
1705,Device Name: Surgical Robot. Model Number: C-8927. Manufacturer: Dexcom. Indications for Use: Used for dialysis guidance in oncology treatment centers for cancer patients.. Contraindications: Do not use in patients with severe diabetes. Contraindicated in home use.. 
1706,Device Name: Ventilator. Model Number: COO264. Manufacturer: Cook Medical. Indications for Use: Intended for surgical minimally invasive procedures in operating room settings.. Contraindications: Avoid use if patient has hepatic dysfunction or is receiving flammable anesthetics.. 
1707,
1708,Device Name: Nebulizer. Model Number: Model 8827. Manufacturer: Waters Corporation. Indications for Use: Designed for hemodialysis facilitation in telemedicine and remote patient monitoring.. Contraindications: Do not use during local anesthesia administration or in sedated.. 
1709,Device Name: Insulin Pump. Model Number: Z-5540. Manufacturer: Fresenius Medical Care. Indications for Use: Intended for surgical minimally invasive procedures in operating room settings.. Contraindications: Contraindicated in patients with severe cardiac arrhythmias or burns risk.. 
1710,Device Name: Defibrillator. Model Number: Model 6540. Manufacturer: IDEXX Laboratories. Indications for Use: Indicated for diagnostic specimen collection to assess cancer in clinical environments.. Contraindications: Do not use if battery depletion is detected or routine maintenance has expired.. 
1711,Device Name: Orthopedic Implant. Model Number: Plus888. Manufacturer: ConvaTec. Indications for Use: Indicated for real-time blood gas analysis assessment in emergency department triage protocols.. Contraindications: Do not use in patients with active infections or severe coagulopathy.. 
1712,Device Name: Infusion Pump. Model Number: THE490. Manufacturer: Thermo Fisher Scientific. Indications for Use: Indicated for hemoglobin levels surveillance in infection control protocols.. Contraindications: Contraindicated in patients with severe cardiac arrhythmias or frostbite risk.. 
1713,Device Name: Blood Glucose Monitor. Model Number: Model 1089. Manufacturer: 3M Healthcare. Indications for Use: Used for oxygen therapy administration in pediatric hospital units under specialist supervision.. Contraindications: Contraindicated in patients with uncontrolled seizures or burns risk.. 
1714,Device Name: Pacemaker. Model Number: Model 9338. Manufacturer: Hologic. Indications for Use: Used for intraoperative sterilization monitoring during complex urological surgeries.. Contraindications: Avoid use in patients with insulin pumps or mesh implants. Not suitable for emergency situations.. 
1715,Device Name: Insulin Pump. Model Number: B. 458. Manufacturer: B. Braun. Indications for Use: Intended for monitoring and measuring vital signs in burn patients in hospital and clinical settings.. Contraindications: Contraindicated in presence of magnetic materials or during electrical cardioversion.. 
1716,
1717,Device Name: Ultrasound Scanner. Model Number: PHI881. Manufacturer: Philips Healthcare. Indications for Use: Indicated for routine specimen collection screening in outpatient clinical facilities.. Contraindications: Contraindicated in patients with sepsis or severe severe hypertension.. 
1718,Device Name: X-Ray Machine. Model Number: C-5626. Manufacturer: Dentsply Sirona. Indications for Use: Designed for hemodialysis support in neonatal intensive care environments.. Contraindications: Avoid use in patients with epilepsy or altered cognitive function.. 
1719,Device Name: Electrosurgical Unit. Model Number: Plus765. Manufacturer: Mindray. Indications for Use: Indicated for temperature analysis in laboratory diagnostic testing environments.. Contraindications: Do not use in combination with sedatives or pain management modalities.. 
1720,Device Name: Digital Thermometer. Model Number: Max675. Manufacturer: Terumo. Indications for Use: Indicated for emergency glucose levels stabilization in trauma center resuscitation rooms.. Contraindications: Do not use in combination with sedatives or electrotherapy modalities.. 
1721,Device Name: Infusion Pump. Model Number: X-9423. Manufacturer: Getinge. Indications for Use: Intended for monitoring support in cardiac catheterization laboratory environments.. Contraindications: Contraindicated in patients with sepsis or unable to follow instructions.. 
1722,Device Name: Insulin Pump. Model Number: COO243. Manufacturer: Cook Medical. Indications for Use: Used for thermal therapy guidance in oncology treatment centers for cancer patients.. Contraindications: Do not use if sensor failure is detected or quality control has expired.. 
1723,Device Name: Surgical Drill. Model Number: Model 4081. Manufacturer: Steris. Indications for Use: Designed for disease management in patients with diabetes under medical supervision.. Contraindications: Contraindicated in patients with severe metal implants or uncontrolled renal insufficiency.. 
1724,Device Name: Insulin Pump. Model Number: Max106. Manufacturer: Richard Wolf. Indications for Use: Designed for perioperative cardiac output management during neurological interventions.. Contraindications: Contraindicated in presence of antiseptics or during magnetic stimulation.. 
1725,Device Name: Anesthesia Machine. Model Number: Model 6689. Manufacturer: Baxter International. Indications for Use: Indicated for electrolyte balance surveillance in infection control protocols.. Contraindications: Avoid use if patient has severe diabetes or is receiving antibiotics.. 
1726,Device Name: Catheter. Model Number: Model 1448. Manufacturer: GE Healthcare. Indications for Use: Used for radiation therapy guidance in oncology treatment centers for cancer patients.. Contraindications: Avoid use if patient has pregnancy or history of embolism.. 
1727,Device Name: Ultrasound Scanner. Model Number: INT411. Manufacturer: Intuitive Surgical. Indications for Use: Designed for pacemaker implantation facilitation in telemedicine and remote patient monitoring.. Contraindications: Avoid use in patients with pulmonary edema or uncontrolled severe diabetes.. 
1728,Device Name: Dialysis Machine. Model Number: THE539. Manufacturer: Thermo Fisher Scientific. Indications for Use: Designed for life support in patients with cancer under medical supervision.. Contraindications: Do not use in patients with stroke. Contraindicated in oxygen-rich environments.. 
1729,Device Name: Stent. Model Number: X-1420. Manufacturer: Richard Wolf. Indications for Use: Intended for surgical neurological procedures in operating room settings.. Contraindications: Contraindicated in patients with peripheral vascular disease or unable to remain still.. 
1730,Device Name: Ultrasound Scanner. Model Number: Model 2564. Manufacturer: Terumo. Indications for Use: Designed for drug delivery optimization in chronic disease management programs.. Contraindications: Do not use in combination with antiseptics or radiation therapy modalities.. 
1731,Device Name: Digital Thermometer. Model Number: Model 8451. Manufacturer: Fresenius Medical Care. Indications for Use: Indicated for real-time pulmonary function assessment in emergency department triage protocols.. Contraindications: Do not use in patients with respiratory failure. Contraindicated in MRI environments.. 
1732,Device Name: CPAP Machine. Model Number: SAR125. Manufacturer: Sartorius. Indications for Use: Designed for disease management assistance in geriatric care facilities for elderly patients.. Contraindications: Not suitable for use during magnetic stimulation or X-ray.. 
1733,Device Name: CPAP Machine. Model Number: Plus760. Manufacturer: Sartorius. Indications for Use: Indicated for routine alarm management screening in outpatient clinical facilities.. Contraindications: Do not use in combination with conductive gels or thermal therapy modalities.. 
1734,Device Name: Surgical Drill. Model Number: X-8147. Manufacturer: Stryker. Indications for Use: Designed for catheterization support in neonatal intensive care environments.. Contraindications: Avoid use if patient has coagulopathy or history of blood clots.. 
1735,Device Name: Ultrasound Scanner. Model Number: Z-3743. Manufacturer: Olympus Corporation. Indications for Use: Used for therapeutic respiratory support in paralyzed patients requiring joint replacement.. Contraindications: Not recommended for patients with pulmonary edema or severe bleeding disorders.. 
1736,Device Name: Blood Pressure Monitor. Model Number: Pro297. Manufacturer: Karl Storz. Indications for Use: Designed for phototherapy optimization in chronic disease management programs.. Contraindications: Do not use if patient has known allergy to petroleum products or hypersensitivity to bronchodilators.. 
1737,Device Name: Wound Care System. Model Number: Model 9289. Manufacturer: Cooper Companies. Indications for Use: Designed for diagnostic assessment in patients with renal failure under medical supervision.. Contraindications: Do not use in combination with vasoconstrictors or electrotherapy modalities.. 
1738,Device Name: CPAP Machine. Model Number: X-6241. Manufacturer: Hoya Corporation. Indications for Use: Indicated for cardiac output optimization in sleep medicine centers for respiratory disorders.. Contraindications: Avoid use in patients with acute myocardial infarction or severe renal insufficiency.. 
1739,Device Name: Catheter. Model Number: Max713. Manufacturer: Alcon. Indications for Use: Indicated for hemoglobin levels optimization in sleep medicine centers for respiratory disorders.. Contraindications: Contraindicated in presence of muscle relaxants or during electrical stimulation.. 
1740,Device Name: X-Ray Machine. Model Number: Model 1184. Manufacturer: Sartorius. Indications for Use: Intended for stent placement delivery in palliative care settings for terminal patients.. Contraindications: Not suitable for use with petroleum products or in unstable patient conditions.. 
1741,Device Name: Blood Glucose Monitor. Model Number: Model 6100. Manufacturer: Cardinal Health. Indications for Use: Designed for disease management in patients with infectious diseases under medical supervision.. Contraindications: Avoid use in patients with gastric bands or ports and catheters. Not suitable for high altitude conditions.. 
1742,Device Name: Ultrasound Scanner. Model Number: Model 6310. Manufacturer: Karl Storz. Indications for Use: Used for emergency joint replacement in acute cardiac disorders situations requiring immediate care.. Contraindications: Not suitable for use during electromagnetic therapy or MRI.. 
1743,Device Name: Electrosurgical Unit. Model Number: A-6200. Manufacturer: Olympus Corporation. Indications for Use: Designed for wound care in patients with sleep apnea under medical supervision.. Contraindications: Contraindicated in patients with severe severe diabetes or uncontrolled skin allergies.. 
1744,
1745,Device Name: Digital Thermometer. Model Number: Z-3057. Manufacturer: Sartorius. Indications for Use: Designed for perioperative cardiac output management during minimally invasive interventions.. Contraindications: Avoid use in patients with penile implants or contraceptive implants. Not suitable for high altitude conditions.. 
1746,Device Name: X-Ray Machine. Model Number: C-3699. Manufacturer: Roche. Indications for Use: Used for post-operative chemotherapy management in hospital recovery units.. Contraindications: Avoid use in patients with active pregnancy or compromised nervous function.. 
1747,Device Name: Ventilator. Model Number: B-3160. Manufacturer: Waters Corporation. Indications for Use: Used for intraoperative imaging monitoring during complex orthopedic surgeries.. Contraindications: Do not use in patients with severe diabetes. Contraindicated in unsupervised use.. 
1748,Device Name: Blood Glucose Monitor. Model Number: COO824. Manufacturer: Cooper Companies. Indications for Use: Intended for stent placement delivery in palliative care settings for terminal patients.. Contraindications: Contraindicated in patients with coagulopathy or unable to follow instructions.. 
1749,Device Name: Pulse Oximeter. Model Number: GET650. Manufacturer: Getinge. Indications for Use: Designed for home-based thermal therapy in stable mentally impaired patients with chronic diabetes.. Contraindications: Avoid use in patients with malignant hyperthermia or severe severe diabetes.. 
1750,Device Name: X-Ray Machine. Model Number: ABB440. Manufacturer: Abbott. Indications for Use: Designed for electrotherapy optimization in chronic disease management programs.. Contraindications: Avoid use in patients with autoimmune disorders or altered cognitive function.. 
1751,
1752,Device Name: Ventilator. Model Number: Z-6929. Manufacturer: Zimmer Biomet. Indications for Use: Designed for fluid resuscitation optimization in chronic disease management programs.. Contraindications: Do not use if battery depletion is detected or routine maintenance has expired.. 
1753,Device Name: Stent. Model Number: Pro818. Manufacturer: Coloplast. Indications for Use: Used for phototherapy guidance in oncology treatment centers for cancer patients.. Contraindications: Contraindicated in presence of electromagnetic fields or MRI environments exposure.. 
1754,Device Name: CPAP Machine. Model Number: Model 5055. Manufacturer: Terumo. Indications for Use: Designed for wound debridement support in neonatal intensive care environments.. Contraindications: Not suitable for use during shock wave therapy or MRI.. 
1755,Device Name: Ventilator. Model Number: Pro377. Manufacturer: Karl Storz. Indications for Use: Intended for intubation delivery in palliative care settings for terminal patients.. Contraindications: Not recommended in presence of pregnancy or at open wounds locations.. 
1756,Device Name: Orthopedic Implant. Model Number: ROC227. Manufacturer: Roche. Indications for Use: Used for dialysis administration in pediatric hospital units under specialist supervision.. Contraindications: Contraindicated in patients with pregnancy or severe severe anemia.. 
1757,Device Name: Defibrillator. Model Number: Model 7768. Manufacturer: Fresenius Medical Care. Indications for Use: Intended for alarm management guidance during minimally invasive laparoscopic procedures.. Contraindications: Do not use if structural defects is present or incision is infected.. 
1758,Device Name: Ventilator. Model Number: C-1071. Manufacturer: Intuitive Surgical. Indications for Use: Intended for monitoring and measuring vital signs in ventilator-dependent patients in hospital and clinical settings.. Contraindications: Contraindicated in presence of petroleum products or during cryotherapy.. 
1759,Device Name: Blood Glucose Monitor. Model Number: Model 6152. Manufacturer: Siemens Healthineers. Indications for Use: Intended for pacemaker implantation delivery in palliative care settings for terminal patients.. Contraindications: Do not use in patients with epilepsy or severe peripheral vascular disease.. 
1760,Device Name: Catheter. Model Number: KAR137. Manufacturer: Karl Storz. Indications for Use: Indicated for emergency oxygen saturation stabilization in trauma center resuscitation rooms.. Contraindications: Do not use if patient has known allergy to contrast agents or hypersensitivity to adhesive compounds.. 
1761,Device Name: Pulse Oximeter. Model Number: TER840. Manufacturer: Terumo. Indications for Use: Designed for home-based radiation therapy in stable psychiatric patients with chronic sleep apnea.. Contraindications: Not recommended for use in trauma patients or those with respiratory failure.. 
1762,Device Name: Stent. Model Number: C-2693. Manufacturer: Roche. Indications for Use: Intended for quality control verification in quality assurance and device validation protocols.. Contraindications: Not recommended in presence of hepatic dysfunction or at infected areas locations.. 
1763,Device Name: Blood Pressure Monitor. Model Number: ABB723. Manufacturer: Abbott. Indications for Use: Used for intraoperative patient positioning monitoring during complex vascular surgeries.. Contraindications: Do not use if patient has known allergy to corticosteroids or hypersensitivity to flammable anesthetics.. 
1764,Device Name: Anesthesia Machine. Model Number: Model 2523. Manufacturer: 3M Healthcare. Indications for Use: Designed for mechanical ventilation support in neonatal intensive care environments.. Contraindications: Avoid use in patients with coagulopathy or severe autoimmune disorders.. 
1765,Device Name: Surgical Drill. Model Number: A-6519. Manufacturer: Boston Scientific. Indications for Use: Indicated for continuous respiratory rate monitoring during vascular surgical procedures.. Contraindications: Contraindicated in presence of electromagnetic fields or MRI environments exposure.. 
1766,Device Name: Ventilator. Model Number: Model 9245. Manufacturer: Zeiss Medical Technology. Indications for Use: Intended for emergency resuscitation therapy in intensive care unit environments for critically ill patients.. Contraindications: Not recommended for use in geriatric patients or those with severe osteoporosis.. 
1767,
1768,Device Name: Catheter. Model Number: A-6897. Manufacturer: IDEXX Laboratories. Indications for Use: Indicated for temperature optimization in sleep medicine centers for respiratory disorders.. Contraindications: Avoid use if patient has severe hypertension or is receiving vasoconstrictors.. 
1769,Device Name: Pulse Oximeter. Model Number: ZIM963. Manufacturer: Zimmer Biomet. Indications for Use: Intended for surgical assistance evaluation in rehabilitation medicine for orthopedic injuries recovery.. Contraindications: Do not use in patients with hepatic dysfunction. Contraindicated in explosive atmospheres.. 
1770,
1771,Device Name: Electrosurgical Unit. Model Number: Model 8934. Manufacturer: BioMérieux. Indications for Use: Intended for monitoring and measuring electrolyte balance in pregnant patients in hospital and clinical settings.. Contraindications: Avoid use in patients with vascular stents or vascular stents. Not suitable for home use.. 
1772,Device Name: Pacemaker. Model Number: Pro129. Manufacturer: Hologic. Indications for Use: Intended for surgical laparoscopic procedures in operating room settings.. Contraindications: Contraindicated in patients with severe severe anemia or uncontrolled uncontrolled seizures.. 
1773,Device Name: Orthopedic Implant. Model Number: Model 2324. Manufacturer: Mindray. Indications for Use: Designed for joint replacement facilitation in telemedicine and remote patient monitoring.. Contraindications: Not recommended for patients with severe diabetes or severe stroke.. 
1774,Device Name: Orthopedic Implant. Model Number: ABB499. Manufacturer: Abbott. Indications for Use: Designed for mobility restoration in patients with trauma under medical supervision.. Contraindications: Do not use if malformations is present or incision is infected.. 
1775,Device Name: CPAP Machine. Model Number: Model 4101. Manufacturer: Fresenius Medical Care. Indications for Use: Intended for quality control verification in quality assurance and device validation protocols.. Contraindications: Contraindicated in presence of sedatives or during shortwave diathermy.. 
1776,Device Name: X-Ray Machine. Model Number: Max897. Manufacturer: Edwards Lifesciences. Indications for Use: Indicated for continuous electrolyte balance monitoring during emergency surgical procedures.. Contraindications: Avoid use if patient has acute myocardial infarction or history of blood clots.. 
1777,Device Name: Orthopedic Implant. Model Number: Pro935. Manufacturer: Cooper Companies. Indications for Use: Indicated for routine specimen collection screening in outpatient clinical facilities.. Contraindications: Do not use in patients with pregnancy or severe severe hypertension.. 
1778,Device Name: Orthopedic Implant. Model Number: Model 1048. Manufacturer: Karl Storz. Indications for Use: Indicated for diagnostic measurement to assess sepsis in clinical environments.. Contraindications: Do not use in combination with chemotherapy drugs or radiation therapy modalities.. 
1779,Device Name: Dialysis Machine. Model Number: ALC700. Manufacturer: Alcon. Indications for Use: Indicated for routine specimen collection screening in outpatient clinical facilities.. Contraindications: Avoid use in patients with peripheral vascular disease or altered cognitive function.. 
1780,Device Name: Wound Care System. Model Number: Max446. Manufacturer: 3M Healthcare. Indications for Use: Indicated for real-time glucose levels assessment in emergency department triage protocols.. Contraindications: Do not use if malformations is present or incision is infected.. 
1781,Device Name: Electrosurgical Unit. Model Number: JOH749. Manufacturer: Johnson & Johnson. Indications for Use: Designed for tissue biopsy support in neonatal intensive care environments.. Contraindications: Do not use in patients with malignant hyperthermia or severe malignant hyperthermia.. 
1782,Device Name: Digital Thermometer. Model Number: CAR959. Manufacturer: Cardinal Health. Indications for Use: Indicated for diagnostic data analysis to assess diabetes in clinical environments.. Contraindications: Do not use if malformations is present or incision is infected.. 
1783,
1784,Device Name: ECG Machine. Model Number: Pro925. Manufacturer: Align Technology. Indications for Use: Indicated for real-time intracranial pressure assessment in emergency department triage protocols.. Contraindications: Avoid use if patient has thrombocytopenia or history of embolism.. 
1785,Device Name: CPAP Machine. Model Number: Model 8140. Manufacturer: Stryker. Indications for Use: Used for intraoperative patient positioning monitoring during complex reconstructive surgeries.. Contraindications: Avoid use in patients with stroke or altered consciousness.. 
1786,
1787,Device Name: Dialysis Machine. Model Number: Model 7845. Manufacturer: Stryker. Indications for Use: Indicated for emergency blood pressure stabilization in trauma center resuscitation rooms.. Contraindications: Contraindicated in presence of sedatives or during shock wave therapy.. 
1788,Device Name: Pulse Oximeter. Model Number: MÖL701. Manufacturer: Mölnlycke Health Care. Indications for Use: Used for dialysis guidance in oncology treatment centers for cancer patients.. Contraindications: Contraindicated in patients with bleeding disorders or burns risk.. 
1789,Device Name: Surgical Drill. Model Number: X-3524. Manufacturer: Medtronic. Indications for Use: Indicated for real-time heart rate assessment in emergency department triage protocols.. Contraindications: Avoid use in patients with active sepsis or compromised respiratory function.. 
1790,Device Name: Pulse Oximeter. Model Number: Max185. Manufacturer: GE Healthcare. Indications for Use: Designed for continuous monitoring assistance in geriatric care facilities for elderly patients.. Contraindications: Not suitable for use during therapeutic ultrasound or MRI.. 
1791,Device Name: Surgical Robot. Model Number: SAR811. Manufacturer: Sartorius. Indications for Use: Indicated for continuous blood gas analysis monitoring during cardiac surgical procedures.. Contraindications: Not suitable for use during electrosurgery or MRI.. 
1792,Device Name: Pacemaker. Model Number: B-1128. Manufacturer: Karl Storz. Indications for Use: Intended for catheterization delivery in palliative care settings for terminal patients.. Contraindications: Avoid use in patients with active skin allergies or compromised renal function.. 
1793,Device Name: Patient Monitor. Model Number: KAR181. Manufacturer: Karl Storz. Indications for Use: Intended for surgical assistance evaluation in rehabilitation medicine for renal failure recovery.. Contraindications: Contraindicated in presence of chemotherapy drugs or during electrical cardioversion.. 
1794,Device Name: X-Ray Machine. Model Number: Model 2658. Manufacturer: IDEXX Laboratories. Indications for Use: Indicated for emergency pulmonary function stabilization in trauma center resuscitation rooms.. Contraindications: Not recommended for patients with skin allergies or severe severe hypertension.. 
1795,Device Name: Syringe Pump. Model Number: TER246. Manufacturer: Terumo. Indications for Use: Indicated for continuous vital signs monitoring during laparoscopic surgical procedures.. Contraindications: Do not use if structural defects is present or wound is infected.. 
1796,Device Name: Wound Care System. Model Number: BEC715. Manufacturer: Becton Dickinson. Indications for Use: Designed for tissue biopsy support in neonatal intensive care environments.. Contraindications: Contraindicated in patients with severe anemia or unable to follow instructions.. 
1797,Device Name: ECG Machine. Model Number: BAX189. Manufacturer: Baxter International. Indications for Use: Designed for wound debridement support in neonatal intensive care environments.. Contraindications: Avoid use if patient has malignant hyperthermia or history of blood clots.. 
1798,Device Name: CPAP Machine. Model Number: Pro154. Manufacturer: BioMérieux. Indications for Use: Intended for emergency resuscitation evaluation in rehabilitation medicine for stroke recovery.. Contraindications: Contraindicated in presence of electromagnetic fields or strong magnetic fields exposure.. 
1799,Device Name: Anesthesia Machine. Model Number: MED299. Manufacturer: Medtronic. Indications for Use: Intended for assessment guidance during minimally invasive endoscopic procedures.. Contraindications: Not recommended for patients with autoimmune disorders or severe malignant hyperthermia.. 
1800,Device Name: Electrosurgical Unit. Model Number: Pro856. Manufacturer: Roche. Indications for Use: Intended for alarm management guidance during minimally invasive oncological procedures.. Contraindications: Contraindicated in patients with active infections or severe hepatic dysfunction.. 
1801,Device Name: Catheter. Model Number: SIE926. Manufacturer: Siemens Healthineers. Indications for Use: Intended for monitoring verification in quality assurance and device validation protocols.. Contraindications: Do not use in patients with metal implants or severe hepatic dysfunction.. 
1802,Device Name: Pacemaker. Model Number: B-4059. Manufacturer: 3M Healthcare. Indications for Use: Intended for continuous monitoring therapy in intensive care unit environments for critically ill patients.. Contraindications: Contraindicated in patients with severe thrombocytopenia or uncontrolled epilepsy.. 
1803,
1804,Device Name: Ultrasound Scanner. Model Number: THE717. Manufacturer: Thermo Fisher Scientific. Indications for Use: Intended for monitoring and measuring pH levels in critically ill patients in hospital and clinical settings.. Contraindications: Do not use if patient has known allergy to certain medications or hypersensitivity to adhesive compounds.. 
1805,Device Name: Digital Thermometer. Model Number: Pro743. Manufacturer: Becton Dickinson. Indications for Use: Used for intraoperative quality control monitoring during complex minimally invasive surgeries.. Contraindications: Contraindicated in patients with uncontrolled seizures or on cleaning solvents.. 
1806,Device Name: Ultrasound Scanner. Model Number: TER551. Manufacturer: Terumo. Indications for Use: Designed for wound debridement support in neonatal intensive care environments.. Contraindications: Contraindicated in patients with bleeding disorders or severe malignant hyperthermia.. 
1807,Device Name: Surgical Drill. Model Number: Plus235. Manufacturer: Dexcom. Indications for Use: Indicated for hemoglobin levels optimization in sleep medicine centers for respiratory disorders.. Contraindications: Not recommended for use in chemotherapy patients or those with pulmonary edema.. 
1808,Device Name: Patient Monitor. Model Number: ROC776. Manufacturer: Roche. Indications for Use: Used for long-term oxygen therapy delivery in ambulatory care settings for diabetes patients.. Contraindications: Not recommended in presence of pacemakers or at open wounds locations.. 
1809,Device Name: Orthopedic Implant. Model Number: Model 6122. Manufacturer: Medtronic. Indications for Use: Indicated for emergency respiratory rate stabilization in trauma center resuscitation rooms.. Contraindications: Avoid use if patient has respiratory failure or is receiving sedatives.. 
1810,Device Name: Dialysis Machine. Model Number: Plus965. Manufacturer: Hoya Corporation. Indications for Use: Indicated for continuous heart rate monitoring during cardiac surgical procedures.. Contraindications: Not recommended in presence of immunodeficiency or at infected areas locations.. 
1811,Device Name: Orthopedic Implant. Model Number: SYN517. Manufacturer: Synthes. Indications for Use: Intended for monitoring and measuring vital signs in sedated patients in hospital and clinical settings.. Contraindications: Avoid use in patients with active severe cardiac arrhythmias or compromised respiratory function.. 
1812,Device Name: Pulse Oximeter. Model Number: B-6455. Manufacturer: Philips Healthcare. Indications for Use: Indicated for routine monitoring screening in outpatient clinical facilities.. Contraindications: Do not use in patients with acute myocardial infarction or severe bleeding disorders.. 
1813,Device Name: Electrosurgical Unit. Model Number: B-2556. Manufacturer: Waters Corporation. Indications for Use: Designed for home-based oxygen therapy in stable geriatric patients with chronic sepsis.. Contraindications: Do not use during general anesthesia administration or in sedated.. 
1814,Device Name: Nebulizer. Model Number: B-2926. Manufacturer: Baxter International. Indications for Use: Designed for wound care assistance in geriatric care facilities for elderly patients.. Contraindications: Do not use in combination with vasoconstrictors or drug delivery modalities.. 
1815,Device Name: Nebulizer. Model Number: Plus981. Manufacturer: Thermo Fisher Scientific. Indications for Use: Indicated for diagnostic monitoring to assess diabetes in clinical environments.. Contraindications: Not suitable for use in sterile surgical fields with radiation or during high altitude conditions.. 
1816,Device Name: Electrosurgical Unit. Model Number: Model 8711. Manufacturer: Olympus Corporation. Indications for Use: Used for intraoperative quality control monitoring during complex neurological surgeries.. Contraindications: Contraindicated in patients with coagulopathy or unable to follow instructions.. 
1817,Device Name: Pulse Oximeter. Model Number: Max475. Manufacturer: Hoya Corporation. Indications for Use: Designed for surgical assistance in patients with respiratory conditions under medical supervision.. Contraindications: Do not use if sensor failure is detected or quality control has expired.. 
1818,Device Name: Pacemaker. Model Number: C-1829. Manufacturer: Edwards Lifesciences. Indications for Use: Indicated for vital signs analysis in laboratory diagnostic testing environments.. Contraindications: Avoid use in patients with neurostimulators or vascular stents. Not suitable for power outages.. 
1819,Device Name: Anesthesia Machine. Model Number: Model 6963. Manufacturer: Dexcom. Indications for Use: Designed for home-based oxygen therapy in stable organ transplant patients with chronic cardiac disorders.. Contraindications: Avoid use if patient has active infections or history of blood clots.. 
1820,Device Name: Blood Glucose Monitor. Model Number: Max642. Manufacturer: Zimmer Biomet. Indications for Use: Used for post-operative compression therapy management in hospital recovery units.. Contraindications: Contraindicated in patients with severe skin allergies or uncontrolled stroke.. 
1821,Device Name: Catheter. Model Number: BAX672. Manufacturer: Baxter International. Indications for Use: Designed for tissue biopsy support in neonatal intensive care environments.. Contraindications: Contraindicated in patients with peripheral vascular disease or on alcohol-based solutions.. 
1822,Device Name: Ventilator. Model Number: ZEI659. Manufacturer: Zeiss Medical Technology. Indications for Use: Designed for joint replacement support in neonatal intensive care environments.. Contraindications: Do not use if patient has known allergy to certain medications or hypersensitivity to sedatives.. 
1823,Device Name: Ventilator. Model Number: Plus832. Manufacturer: Richard Wolf. Indications for Use: Indicated for diagnostic calibration to assess diabetes in clinical environments.. Contraindications: Contraindicated in patients with severe acute myocardial infarction or uncontrolled pulmonary edema.. 
1824,Device Name: Surgical Robot. Model Number: Max893. Manufacturer: IDEXX Laboratories. Indications for Use: Intended for monitoring and measuring central venous pressure in dialysis-dependent patients in hospital and clinical settings.. Contraindications: Not suitable for use with latex proteins or in power outages.. 
1825,
1826,
1827,Device Name: Pulse Oximeter. Model Number: Plus222. Manufacturer: Sartorius. Indications for Use: Used for post-operative dialysis management in hospital recovery units.. Contraindications: Do not use if patient has known allergy to radioactive materials or hypersensitivity to blood thinners.. 
1828,
1829,"Device Name: Ventilator. Model Number: Model 2896. Manufacturer: ResMed. Indications for Use: Designed for surgical intervention support in neonatal intensive care environments.. Contraindications: Not recommended during pregnancy, lactation, or in neonatal under 14 years.. "
1830,Device Name: Orthopedic Implant. Model Number: Model 4592. Manufacturer: Intuitive Surgical. Indications for Use: Used for post-operative thermal therapy management in hospital recovery units.. Contraindications: Avoid use if patient has coagulopathy or is receiving iodine compounds.. 
1831,Device Name: CPAP Machine. Model Number: Max765. Manufacturer: 3M Healthcare. Indications for Use: Used for therapeutic oxygen therapy in organ transplant patients requiring defibrillation.. Contraindications: Do not use if battery depletion is detected or routine maintenance has expired.. 
1832,Device Name: Infusion Pump. Model Number: MIN574. Manufacturer: Mindray. Indications for Use: Indicated for vital signs surveillance in infection control protocols.. Contraindications: Avoid use in patients with acute myocardial infarction or altered consciousness.. 
1833,Device Name: Surgical Robot. Model Number: Model 7312. Manufacturer: Nipro Corporation. Indications for Use: Designed for joint replacement facilitation in telemedicine and remote patient monitoring.. Contraindications: Do not use in patients with acute myocardial infarction or severe epilepsy.. 
1834,Device Name: Defibrillator. Model Number: Model 7722. Manufacturer: Beckman Coulter. Indications for Use: Designed for perioperative pulmonary function management during neurological interventions.. Contraindications: Contraindicated in patients with severe immunodeficiency or uncontrolled severe diabetes.. 
1835,Device Name: Dialysis Machine. Model Number: ALI939. Manufacturer: Align Technology. Indications for Use: Indicated for diagnostic calibration to assess renal failure in clinical environments.. Contraindications: Avoid use in patients with clips and coils or artificial joints. Not suitable for emergency situations.. 
1836,Device Name: Surgical Robot. Model Number: Max501. Manufacturer: Beckman Coulter. Indications for Use: Intended for wound debridement delivery in palliative care settings for terminal patients.. Contraindications: Avoid use in patients with autoimmune disorders or altered cognitive function.. 
1837,Device Name: Blood Pressure Monitor. Model Number: Plus975. Manufacturer: Getinge. Indications for Use: Indicated for glucose levels analysis in laboratory diagnostic testing environments.. Contraindications: Contraindicated in patients with severe uncontrolled seizures or uncontrolled bleeding disorders.. 
1838,Device Name: ECG Machine. Model Number: TER234. Manufacturer: Terumo. Indications for Use: Indicated for respiratory rate surveillance in infection control protocols.. Contraindications: Not recommended in presence of immunodeficiency or at infected areas locations.. 
1839,Device Name: Surgical Drill. Model Number: X-4922. Manufacturer: ResMed. Indications for Use: Designed for surgical intervention support in neonatal intensive care environments.. Contraindications: Avoid use in patients with pacemakers or uncontrolled peripheral vascular disease.. 
1840,Device Name: Blood Glucose Monitor. Model Number: Plus438. Manufacturer: Beckman Coulter. Indications for Use: Indicated for emergency ECG readings stabilization in trauma center resuscitation rooms.. Contraindications: Do not use in combination with adhesive compounds or oxygen therapy modalities.. 
1841,Device Name: Insulin Pump. Model Number: Plus970. Manufacturer: Coloplast. Indications for Use: Intended for surgical oncological procedures in operating room settings.. Contraindications: Not recommended for patients with severe diabetes or severe malignant hyperthermia.. 
1842,Device Name: Blood Pressure Monitor. Model Number: Model 8530. Manufacturer: Coloplast. Indications for Use: Used for post-operative drug delivery management in hospital recovery units.. Contraindications: Do not use in patients with immunodeficiency. Contraindicated in home use.. 
1843,Device Name: Surgical Drill. Model Number: Max623. Manufacturer: Olympus Corporation. Indications for Use: Indicated for blood gas analysis surveillance in infection control protocols.. Contraindications: Not recommended for use in paralyzed patients or those with sepsis.. 
1844,Device Name: CPAP Machine. Model Number: Plus936. Manufacturer: Becton Dickinson. Indications for Use: Intended for specimen collection support in cardiac catheterization laboratory environments.. Contraindications: Avoid use in patients with thrombocytopenia or uncontrolled pregnancy.. 
1845,Device Name: Defibrillator. Model Number: Model 6720. Manufacturer: ResMed. Indications for Use: Intended for data analysis verification in quality assurance and device validation protocols.. Contraindications: Do not use if sensor failure is detected or quality control has expired.. 
1846,Device Name: Patient Monitor. Model Number: COL815. Manufacturer: Coloplast. Indications for Use: Used for fluid resuscitation guidance in oncology treatment centers for cancer patients.. Contraindications: Do not use if patient has known allergy to gadolinium agents or hypersensitivity to iodine compounds.. 
1847,Device Name: Infusion Pump. Model Number: Model 2194. Manufacturer: Danaher. Indications for Use: Indicated for central venous pressure analysis in laboratory diagnostic testing environments.. Contraindications: Do not use if malformations is present or incision is infected.. 
1848,
1849,Device Name: Surgical Robot. Model Number: Plus792. Manufacturer: ResMed. Indications for Use: Indicated for routine documentation screening in outpatient clinical facilities.. Contraindications: Do not use if patient has known allergy to metallic particles or hypersensitivity to gadolinium agents.. 
1850,"Device Name: Dialysis Machine. Model Number: Max787. Manufacturer: Boston Scientific. Indications for Use: Intended for sterilization guidance during minimally invasive orthopedic procedures.. Contraindications: Not recommended during pregnancy, lactation, or in critically ill under 14 years.. "
1851,Device Name: Anesthesia Machine. Model Number: Plus168. Manufacturer: Boston Scientific. Indications for Use: Designed for perioperative blood gas analysis management during neurological interventions.. Contraindications: Not recommended for patients with skin allergies or severe thrombocytopenia.. 
1852,Device Name: Orthopedic Implant. Model Number: C-5263. Manufacturer: Karl Storz. Indications for Use: Indicated for continuous hemoglobin levels monitoring during transplant surgical procedures.. Contraindications: Do not use if battery depletion is detected or quality control has expired.. 
1853,Device Name: Infusion Pump. Model Number: Pro571. Manufacturer: IDEXX Laboratories. Indications for Use: Designed for defibrillation facilitation in telemedicine and remote patient monitoring.. Contraindications: Contraindicated in patients with severe cardiomyopathy or uncontrolled acute myocardial infarction.. 
1854,Device Name: Anesthesia Machine. Model Number: Max520. Manufacturer: Cook Medical. Indications for Use: Indicated for emergency cardiac output stabilization in trauma center resuscitation rooms.. Contraindications: Contraindicated in presence of radio frequencies or strong magnetic fields exposure.. 
1855,Device Name: Ventilator. Model Number: Model 8717. Manufacturer: Danaher. Indications for Use: Used for long-term radiation therapy delivery in ambulatory care settings for cancer patients.. Contraindications: Avoid use if patient has metal implants or history of embolism.. 
1856,
1857,Device Name: Patient Monitor. Model Number: SON963. Manufacturer: Sonova. Indications for Use: Used for long-term electrotherapy delivery in ambulatory care settings for trauma patients.. Contraindications: Do not use if battery depletion is detected or quality control has expired.. 
1858,Device Name: Ultrasound Scanner. Model Number: MED113. Manufacturer: Medtronic. Indications for Use: Designed for stent placement support in neonatal intensive care environments.. Contraindications: Avoid use in patients with severe anemia or uncontrolled renal insufficiency.. 
1859,Device Name: Blood Pressure Monitor. Model Number: Max699. Manufacturer: Sartorius. Indications for Use: Indicated for real-time oxygen saturation assessment in emergency department triage protocols.. Contraindications: Avoid use in patients with skin allergies or uncontrolled severe osteoporosis.. 
1860,
1861,Device Name: Pacemaker. Model Number: B-1339. Manufacturer: Waters Corporation. Indications for Use: Intended for quality control verification in quality assurance and device validation protocols.. Contraindications: Do not use in combination with blood thinners or wound irrigation modalities.. 
1862,"Device Name: Electrosurgical Unit. Model Number: Model 3143. Manufacturer: Intuitive Surgical. Indications for Use: Intended for alarm management guidance during minimally invasive oncological procedures.. Contraindications: Not recommended during pregnancy, lactation, or in pediatric under 20 years.. "
1863,Device Name: Digital Thermometer. Model Number: Z-8544. Manufacturer: Mölnlycke Health Care. Indications for Use: Intended for calibration support in cardiac catheterization laboratory environments.. Contraindications: Contraindicated in presence of muscle relaxants or during shock wave therapy.. 
1864,Device Name: Infusion Pump. Model Number: CAR986. Manufacturer: Cardinal Health. Indications for Use: Intended for quality control guidance during minimally invasive urological procedures.. Contraindications: Contraindicated in patients with metal implants or burns risk.. 
1865,Device Name: Patient Monitor. Model Number: FRE473. Manufacturer: Fresenius Medical Care. Indications for Use: Indicated for emergency hemoglobin levels stabilization in trauma center resuscitation rooms.. Contraindications: Avoid use in patients with active coagulopathy or compromised nervous function.. 
1866,Device Name: Surgical Robot. Model Number: MIN633. Manufacturer: Mindray. Indications for Use: Indicated for vital signs analysis in laboratory diagnostic testing environments.. Contraindications: Not recommended for use in unconscious patients or those with epilepsy.. 
1867,Device Name: Orthopedic Implant. Model Number: Model 5495. Manufacturer: Dexcom. Indications for Use: Intended for pacemaker implantation delivery in palliative care settings for terminal patients.. Contraindications: Do not use during local anesthesia administration or in sedated.. 
1868,Device Name: Ultrasound Scanner. Model Number: Z-2948. Manufacturer: B. Braun. Indications for Use: Used for emergency wound debridement in acute neurological disorders situations requiring immediate care.. Contraindications: Contraindicated in patients with autoimmune disorders or severe cardiomyopathy.. 
1869,Device Name: Pulse Oximeter. Model Number: CON551. Manufacturer: ConvaTec. Indications for Use: Designed for fluid resuscitation optimization in chronic disease management programs.. Contraindications: Do not use in combination with latex proteins or phototherapy modalities.. 
1870,"Device Name: Pacemaker. Model Number: A-2430. Manufacturer: ResMed. Indications for Use: Intended for mobility restoration therapy in intensive care unit environments for critically ill patients.. Contraindications: Not recommended during pregnancy, lactation, or in pregnant under 16 years.. "
1871,Device Name: X-Ray Machine. Model Number: Pro987. Manufacturer: Alcon. Indications for Use: Indicated for routine measurement screening in outpatient clinical facilities.. Contraindications: Do not use if patient has known allergy to adhesive compounds or hypersensitivity to blood thinners.. 
1872,
1873,Device Name: Ultrasound Scanner. Model Number: Model 2148. Manufacturer: Dexcom. Indications for Use: Indicated for real-time electrolyte balance assessment in emergency department triage protocols.. Contraindications: Not suitable for use in high altitude conditions with fire or during home use.. 
1874,Device Name: Surgical Drill. Model Number: Plus916. Manufacturer: Fresenius Medical Care. Indications for Use: Intended for therapeutic delivery evaluation in rehabilitation medicine for cardiac disorders recovery.. Contraindications: Contraindicated in patients with uncontrolled seizures or unable to remain still.. 
1875,
1876,Device Name: Blood Pressure Monitor. Model Number: Model 6748. Manufacturer: Stryker. Indications for Use: Used for emergency stent placement in acute renal failure situations requiring immediate care.. Contraindications: Do not use in combination with adhesive compounds or cardiac therapy modalities.. 
1877,Device Name: Dialysis Machine. Model Number: B-8752. Manufacturer: Nipro Corporation. Indications for Use: Used for post-operative drug delivery management in hospital recovery units.. Contraindications: Contraindicated in presence of chemotherapy drugs or during radiation therapy.. 
1878,Device Name: Infusion Pump. Model Number: Model 9355. Manufacturer: Thermo Fisher Scientific. Indications for Use: Designed for perioperative electrolyte balance management during cardiac interventions.. Contraindications: Avoid use in patients with clips and coils or penile implants. Not suitable for extreme temperature environments.. 
1879,Device Name: Stent. Model Number: Pro393. Manufacturer: ResMed. Indications for Use: Indicated for routine specimen collection screening in outpatient clinical facilities.. Contraindications: Avoid use in patients with metal implants or altered cognitive function.. 
1880,
1881,Device Name: Pacemaker. Model Number: RIC473. Manufacturer: Richard Wolf. Indications for Use: Designed for patient rehabilitation in patients with neurological disorders under medical supervision.. Contraindications: Do not use if malformations is present or wound is infected.. 
1882,Device Name: Ultrasound Scanner. Model Number: SYN325. Manufacturer: Synthes. Indications for Use: Used for oxygen therapy guidance in oncology treatment centers for cancer patients.. Contraindications: Not suitable for use with blood thinners or in cleaning protocols.. 
1883,Device Name: Surgical Drill. Model Number: Model 3808. Manufacturer: Coloplast. Indications for Use: Indicated for cardiac output surveillance in infection control protocols.. Contraindications: Not suitable for use with latex proteins or in training scenarios.. 
1884,Device Name: Surgical Drill. Model Number: ABB806. Manufacturer: Abbott. Indications for Use: Indicated for electrolyte balance optimization in sleep medicine centers for respiratory disorders.. Contraindications: Avoid use in patients with acute myocardial infarction or altered consciousness.. 
1885,Device Name: Orthopedic Implant. Model Number: Pro557. Manufacturer: Fresenius Medical Care. Indications for Use: Indicated for intracranial pressure analysis in laboratory diagnostic testing environments.. Contraindications: Avoid use in patients with autoimmune disorders or uncontrolled autoimmune disorders.. 
1886,Device Name: Patient Monitor. Model Number: DEX373. Manufacturer: Dexcom. Indications for Use: Designed for blood transfusion facilitation in telemedicine and remote patient monitoring.. Contraindications: Contraindicated in presence of radio frequencies or MRI environments exposure.. 
1887,Device Name: Infusion Pump. Model Number: Model 301. Manufacturer: Steris. Indications for Use: Used for electrotherapy administration in pediatric hospital units under specialist supervision.. Contraindications: Contraindicated in patients with coagulopathy or burns risk.. 
1888,
1889,Device Name: ECG Machine. Model Number: B. 429. Manufacturer: B. Braun. Indications for Use: Indicated for diagnostic imaging to assess cancer in clinical environments.. Contraindications: Avoid use in patients with severe anemia or severe metal implants.. 
1890,Device Name: Surgical Robot. Model Number: Model 3821. Manufacturer: Stryker. Indications for Use: Designed for electrotherapy optimization in chronic disease management programs.. Contraindications: Not suitable for use in patient transport with radiation or during training scenarios.. 
1891,Device Name: Dialysis Machine. Model Number: Model 414. Manufacturer: Olympus Corporation. Indications for Use: Used for emergency tissue biopsy in acute cardiac disorders situations requiring immediate care.. Contraindications: Not suitable for use in maintenance procedures with radiation or during high altitude conditions.. 
1892,Device Name: Syringe Pump. Model Number: B-9549. Manufacturer: Alcon. Indications for Use: Indicated for hemoglobin levels optimization in sleep medicine centers for respiratory disorders.. Contraindications: Do not use in patients with thrombocytopenia or severe active infections.. 
1893,Device Name: Blood Glucose Monitor. Model Number: Max755. Manufacturer: IDEXX Laboratories. Indications for Use: Intended for specimen collection verification in quality assurance and device validation protocols.. Contraindications: Avoid use in patients with active renal insufficiency or compromised respiratory function.. 
1894,Device Name: Blood Pressure Monitor. Model Number: B-7933. Manufacturer: Mindray. Indications for Use: Indicated for cardiac output surveillance in infection control protocols.. Contraindications: Not suitable for use in patient transport with explosion or during fire hazard zones.. 
1895,Device Name: Anesthesia Machine. Model Number: C-1766. Manufacturer: Edwards Lifesciences. Indications for Use: Used for intraoperative sterilization monitoring during complex oncological surgeries.. Contraindications: Avoid use in patients with active hepatic dysfunction or compromised respiratory function.. 
1896,Device Name: Blood Pressure Monitor. Model Number: MED473. Manufacturer: Medtronic. Indications for Use: Designed for pacemaker implantation support in neonatal intensive care environments.. Contraindications: Do not use in patients with metal implants. Contraindicated in maintenance procedures.. 
1897,Device Name: Catheter. Model Number: BAX938. Manufacturer: Baxter International. Indications for Use: Used for long-term electrotherapy delivery in ambulatory care settings for chronic conditions patients.. Contraindications: Contraindicated in presence of gadolinium agents or during shock wave therapy.. 
1898,Device Name: Infusion Pump. Model Number: C-2370. Manufacturer: B. Braun. Indications for Use: Used for post-operative chemotherapy management in hospital recovery units.. Contraindications: Do not use in patients with severe anemia or severe respiratory failure.. 
1899,
1900,Device Name: Electrosurgical Unit. Model Number: Z-1801. Manufacturer: Sartorius. Indications for Use: Indicated for respiratory rate optimization in sleep medicine centers for respiratory disorders.. Contraindications: Do not use if sensor failure is detected or routine maintenance has expired.. 
1901,
1902,Device Name: Wound Care System. Model Number: Model 8868. Manufacturer: Terumo. Indications for Use: Indicated for continuous pH levels monitoring during endoscopic surgical procedures.. Contraindications: Do not use if battery depletion is detected or routine maintenance has expired.. 
1903,Device Name: Ultrasound Scanner. Model Number: X-2632. Manufacturer: Medtronic. Indications for Use: Intended for diagnostic assessment evaluation in rehabilitation medicine for hypertension recovery.. Contraindications: Contraindicated in presence of antiseptics or during microwave diathermy.. 
1904,Device Name: Ventilator. Model Number: B-6463. Manufacturer: Roche. Indications for Use: Used for intraoperative documentation monitoring during complex reconstructive surgeries.. Contraindications: Not recommended for patients with severe diabetes or severe thrombocytopenia.. 
1905,Device Name: Surgical Robot. Model Number: SYN769. Manufacturer: Synthes. Indications for Use: Indicated for diagnostic assessment to assess infectious diseases in clinical environments.. Contraindications: Avoid use if patient has skin allergies or history of embolism.. 
1906,Device Name: Infusion Pump. Model Number: Pro690. Manufacturer: Hoya Corporation. Indications for Use: Used for long-term compression therapy delivery in ambulatory care settings for sleep apnea patients.. Contraindications: Not recommended in presence of severe diabetes or at infected areas locations.. 
1907,Device Name: Catheter. Model Number: C-7053. Manufacturer: Cardinal Health. Indications for Use: Designed for stent placement support in neonatal intensive care environments.. Contraindications: Do not use in patients with stroke. Contraindicated in chemical exposure areas.. 
1908,Device Name: Insulin Pump. Model Number: B-2218. Manufacturer: Dexcom. Indications for Use: Intended for surgical assistance therapy in intensive care unit environments for critically ill patients.. Contraindications: Avoid use if patient has stroke or is receiving muscle relaxants.. 
1909,Device Name: Wound Care System. Model Number: Pro907. Manufacturer: Dexcom. Indications for Use: Intended for quality control verification in quality assurance and device validation protocols.. Contraindications: Contraindicated in patients with pacemakers or severe stroke.. 
1910,Device Name: Defibrillator. Model Number: MÖL344. Manufacturer: Mölnlycke Health Care. Indications for Use: Used for long-term respiratory support delivery in ambulatory care settings for cancer patients.. Contraindications: Do not use in combination with iodine compounds or oxygen therapy modalities.. 
1911,Device Name: X-Ray Machine. Model Number: C-8767. Manufacturer: Hoya Corporation. Indications for Use: Used for therapeutic respiratory support in post-operative patients requiring catheterization.. Contraindications: Not recommended in presence of bleeding disorders or at infected areas locations.. 
1912,Device Name: Blood Glucose Monitor. Model Number: A-6034. Manufacturer: Intuitive Surgical. Indications for Use: Used for long-term thermal therapy delivery in ambulatory care settings for sleep apnea patients.. Contraindications: Avoid use in patients with renal insufficiency or altered cognitive function.. 
1913,Device Name: Ultrasound Scanner. Model Number: Model 1472. Manufacturer: Fresenius Medical Care. Indications for Use: Designed for perioperative heart rate management during minimally invasive interventions.. Contraindications: Do not use in patients with severe diabetes. Contraindicated in patient transport.. 
1914,Device Name: Anesthesia Machine. Model Number: KAR653. Manufacturer: Karl Storz. Indications for Use: Intended for surgical endoscopic procedures in operating room settings.. Contraindications: Avoid use in patients with cardiac devices or heart valves. Not suitable for home use.. 
1915,
1916,
1917,Device Name: Pulse Oximeter. Model Number: RIC465. Manufacturer: Richard Wolf. Indications for Use: Used for therapeutic phototherapy in hemodynamically unstable patients requiring surgical intervention.. Contraindications: Do not use in patients with severe cardiac arrhythmias. Contraindicated in explosive atmospheres.. 
1918,Device Name: Pacemaker. Model Number: Pro601. Manufacturer: B. Braun. Indications for Use: Indicated for respiratory rate surveillance in infection control protocols.. Contraindications: Not recommended in presence of sepsis or at infected areas locations.. 
1919,Device Name: Surgical Robot. Model Number: Model 5314. Manufacturer: Philips Healthcare. Indications for Use: Used for intraoperative calibration monitoring during complex emergency surgeries.. Contraindications: Do not use if malformations is present or wound is infected.. 
1920,Device Name: Pacemaker. Model Number: Model 9935. Manufacturer: Abbott. Indications for Use: Indicated for diagnostic assessment to assess chronic conditions in clinical environments.. Contraindications: Avoid use in patients with severe diabetes or altered cognitive function.. 
1921,Device Name: CPAP Machine. Model Number: Max876. Manufacturer: Coloplast. Indications for Use: Designed for oxygen therapy optimization in chronic disease management programs.. Contraindications: Contraindicated in patients with stroke or unable to remain still.. 
1922,Device Name: Electrosurgical Unit. Model Number: BEC979. Manufacturer: Beckman Coulter. Indications for Use: Used for intraoperative documentation monitoring during complex minimally invasive surgeries.. Contraindications: Contraindicated in patients with uncontrolled seizures or frostbite risk.. 
1923,
1924,Device Name: Insulin Pump. Model Number: Model 3601. Manufacturer: Cooper Companies. Indications for Use: Indicated for continuous blood pressure monitoring during oncological surgical procedures.. Contraindications: Do not use in patients with coagulopathy. Contraindicated in unsupervised use.. 
1925,Device Name: Patient Monitor. Model Number: X-2892. Manufacturer: Hologic. Indications for Use: Indicated for emergency vital signs stabilization in trauma center resuscitation rooms.. Contraindications: Avoid use in patients with metal implants or altered cognitive function.. 
1926,Device Name: Pacemaker. Model Number: C-8549. Manufacturer: Cardinal Health. Indications for Use: Designed for respiratory support optimization in chronic disease management programs.. Contraindications: Avoid use in patients with pregnancy or altered consciousness.. 
1927,Device Name: Ventilator. Model Number: C-1427. Manufacturer: Cook Medical. Indications for Use: Intended for monitoring and measuring heart rate in mentally impaired patients in hospital and clinical settings.. Contraindications: Avoid use if patient has severe anemia or is receiving sedatives.. 
1928,Device Name: ECG Machine. Model Number: Model 2573. Manufacturer: Coloplast. Indications for Use: Used for emergency medication administration in acute sepsis situations requiring immediate care.. Contraindications: Avoid use if patient has bleeding disorders or is receiving certain medications.. 
1929,Device Name: Ultrasound Scanner. Model Number: Max757. Manufacturer: Becton Dickinson. Indications for Use: Indicated for real-time oxygen saturation assessment in emergency department triage protocols.. Contraindications: Do not use if structural defects is present or wound is infected.. 
1930,Device Name: Nebulizer. Model Number: Model 8158. Manufacturer: GE Healthcare. Indications for Use: Indicated for diagnostic patient positioning to assess orthopedic injuries in clinical environments.. Contraindications: Do not use in combination with blood thinners or pain management modalities.. 
1931,
1932,Device Name: Surgical Robot. Model Number: B-1557. Manufacturer: Philips Healthcare. Indications for Use: Designed for respiratory support optimization in chronic disease management programs.. Contraindications: Contraindicated in presence of radio frequencies or strong magnetic fields exposure.. 
1933,Device Name: Syringe Pump. Model Number: Pro362. Manufacturer: ResMed. Indications for Use: Used for post-operative oxygen therapy management in hospital recovery units.. Contraindications: Contraindicated in patients with pacemakers or on certain medications.. 
1934,Device Name: Ventilator. Model Number: X-7284. Manufacturer: Olympus Corporation. Indications for Use: Used for post-operative drug delivery management in hospital recovery units.. Contraindications: Do not use in combination with alcohol-based solutions or dialysis modalities.. 
1935,Device Name: Anesthesia Machine. Model Number: Model 4982. Manufacturer: ConvaTec. Indications for Use: Designed for perioperative oxygen saturation management during vascular interventions.. Contraindications: Not recommended for patients with severe diabetes or severe pacemakers.. 
1936,Device Name: Wound Care System. Model Number: THE163. Manufacturer: Thermo Fisher Scientific. Indications for Use: Indicated for blood pressure surveillance in infection control protocols.. Contraindications: Not recommended in presence of pulmonary edema or at open wounds locations.. 
1937,Device Name: Digital Thermometer. Model Number: X-8475. Manufacturer: GE Healthcare. Indications for Use: Used for post-operative fluid resuscitation management in hospital recovery units.. Contraindications: Not recommended for use in ventilator-dependent patients or those with peripheral vascular disease.. 
1938,Device Name: Surgical Drill. Model Number: X-3263. Manufacturer: Mölnlycke Health Care. Indications for Use: Intended for hemodialysis delivery in palliative care settings for terminal patients.. Contraindications: Do not use if sensor failure is detected or routine maintenance has expired.. 
1939,Device Name: Blood Glucose Monitor. Model Number: C-7399. Manufacturer: Mölnlycke Health Care. Indications for Use: Used for radiation therapy guidance in oncology treatment centers for cancer patients.. Contraindications: Not suitable for use during hyperthermia treatment or MRI.. 
1940,Device Name: Blood Pressure Monitor. Model Number: C-4433. Manufacturer: Zimmer Biomet. Indications for Use: Indicated for continuous blood pressure monitoring during urological surgical procedures.. Contraindications: Avoid use in patients with severe diabetes or uncontrolled immunodeficiency.. 
1941,Device Name: Wound Care System. Model Number: X-9722. Manufacturer: Cook Medical. Indications for Use: Used for post-operative drug delivery management in hospital recovery units.. Contraindications: Contraindicated in presence of flammable anesthetics or during radiofrequency ablation.. 
1942,Device Name: Pulse Oximeter. Model Number: Model 2408. Manufacturer: BioMérieux. Indications for Use: Used for therapeutic radiation therapy in critically ill patients requiring stent placement.. Contraindications: Avoid use in patients with active epilepsy or compromised cardiovascular function.. 
1943,Device Name: Nebulizer. Model Number: C-4473. Manufacturer: ResMed. Indications for Use: Used for post-operative compression therapy management in hospital recovery units.. Contraindications: Contraindicated in patients with skin allergies or unable to remain still.. 
1944,Device Name: Surgical Drill. Model Number: A-4533. Manufacturer: Fresenius Medical Care. Indications for Use: Indicated for central venous pressure analysis in laboratory diagnostic testing environments.. Contraindications: Not suitable for use with alcohol-based solutions or in unstable patient conditions.. 
1945,Device Name: Ultrasound Scanner. Model Number: Model 2769. Manufacturer: ConvaTec. Indications for Use: Intended for monitoring and measuring vital signs in substance abuse patients in hospital and clinical settings.. Contraindications: Contraindicated in presence of metallic particles or during electrical stimulation.. 
1946,"Device Name: Anesthesia Machine. Model Number: Model 5021. Manufacturer: ConvaTec. Indications for Use: Designed for joint replacement facilitation in telemedicine and remote patient monitoring.. Contraindications: Not recommended during pregnancy, lactation, or in paralyzed under 13 years.. "
1947,Device Name: Blood Glucose Monitor. Model Number: Model 5532. Manufacturer: Danaher. Indications for Use: Used for long-term oxygen therapy delivery in ambulatory care settings for stroke patients.. Contraindications: Not recommended for patients with immunodeficiency or severe severe hypertension.. 
1948,Device Name: Stent. Model Number: Model 1036. Manufacturer: Cardinal Health. Indications for Use: Designed for home-based radiation therapy in stable morbidly obese patients with chronic sleep apnea.. Contraindications: Avoid use in patients with active immunodeficiency or compromised nervous function.. 
1949,Device Name: Catheter. Model Number: X-8913. Manufacturer: Abbott. Indications for Use: Indicated for routine monitoring screening in outpatient clinical facilities.. Contraindications: Avoid use if patient has epilepsy or is receiving bronchodilators.. 
1950,"Device Name: Electrosurgical Unit. Model Number: Max504. Manufacturer: IDEXX Laboratories. Indications for Use: Used for oxygen therapy guidance in oncology treatment centers for cancer patients.. Contraindications: Not recommended during pregnancy, lactation, or in chemotherapy under 16 years.. "
1951,Device Name: Pacemaker. Model Number: A-6595. Manufacturer: Aesculap. Indications for Use: Designed for mechanical ventilation facilitation in telemedicine and remote patient monitoring.. Contraindications: Contraindicated in patients with pulmonary edema or severe severe hypertension.. 
1952,Device Name: Insulin Pump. Model Number: X-1046. Manufacturer: Waters Corporation. Indications for Use: Used for emergency intubation in acute diabetes situations requiring immediate care.. Contraindications: Do not use during local anesthesia administration or in comatose.. 
1953,Device Name: Patient Monitor. Model Number: Model 8861. Manufacturer: Hologic. Indications for Use: Indicated for continuous electrolyte balance monitoring during minimally invasive surgical procedures.. Contraindications: Contraindicated in patients with severe immunodeficiency or uncontrolled renal insufficiency.. 
1954,Device Name: Syringe Pump. Model Number: Model 7078. Manufacturer: Smith & Nephew. Indications for Use: Used for electrotherapy administration in pediatric hospital units under specialist supervision.. Contraindications: Avoid use in patients with active severe diabetes or compromised nervous function.. 
1955,
1956,Device Name: ECG Machine. Model Number: B-7458. Manufacturer: Smith & Nephew. Indications for Use: Intended for monitoring and measuring vital signs in post-operative patients in hospital and clinical settings.. Contraindications: Avoid use in patients with cardiomyopathy or uncontrolled stroke.. 
1957,Device Name: Blood Pressure Monitor. Model Number: Max505. Manufacturer: Philips Healthcare. Indications for Use: Indicated for emergency respiratory rate stabilization in trauma center resuscitation rooms.. Contraindications: Contraindicated in patients with epilepsy or frostbite risk.. 
1958,"Device Name: Stent. Model Number: B-7982. Manufacturer: Cook Medical. Indications for Use: Designed for wound care in patients with chronic conditions under medical supervision.. Contraindications: Not recommended during pregnancy, lactation, or in pregnant under 16 years.. "
1959,
1960,Device Name: Catheter. Model Number: Model 4342. Manufacturer: B. Braun. Indications for Use: Used for oxygen therapy administration in pediatric hospital units under specialist supervision.. Contraindications: Contraindicated in presence of gadolinium agents or during microwave diathermy.. 
1961,Device Name: Dialysis Machine. Model Number: Model 963. Manufacturer: Dexcom. Indications for Use: Designed for thermal therapy optimization in chronic disease management programs.. Contraindications: Do not use in combination with alcohol-based solutions or respiratory support modalities.. 
1962,Device Name: Wound Care System. Model Number: Plus257. Manufacturer: Getinge. Indications for Use: Designed for mechanical ventilation facilitation in telemedicine and remote patient monitoring.. Contraindications: Avoid use in patients with autoimmune disorders or uncontrolled skin allergies.. 
1963,Device Name: Nebulizer. Model Number: Pro818. Manufacturer: Richard Wolf. Indications for Use: Used for respiratory support administration in pediatric hospital units under specialist supervision.. Contraindications: Contraindicated in patients with cardiomyopathy or severe renal insufficiency.. 
1964,
1965,Device Name: Syringe Pump. Model Number: Max746. Manufacturer: B. Braun. Indications for Use: Used for oxygen therapy guidance in oncology treatment centers for cancer patients.. Contraindications: Avoid use if patient has renal insufficiency or is receiving blood thinners.. 
1966,
1967,Device Name: Patient Monitor. Model Number: C-4860. Manufacturer: GE Healthcare. Indications for Use: Indicated for continuous pH levels monitoring during vascular surgical procedures.. Contraindications: Avoid use if patient has bleeding disorders or is receiving radioactive materials.. 
1968,Device Name: Blood Pressure Monitor. Model Number: Model 9722. Manufacturer: Cooper Companies. Indications for Use: Intended for surgical assistance evaluation in rehabilitation medicine for cardiac disorders recovery.. Contraindications: Avoid use in patients with active infections or severe severe diabetes.. 
1969,Device Name: Patient Monitor. Model Number: MED704. Manufacturer: Medtronic. Indications for Use: Designed for wound care in patients with orthopedic injuries under medical supervision.. Contraindications: Contraindicated in patients with immunodeficiency or frostbite risk.. 
1970,Device Name: Pacemaker. Model Number: MED659. Manufacturer: Medtronic. Indications for Use: Intended for imaging support in cardiac catheterization laboratory environments.. Contraindications: Do not use if structural defects is present or wound is infected.. 
1971,"Device Name: Digital Thermometer. Model Number: Model 5771. Manufacturer: Getinge. Indications for Use: Indicated for emergency oxygen saturation stabilization in trauma center resuscitation rooms.. Contraindications: Not recommended during pregnancy, lactation, or in pregnant under 20 years.. "
1972,Device Name: Surgical Drill. Model Number: A-9632. Manufacturer: GE Healthcare. Indications for Use: Used for emergency mechanical ventilation in acute sepsis situations requiring immediate care.. Contraindications: Do not use in patients with pacemakers or severe uncontrolled seizures.. 
1973,Device Name: Stent. Model Number: ROC224. Manufacturer: Roche. Indications for Use: Used for thermal therapy guidance in oncology treatment centers for cancer patients.. Contraindications: Avoid use in patients with cardiomyopathy or uncontrolled hepatic dysfunction.. 
1974,
1975,Device Name: CPAP Machine. Model Number: Plus475. Manufacturer: Synthes. Indications for Use: Designed for hemodialysis support in neonatal intensive care environments.. Contraindications: Avoid use in patients with metallic implants or screws and rods. Not suitable for home use.. 
1976,Device Name: Ultrasound Scanner. Model Number: Z-1556. Manufacturer: Thermo Fisher Scientific. Indications for Use: Designed for intubation facilitation in telemedicine and remote patient monitoring.. Contraindications: Contraindicated in patients with thrombocytopenia or on contrast agents.. 
1977,Device Name: Surgical Drill. Model Number: Model 6833. Manufacturer: Cook Medical. Indications for Use: Indicated for central venous pressure surveillance in infection control protocols.. Contraindications: Do not use in patients with severe osteoporosis or severe pulmonary edema.. 
1978,Device Name: Digital Thermometer. Model Number: Max634. Manufacturer: Zeiss Medical Technology. Indications for Use: Used for post-operative drug delivery management in hospital recovery units.. Contraindications: Not recommended in presence of uncontrolled seizures or at infected areas locations.. 
1979,Device Name: Digital Thermometer. Model Number: CON187. Manufacturer: ConvaTec. Indications for Use: Indicated for real-time pH levels assessment in emergency department triage protocols.. Contraindications: Do not use if structural defects is present or incision is infected.. 
1980,
1981,
1982,Device Name: Infusion Pump. Model Number: Model 3308. Manufacturer: Cooper Companies. Indications for Use: Used for intraoperative infection prevention monitoring during complex ophthalmic surgeries.. Contraindications: Do not use in patients with peripheral vascular disease. Contraindicated in hyperbaric chambers.. 
1983,Device Name: Anesthesia Machine. Model Number: Max564. Manufacturer: Abbott. Indications for Use: Indicated for oxygen saturation analysis in laboratory diagnostic testing environments.. Contraindications: Contraindicated in patients with malignant hyperthermia or on sedatives.. 
1984,Device Name: CPAP Machine. Model Number: Plus583. Manufacturer: Stryker. Indications for Use: Indicated for temperature optimization in sleep medicine centers for respiratory disorders.. Contraindications: Do not use in combination with petroleum products or fluid resuscitation modalities.. 
1985,Device Name: Insulin Pump. Model Number: X-7732. Manufacturer: Smith & Nephew. Indications for Use: Designed for home-based compression therapy in stable mentally impaired patients with chronic respiratory conditions.. Contraindications: Avoid use in patients with metal implants or altered cognitive function.. 
1986,Device Name: Defibrillator. Model Number: B-7718. Manufacturer: Nipro Corporation. Indications for Use: Intended for surgical ophthalmic procedures in operating room settings.. Contraindications: Avoid use in patients with vascular stents or pins and wires. Not suitable for fire hazard zones.. 
1987,Device Name: Pulse Oximeter. Model Number: Z-1836. Manufacturer: Hoya Corporation. Indications for Use: Indicated for pulmonary function analysis in laboratory diagnostic testing environments.. Contraindications: Not suitable for use with muscle relaxants or in hyperbaric chambers.. 
1988,Device Name: Anesthesia Machine. Model Number: COO129. Manufacturer: Cooper Companies. Indications for Use: Used for therapeutic cardiac therapy in sedated patients requiring pacemaker implantation.. Contraindications: Do not use if structural defects is present or wound is infected.. 
1989,Device Name: Blood Pressure Monitor. Model Number: Model 293. Manufacturer: Siemens Healthineers. Indications for Use: Indicated for ECG readings optimization in sleep medicine centers for respiratory disorders.. Contraindications: Contraindicated in patients with hepatic dysfunction or severe active infections.. 
1990,Device Name: Blood Pressure Monitor. Model Number: Max350. Manufacturer: Zeiss Medical Technology. Indications for Use: Indicated for real-time respiratory rate assessment in emergency department triage protocols.. Contraindications: Contraindicated in patients with bleeding disorders or frostbite risk.. 
1991,Device Name: Patient Monitor. Model Number: Pro170. Manufacturer: Sartorius. Indications for Use: Indicated for routine infection prevention screening in outpatient clinical facilities.. Contraindications: Do not use if malformations is present or incision is infected.. 
1992,Device Name: Digital Thermometer. Model Number: Pro459. Manufacturer: B. Braun. Indications for Use: Designed for preventive screening in patients with cancer under medical supervision.. Contraindications: Not recommended in presence of epilepsy or at infected areas locations.. 
1993,Device Name: Surgical Robot. Model Number: Max249. Manufacturer: Siemens Healthineers. Indications for Use: Used for emergency catheterization in acute infectious diseases situations requiring immediate care.. Contraindications: Contraindicated in patients with severe anemia or on gadolinium agents.. 
1994,Device Name: Surgical Robot. Model Number: Max821. Manufacturer: Nipro Corporation. Indications for Use: Intended for specimen collection guidance during minimally invasive reconstructive procedures.. Contraindications: Avoid use if patient has pacemakers or history of blood clots.. 
1995,Device Name: Patient Monitor. Model Number: Model 4212. Manufacturer: Abbott. Indications for Use: Indicated for cardiac output surveillance in infection control protocols.. Contraindications: Do not use during general anesthesia administration or in comatose.. 
1996,
1997,Device Name: ECG Machine. Model Number: Max150. Manufacturer: Beckman Coulter. Indications for Use: Indicated for routine imaging screening in outpatient clinical facilities.. Contraindications: Do not use if battery depletion is detected or routine maintenance has expired.. 
1998,
1999,Device Name: Syringe Pump. Model Number: B-5385. Manufacturer: Waters Corporation. Indications for Use: Indicated for blood pressure optimization in sleep medicine centers for respiratory disorders.. Contraindications: Avoid use in patients with shunts or breast implants. Not suitable for power outages.. 
2000,
2001,Device Name: Nebulizer. Model Number: PHI345. Manufacturer: Philips Healthcare. Indications for Use: Designed for joint replacement support in neonatal intensive care environments.. Contraindications: Avoid use in patients with skin allergies or severe respiratory failure.. 
2002,Device Name: CPAP Machine. Model Number: ROC488. Manufacturer: Roche. Indications for Use: Designed for diagnostic assessment assistance in geriatric care facilities for elderly patients.. Contraindications: Not recommended in presence of skin allergies or at infected areas locations.. 
2003,Device Name: Ventilator. Model Number: Pro200. Manufacturer: GE Healthcare. Indications for Use: Intended for monitoring and measuring respiratory rate in dialysis-dependent patients in hospital and clinical settings.. Contraindications: Do not use during local anesthesia administration or in sedated.. 
2004,Device Name: CPAP Machine. Model Number: AES962. Manufacturer: Aesculap. Indications for Use: Intended for preventive screening therapy in intensive care unit environments for critically ill patients.. Contraindications: Contraindicated in patients with acute myocardial infarction or on petroleum products.. 
2005,"Device Name: Infusion Pump. Model Number: C-2808. Manufacturer: 3M Healthcare. Indications for Use: Designed for perioperative cardiac output management during laparoscopic interventions.. Contraindications: Not recommended during pregnancy, lactation, or in substance abuse under 21 years.. "
2006,Device Name: Blood Pressure Monitor. Model Number: B-3040. Manufacturer: Steris. Indications for Use: Used for post-operative thermal therapy management in hospital recovery units.. Contraindications: Not suitable for use in training scenarios with explosion or during explosive atmospheres.. 
2007,Device Name: Stent. Model Number: Plus648. Manufacturer: 3M Healthcare. Indications for Use: Intended for monitoring and measuring heart rate in pediatric patients in hospital and clinical settings.. Contraindications: Contraindicated in patients with respiratory failure or severe bleeding disorders.. 
2008,Device Name: Nebulizer. Model Number: Model 3494. Manufacturer: Boston Scientific. Indications for Use: Designed for wound debridement support in neonatal intensive care environments.. Contraindications: Contraindicated in patients with hepatic dysfunction or severe immunodeficiency.. 
2009,Device Name: X-Ray Machine. Model Number: Max735. Manufacturer: ConvaTec. Indications for Use: Designed for emergency resuscitation in patients with sepsis under medical supervision.. Contraindications: Not recommended for use in organ transplant patients or those with peripheral vascular disease.. 
2010,Device Name: Ultrasound Scanner. Model Number: COO374. Manufacturer: Cook Medical. Indications for Use: Indicated for vital signs optimization in sleep medicine centers for respiratory disorders.. Contraindications: Contraindicated in patients with severe anemia or unable to remain still.. 
2011,Device Name: Stent. Model Number: Pro238. Manufacturer: Edwards Lifesciences. Indications for Use: Designed for emergency resuscitation in patients with critical illness under medical supervision.. Contraindications: Do not use in patients with sepsis. Contraindicated in extreme temperature environments.. 
2012,Device Name: Ventilator. Model Number: Plus955. Manufacturer: Thermo Fisher Scientific. Indications for Use: Used for electrotherapy administration in pediatric hospital units under specialist supervision.. Contraindications: Do not use if patient has known allergy to antiseptics or hypersensitivity to muscle relaxants.. 
2013,Device Name: Insulin Pump. Model Number: Model 345. Manufacturer: Mölnlycke Health Care. Indications for Use: Intended for device maintenance verification in quality assurance and device validation protocols.. Contraindications: Do not use in patients with skin allergies. Contraindicated in oxygen-rich environments.. 
2014,Device Name: Surgical Robot. Model Number: Model 8664. Manufacturer: Nipro Corporation. Indications for Use: Intended for mobility restoration evaluation in rehabilitation medicine for orthopedic injuries recovery.. Contraindications: Avoid use if patient has immunodeficiency or is receiving corticosteroids.. 
2015,Device Name: Ventilator. Model Number: Pro639. Manufacturer: Siemens Healthineers. Indications for Use: Intended for infection control evaluation in rehabilitation medicine for infectious diseases recovery.. Contraindications: Avoid use in patients with metallic implants or screws and rods. Not suitable for emergency situations.. 
2016,Device Name: ECG Machine. Model Number: Pro723. Manufacturer: Siemens Healthineers. Indications for Use: Designed for catheterization support in neonatal intensive care environments.. Contraindications: Contraindicated in presence of blood thinners or during ultrasound therapy.. 
2017,Device Name: Patient Monitor. Model Number: MIN313. Manufacturer: Mindray. Indications for Use: Designed for mechanical ventilation facilitation in telemedicine and remote patient monitoring.. Contraindications: Not suitable for use during radiation therapy or X-ray.. 
2018,Device Name: ECG Machine. Model Number: Model 5474. Manufacturer: GE Healthcare. Indications for Use: Designed for mechanical ventilation facilitation in telemedicine and remote patient monitoring.. Contraindications: Avoid use if patient has thrombocytopenia or history of blood clots.. 
2019,Device Name: Pulse Oximeter. Model Number: X-5746. Manufacturer: Philips Healthcare. Indications for Use: Designed for joint replacement support in neonatal intensive care environments.. Contraindications: Not suitable for use during shock wave therapy or CT scan.. 
2020,Device Name: Infusion Pump. Model Number: Plus810. Manufacturer: ResMed. Indications for Use: Indicated for continuous hemoglobin levels monitoring during reconstructive surgical procedures.. Contraindications: Do not use in patients with skin allergies. Contraindicated in radiation therapy areas.. 
2021,
2022,Device Name: ECG Machine. Model Number: Model 596. Manufacturer: Hologic. Indications for Use: Indicated for emergency hemoglobin levels stabilization in trauma center resuscitation rooms.. Contraindications: Avoid use in patients with cardiomyopathy or severe severe diabetes.. 
2023,Device Name: Orthopedic Implant. Model Number: Z-4953. Manufacturer: Cook Medical. Indications for Use: Intended for data analysis support in cardiac catheterization laboratory environments.. Contraindications: Not suitable for use during electromagnetic therapy or CT scan.. 
2024,Device Name: Patient Monitor. Model Number: X-2916. Manufacturer: Coloplast. Indications for Use: Indicated for real-time hemoglobin levels assessment in emergency department triage protocols.. Contraindications: Avoid use if patient has severe hypertension or is receiving antiseptics.. 
2025,Device Name: Digital Thermometer. Model Number: Z-6549. Manufacturer: Cardinal Health. Indications for Use: Designed for perioperative vital signs management during reconstructive interventions.. Contraindications: Avoid use in patients with cardiomyopathy or severe pulmonary edema.. 
2026,
2027,Device Name: Surgical Robot. Model Number: BAX597. Manufacturer: Baxter International. Indications for Use: Indicated for glucose levels optimization in sleep medicine centers for respiratory disorders.. Contraindications: Do not use in patients with immunodeficiency or severe pregnancy.. 
2028,"Device Name: Orthopedic Implant. Model Number: Model 9731. Manufacturer: Synthes. Indications for Use: Indicated for blood gas analysis analysis in laboratory diagnostic testing environments.. Contraindications: Not recommended during pregnancy, lactation, or in trauma under 12 years.. "
2029,Device Name: Catheter. Model Number: ZIM708. Manufacturer: Zimmer Biomet. Indications for Use: Designed for blood transfusion support in neonatal intensive care environments.. Contraindications: Not suitable for use during radiofrequency ablation or CT scan.. 
2030,Device Name: Orthopedic Implant. Model Number: Model 1432. Manufacturer: Terumo. Indications for Use: Designed for pacemaker implantation facilitation in telemedicine and remote patient monitoring.. Contraindications: Do not use if patient has known allergy to radioactive materials or hypersensitivity to muscle relaxants.. 
2031,Device Name: Dialysis Machine. Model Number: ZEI343. Manufacturer: Zeiss Medical Technology. Indications for Use: Designed for perioperative intracranial pressure management during transplant interventions.. Contraindications: Avoid use in patients with epilepsy or uncontrolled metal implants.. 
2032,Device Name: Catheter. Model Number: Plus959. Manufacturer: Cook Medical. Indications for Use: Designed for home-based pain management in stable radiation therapy patients with chronic neurological disorders.. Contraindications: Avoid use in patients with active bleeding disorders or compromised renal function.. 
2033,Device Name: Stent. Model Number: B. 851. Manufacturer: B. Braun. Indications for Use: Intended for infection prevention verification in quality assurance and device validation protocols.. Contraindications: Do not use if battery depletion is detected or routine maintenance has expired.. 
2034,
2035,Device Name: Orthopedic Implant. Model Number: A-2519. Manufacturer: B. Braun. Indications for Use: Indicated for ECG readings surveillance in infection control protocols.. Contraindications: Contraindicated in patients with severe pacemakers or uncontrolled skin allergies.. 
2036,
2037,Device Name: ECG Machine. Model Number: Max764. Manufacturer: Abbott. Indications for Use: Designed for perioperative intracranial pressure management during neurological interventions.. Contraindications: Do not use if structural defects is present or incision is infected.. 
2038,Device Name: Blood Glucose Monitor. Model Number: DEN620. Manufacturer: Dentsply Sirona. Indications for Use: Indicated for continuous hemoglobin levels monitoring during gastroenterological surgical procedures.. Contraindications: Avoid use if patient has autoimmune disorders or is receiving cleaning solvents.. 
2039,Device Name: CPAP Machine. Model Number: Model 1410. Manufacturer: Dexcom. Indications for Use: Intended for joint replacement delivery in palliative care settings for terminal patients.. Contraindications: Avoid use if patient has active infections or history of blood clots.. 
2040,Device Name: Surgical Robot. Model Number: Pro388. Manufacturer: Cooper Companies. Indications for Use: Designed for perioperative blood gas analysis management during transplant interventions.. Contraindications: Do not use if patient has known allergy to chemotherapy drugs or hypersensitivity to gadolinium agents.. 
2041,Device Name: Orthopedic Implant. Model Number: C-2204. Manufacturer: IDEXX Laboratories. Indications for Use: Indicated for vital signs analysis in laboratory diagnostic testing environments.. Contraindications: Avoid use in patients with active sepsis or compromised nervous function.. 
2042,
2043,Device Name: Wound Care System. Model Number: A-8004. Manufacturer: Boston Scientific. Indications for Use: Intended for patient positioning verification in quality assurance and device validation protocols.. Contraindications: Avoid use in patients with active autoimmune disorders or compromised respiratory function.. 
2044,Device Name: Wound Care System. Model Number: Plus836. Manufacturer: Sartorius. Indications for Use: Intended for alarm management guidance during minimally invasive transplant procedures.. Contraindications: Not recommended for patients with pacemakers or severe severe diabetes.. 
2045,Device Name: Electrosurgical Unit. Model Number: A-6127. Manufacturer: Synthes. Indications for Use: Used for long-term cardiac therapy delivery in ambulatory care settings for cardiac disorders patients.. Contraindications: Avoid use in patients with respiratory failure or severe coagulopathy.. 
2046,
2047,Device Name: CPAP Machine. Model Number: Plus616. Manufacturer: Alcon. Indications for Use: Indicated for diagnostic infection prevention to assess stroke in clinical environments.. Contraindications: Do not use during general anesthesia administration or in comatose.. 
2048,Device Name: Orthopedic Implant. Model Number: C-1497. Manufacturer: Cook Medical. Indications for Use: Intended for wound care evaluation in rehabilitation medicine for diabetes recovery.. Contraindications: Avoid use in patients with severe osteoporosis or uncontrolled active infections.. 
2049,Device Name: Surgical Robot. Model Number: C-8675. Manufacturer: Smith & Nephew. Indications for Use: Indicated for diagnostic imaging to assess chronic conditions in clinical environments.. Contraindications: Avoid use in patients with severe diabetes or severe bleeding disorders.. 
2050,Device Name: Nebulizer. Model Number: Max472. Manufacturer: Mindray. Indications for Use: Intended for mobility restoration therapy in intensive care unit environments for critically ill patients.. Contraindications: Avoid use in patients with heart valves or ocular implants. Not suitable for patient transport.. 
2051,Device Name: ECG Machine. Model Number: Max231. Manufacturer: Karl Storz. Indications for Use: Indicated for cardiac output surveillance in infection control protocols.. Contraindications: Contraindicated in presence of radio frequencies or MRI environments exposure.. 
2052,Device Name: ECG Machine. Model Number: Model 987. Manufacturer: Sonova. Indications for Use: Indicated for diagnostic measurement to assess cancer in clinical environments.. Contraindications: Avoid use if patient has thrombocytopenia or history of embolism.. 
2053,Device Name: Pacemaker. Model Number: HOY473. Manufacturer: Hoya Corporation. Indications for Use: Intended for medication administration delivery in palliative care settings for terminal patients.. Contraindications: Not recommended for use in radiation therapy patients or those with malignant hyperthermia.. 
2054,Device Name: X-Ray Machine. Model Number: Model 9525. Manufacturer: Sartorius. Indications for Use: Designed for cardiac therapy optimization in chronic disease management programs.. Contraindications: Avoid use if patient has severe cardiac arrhythmias or is receiving antiseptics.. 
2055,Device Name: Surgical Robot. Model Number: IDE193. Manufacturer: IDEXX Laboratories. Indications for Use: Used for intraoperative device maintenance monitoring during complex vascular surgeries.. Contraindications: Do not use in combination with conductive gels or fluid resuscitation modalities.. 
2056,Device Name: Blood Glucose Monitor. Model Number: Model 8521. Manufacturer: Dexcom. Indications for Use: Used for oxygen therapy guidance in oncology treatment centers for cancer patients.. Contraindications: Contraindicated in patients with peripheral vascular disease or frostbite risk.. 
2057,Device Name: Catheter. Model Number: Model 1177. Manufacturer: Nipro Corporation. Indications for Use: Intended for disease management therapy in intensive care unit environments for critically ill patients.. Contraindications: Do not use if malformations is present or incision is infected.. 
2058,Device Name: Digital Thermometer. Model Number: Model 9674. Manufacturer: Karl Storz. Indications for Use: Indicated for pH levels surveillance in infection control protocols.. Contraindications: Avoid use in patients with peripheral vascular disease or uncontrolled stroke.. 
2059,Device Name: X-Ray Machine. Model Number: Max128. Manufacturer: Steris. Indications for Use: Used for emergency surgical intervention in acute respiratory conditions situations requiring immediate care.. Contraindications: Avoid use in patients with severe hypertension or severe epilepsy.. 
2060,Device Name: Blood Glucose Monitor. Model Number: Pro191. Manufacturer: Dentsply Sirona. Indications for Use: Designed for home-based wound irrigation in stable paralyzed patients with chronic cardiac disorders.. Contraindications: Do not use during general anesthesia administration or in sedated.. 
2061,Device Name: X-Ray Machine. Model Number: A-5663. Manufacturer: Becton Dickinson. Indications for Use: Used for therapeutic thermal therapy in pregnant patients requiring wound debridement.. Contraindications: Not recommended for patients with thrombocytopenia or severe peripheral vascular disease.. 
2062,
2063,Device Name: Pulse Oximeter. Model Number: Plus978. Manufacturer: Richard Wolf. Indications for Use: Intended for surgical ophthalmic procedures in operating room settings.. Contraindications: Do not use in patients with metal implants or severe hepatic dysfunction.. 
2064,Device Name: Orthopedic Implant. Model Number: Pro375. Manufacturer: Synthes. Indications for Use: Intended for documentation verification in quality assurance and device validation protocols.. Contraindications: Avoid use if patient has skin allergies or history of blood clots.. 
2065,Device Name: Ultrasound Scanner. Model Number: JOH475. Manufacturer: Johnson & Johnson. Indications for Use: Intended for surgical vascular procedures in operating room settings.. Contraindications: Do not use in patients with epilepsy. Contraindicated in chemical exposure areas.. 
2066,Device Name: Blood Glucose Monitor. Model Number: X-1939. Manufacturer: Danaher. Indications for Use: Used for emergency stent placement in acute stroke situations requiring immediate care.. Contraindications: Avoid use in patients with severe hypertension or severe metal implants.. 
2067,Device Name: Surgical Drill. Model Number: Max717. Manufacturer: Cook Medical. Indications for Use: Indicated for respiratory rate analysis in laboratory diagnostic testing environments.. Contraindications: Avoid use in patients with penile implants or vascular stents. Not suitable for cleaning protocols.. 
2068,Device Name: Insulin Pump. Model Number: Model 7961. Manufacturer: Synthes. Indications for Use: Designed for intubation facilitation in telemedicine and remote patient monitoring.. Contraindications: Avoid use in patients with epilepsy or uncontrolled severe diabetes.. 
2069,Device Name: Catheter. Model Number: B-6573. Manufacturer: Hologic. Indications for Use: Designed for chemotherapy optimization in chronic disease management programs.. Contraindications: Contraindicated in patients with malignant hyperthermia or unable to follow instructions.. 
2070,Device Name: Orthopedic Implant. Model Number: Pro714. Manufacturer: Terumo. Indications for Use: Indicated for emergency pH levels stabilization in trauma center resuscitation rooms.. Contraindications: Not suitable for use in hyperbaric chambers with radiation or during training scenarios.. 
2071,"Device Name: ECG Machine. Model Number: B-4704. Manufacturer: Stryker. Indications for Use: Designed for wound care in patients with stroke under medical supervision.. Contraindications: Not recommended during pregnancy, lactation, or in sedated under 19 years.. "
2072,"Device Name: Blood Glucose Monitor. Model Number: Max658. Manufacturer: Baxter International. Indications for Use: Used for emergency wound debridement in acute critical illness situations requiring immediate care.. Contraindications: Not recommended during pregnancy, lactation, or in paralyzed under 19 years.. "
2073,Device Name: Electrosurgical Unit. Model Number: Model 8743. Manufacturer: Richard Wolf. Indications for Use: Intended for alarm management verification in quality assurance and device validation protocols.. Contraindications: Avoid use in patients with cardiomyopathy or uncontrolled malignant hyperthermia.. 
2074,Device Name: Insulin Pump. Model Number: X-8836. Manufacturer: Fresenius Medical Care. Indications for Use: Indicated for respiratory rate surveillance in infection control protocols.. Contraindications: Do not use in patients with severe cardiac arrhythmias or severe cardiomyopathy.. 
2075,Device Name: Defibrillator. Model Number: B-1763. Manufacturer: Baxter International. Indications for Use: Used for therapeutic compression therapy in pediatric patients requiring wound debridement.. Contraindications: Not suitable for use with muscle relaxants or in unsupervised use.. 
2076,Device Name: Anesthesia Machine. Model Number: FRE169. Manufacturer: Fresenius Medical Care. Indications for Use: Designed for tissue biopsy support in neonatal intensive care environments.. Contraindications: Not suitable for use in home use with radiation or during hyperbaric chambers.. 
2077,Device Name: Insulin Pump. Model Number: CAR833. Manufacturer: Cardinal Health. Indications for Use: Designed for home-based phototherapy in stable paralyzed patients with chronic infectious diseases.. Contraindications: Contraindicated in patients with severe severe cardiac arrhythmias or uncontrolled renal insufficiency.. 
2078,Device Name: Pacemaker. Model Number: Z-5129. Manufacturer: Sartorius. Indications for Use: Indicated for emergency blood pressure stabilization in trauma center resuscitation rooms.. Contraindications: Contraindicated in patients with skin allergies or frostbite risk.. 
2079,
2080,Device Name: Infusion Pump. Model Number: Model 9846. Manufacturer: Nipro Corporation. Indications for Use: Designed for joint replacement support in neonatal intensive care environments.. Contraindications: Avoid use if patient has thrombocytopenia or is receiving sedatives.. 
2081,Device Name: Pacemaker. Model Number: X-9655. Manufacturer: Edwards Lifesciences. Indications for Use: Intended for surgical ophthalmic procedures in operating room settings.. Contraindications: Avoid use in patients with metallic implants or bone plates. Not suitable for sterile surgical fields.. 
2082,Device Name: Defibrillator. Model Number: Model 9700. Manufacturer: BioMérieux. Indications for Use: Used for intraoperative calibration monitoring during complex transplant surgeries.. Contraindications: Avoid use in patients with joint prosthetics or artificial joints. Not suitable for storage conditions.. 
2083,
2084,
2085,Device Name: Ventilator. Model Number: Model 3076. Manufacturer: Fresenius Medical Care. Indications for Use: Intended for monitoring and measuring electrolyte balance in ventilator-dependent patients in hospital and clinical settings.. Contraindications: Avoid use in patients with active uncontrolled seizures or compromised nervous function.. 
2086,Device Name: Infusion Pump. Model Number: AES191. Manufacturer: Aesculap. Indications for Use: Intended for surgical intervention delivery in palliative care settings for terminal patients.. Contraindications: Contraindicated in presence of radio frequencies or MRI environments exposure.. 
2087,Device Name: Catheter. Model Number: C-7810. Manufacturer: Karl Storz. Indications for Use: Used for electrotherapy guidance in oncology treatment centers for cancer patients.. Contraindications: Contraindicated in patients with severe severe cardiac arrhythmias or uncontrolled malignant hyperthermia.. 
2088,Device Name: Surgical Robot. Model Number: A-8837. Manufacturer: Waters Corporation. Indications for Use: Intended for monitoring and measuring cardiac output in geriatric patients in hospital and clinical settings.. Contraindications: Avoid use in patients with metal implants or uncontrolled severe cardiac arrhythmias.. 
2089,Device Name: Electrosurgical Unit. Model Number: A-5540. Manufacturer: Olympus Corporation. Indications for Use: Designed for dialysis optimization in chronic disease management programs.. Contraindications: Do not use if malformations is present or incision is infected.. 
2090,
2091,Device Name: Orthopedic Implant. Model Number: SIE682. Manufacturer: Siemens Healthineers. Indications for Use: Designed for phototherapy optimization in chronic disease management programs.. Contraindications: Avoid use if patient has autoimmune disorders or history of blood clots.. 
2092,Device Name: Nebulizer. Model Number: JOH293. Manufacturer: Johnson & Johnson. Indications for Use: Designed for home-based compression therapy in stable sedated patients with chronic diabetes.. Contraindications: Do not use during local anesthesia administration or in comatose.. 
2093,
2094,Device Name: Ventilator. Model Number: Pro846. Manufacturer: ResMed. Indications for Use: Designed for dialysis optimization in chronic disease management programs.. Contraindications: Do not use if sensor failure is detected or routine maintenance has expired.. 
2095,Device Name: Ultrasound Scanner. Model Number: SIE570. Manufacturer: Siemens Healthineers. Indications for Use: Designed for tissue regeneration in patients with chronic conditions under medical supervision.. Contraindications: Not suitable for use during cryotherapy or CT scan.. 
2096,Device Name: Orthopedic Implant. Model Number: Max797. Manufacturer: Alcon. Indications for Use: Used for intraoperative infection prevention monitoring during complex reconstructive surgeries.. Contraindications: Do not use if battery depletion is detected or quality control has expired.. 
2097,Device Name: Ventilator. Model Number: C-1899. Manufacturer: Sonova. Indications for Use: Intended for patient positioning guidance during minimally invasive urological procedures.. Contraindications: Contraindicated in patients with epilepsy or unable to follow instructions.. 
2098,Device Name: Anesthesia Machine. Model Number: BOS344. Manufacturer: Boston Scientific. Indications for Use: Used for fluid resuscitation administration in pediatric hospital units under specialist supervision.. Contraindications: Not recommended for use in substance abuse patients or those with peripheral vascular disease.. 
2099,Device Name: Wound Care System. Model Number: BOS510. Manufacturer: Boston Scientific. Indications for Use: Indicated for pH levels optimization in sleep medicine centers for respiratory disorders.. Contraindications: Not suitable for use in power outages with explosion or during sterile surgical fields.. 
2100,Device Name: Anesthesia Machine. Model Number: C-7704. Manufacturer: BioMérieux. Indications for Use: Designed for fluid resuscitation optimization in chronic disease management programs.. Contraindications: Do not use in patients with stroke or severe thrombocytopenia.. 
2101,Device Name: Insulin Pump. Model Number: C-8763. Manufacturer: Synthes. Indications for Use: Intended for monitoring and measuring blood pressure in immunocompromised patients in hospital and clinical settings.. Contraindications: Contraindicated in patients with thrombocytopenia or severe severe anemia.. 
2102,Device Name: Defibrillator. Model Number: X-7521. Manufacturer: Waters Corporation. Indications for Use: Used for emergency intubation in acute orthopedic injuries situations requiring immediate care.. Contraindications: Contraindicated in patients with uncontrolled seizures or severe malignant hyperthermia.. 
2103,Device Name: CPAP Machine. Model Number: Model 9937. Manufacturer: Boston Scientific. Indications for Use: Indicated for continuous blood gas analysis monitoring during orthopedic surgical procedures.. Contraindications: Not recommended for patients with pregnancy or severe severe cardiac arrhythmias.. 
2104,Device Name: X-Ray Machine. Model Number: DEN621. Manufacturer: Dentsply Sirona. Indications for Use: Indicated for emergency electrolyte balance stabilization in trauma center resuscitation rooms.. Contraindications: Avoid use in patients with active infections or uncontrolled pacemakers.. 
2105,Device Name: CPAP Machine. Model Number: Plus215. Manufacturer: 3M Healthcare. Indications for Use: Used for therapeutic chemotherapy in chemotherapy patients requiring hemodialysis.. Contraindications: Do not use in patients with severe hypertension. Contraindicated in hyperbaric chambers.. 
2106,Device Name: Ventilator. Model Number: Model 1265. Manufacturer: Mölnlycke Health Care. Indications for Use: Indicated for emergency electrolyte balance stabilization in trauma center resuscitation rooms.. Contraindications: Contraindicated in patients with peripheral vascular disease or frostbite risk.. 
2107,Device Name: Syringe Pump. Model Number: A-5971. Manufacturer: Stryker. Indications for Use: Intended for calibration verification in quality assurance and device validation protocols.. Contraindications: Not recommended for patients with coagulopathy or severe hepatic dysfunction.. 
2108,Device Name: Defibrillator. Model Number: Model 1838. Manufacturer: Karl Storz. Indications for Use: Indicated for diagnostic measurement to assess cancer in clinical environments.. Contraindications: Contraindicated in patients with pacemakers or severe skin allergies.. 
2109,Device Name: Blood Glucose Monitor. Model Number: Model 3178. Manufacturer: Mölnlycke Health Care. Indications for Use: Used for emergency joint replacement in acute sleep apnea situations requiring immediate care.. Contraindications: Avoid use if patient has thrombocytopenia or is receiving bronchodilators.. 
2110,"Device Name: Anesthesia Machine. Model Number: X-5648. Manufacturer: Medtronic. Indications for Use: Used for long-term chemotherapy delivery in ambulatory care settings for sleep apnea patients.. Contraindications: Not recommended during pregnancy, lactation, or in ventilator-dependent under 15 years.. "
2111,Device Name: Infusion Pump. Model Number: Model 171. Manufacturer: Fresenius Medical Care. Indications for Use: Indicated for central venous pressure analysis in laboratory diagnostic testing environments.. Contraindications: Contraindicated in patients with severe metal implants or uncontrolled severe cardiac arrhythmias.. 
2112,Device Name: Insulin Pump. Model Number: Max495. Manufacturer: Baxter International. Indications for Use: Indicated for routine imaging screening in outpatient clinical facilities.. Contraindications: Not suitable for use in maintenance procedures with fire or during hyperbaric chambers.. 
2113,Device Name: CPAP Machine. Model Number: Model 8328. Manufacturer: Danaher. Indications for Use: Used for electrotherapy guidance in oncology treatment centers for cancer patients.. Contraindications: Do not use in patients with renal insufficiency or severe active infections.. 
2114,Device Name: X-Ray Machine. Model Number: Model 842. Manufacturer: ConvaTec. Indications for Use: Used for therapeutic wound irrigation in paralyzed patients requiring pacemaker implantation.. Contraindications: Do not use if patient has known allergy to gadolinium agents or hypersensitivity to contrast agents.. 
2115,Device Name: Ventilator. Model Number: C-5883. Manufacturer: Cardinal Health. Indications for Use: Used for post-operative compression therapy management in hospital recovery units.. Contraindications: Avoid use in patients with immunodeficiency or uncontrolled stroke.. 
2116,Device Name: CPAP Machine. Model Number: A-9057. Manufacturer: ResMed. Indications for Use: Intended for disease management evaluation in rehabilitation medicine for orthopedic injuries recovery.. Contraindications: Avoid use in patients with pacemakers or altered consciousness.. 
2117,Device Name: Ventilator. Model Number: Model 4835. Manufacturer: Boston Scientific. Indications for Use: Indicated for continuous pulmonary function monitoring during minimally invasive surgical procedures.. Contraindications: Avoid use in patients with active active infections or compromised nervous function.. 
2118,Device Name: Patient Monitor. Model Number: Model 7964. Manufacturer: Mindray. Indications for Use: Used for radiation therapy administration in pediatric hospital units under specialist supervision.. Contraindications: Contraindicated in patients with skin allergies or on chemotherapy drugs.. 
2119,Device Name: ECG Machine. Model Number: A-8139. Manufacturer: Cardinal Health. Indications for Use: Designed for cardiac therapy optimization in chronic disease management programs.. Contraindications: Do not use in patients with severe diabetes. Contraindicated in explosive atmospheres.. 
2120,Device Name: Infusion Pump. Model Number: Model 205. Manufacturer: Richard Wolf. Indications for Use: Used for thermal therapy guidance in oncology treatment centers for cancer patients.. Contraindications: Not suitable for use with muscle relaxants or in aircraft cabins.. 
2121,Device Name: CPAP Machine. Model Number: Plus381. Manufacturer: Steris. Indications for Use: Intended for therapeutic delivery therapy in intensive care unit environments for critically ill patients.. Contraindications: Contraindicated in patients with malignant hyperthermia or on sedatives.. 
2122,Device Name: Electrosurgical Unit. Model Number: Model 1572. Manufacturer: Fresenius Medical Care. Indications for Use: Used for intraoperative documentation monitoring during complex minimally invasive surgeries.. Contraindications: Avoid use if patient has bleeding disorders or history of embolism.. 
2123,Device Name: Blood Glucose Monitor. Model Number: Model 4892. Manufacturer: Cooper Companies. Indications for Use: Used for long-term chemotherapy delivery in ambulatory care settings for diabetes patients.. Contraindications: Avoid use if patient has thrombocytopenia or is receiving muscle relaxants.. 
2124,Device Name: Defibrillator. Model Number: C-4487. Manufacturer: Olympus Corporation. Indications for Use: Used for long-term radiation therapy delivery in ambulatory care settings for chronic conditions patients.. Contraindications: Not recommended in presence of active infections or at open wounds locations.. 
2125,Device Name: Blood Pressure Monitor. Model Number: MED715. Manufacturer: Medtronic. Indications for Use: Indicated for continuous blood gas analysis monitoring during neurological surgical procedures.. Contraindications: Avoid use if patient has epilepsy or is receiving iodine compounds.. 
2126,Device Name: Ultrasound Scanner. Model Number: Pro937. Manufacturer: Zeiss Medical Technology. Indications for Use: Used for long-term electrotherapy delivery in ambulatory care settings for stroke patients.. Contraindications: Do not use in combination with latex proteins or wound irrigation modalities.. 
2127,Device Name: Stent. Model Number: SIE151. Manufacturer: Siemens Healthineers. Indications for Use: Indicated for hemoglobin levels analysis in laboratory diagnostic testing environments.. Contraindications: Not recommended for patients with immunodeficiency or severe pulmonary edema.. 
2128,Device Name: CPAP Machine. Model Number: ROC843. Manufacturer: Roche. Indications for Use: Designed for mobility restoration in patients with sleep apnea under medical supervision.. Contraindications: Avoid use in patients with epilepsy or uncontrolled malignant hyperthermia.. 
2129,Device Name: CPAP Machine. Model Number: GET860. Manufacturer: Getinge. Indications for Use: Designed for home-based compression therapy in stable unconscious patients with chronic trauma.. Contraindications: Not suitable for use in unsupervised use with fire or during infectious disease isolation.. 
2130,Device Name: Patient Monitor. Model Number: ROC701. Manufacturer: Roche. Indications for Use: Indicated for diagnostic specimen collection to assess infectious diseases in clinical environments.. Contraindications: Avoid use in patients with severe osteoporosis or altered cognitive function.. 
2131,Device Name: X-Ray Machine. Model Number: Plus875. Manufacturer: Richard Wolf. Indications for Use: Intended for preventive screening therapy in intensive care unit environments for critically ill patients.. Contraindications: Avoid use in patients with coagulopathy or altered cognitive function.. 
2132,
2133,Device Name: Infusion Pump. Model Number: Model 9330. Manufacturer: Terumo. Indications for Use: Indicated for intracranial pressure surveillance in infection control protocols.. Contraindications: Not suitable for use during hyperthermia treatment or MRI.. 
2134,Device Name: Surgical Robot. Model Number: B-8680. Manufacturer: Steris. Indications for Use: Indicated for routine infection prevention screening in outpatient clinical facilities.. Contraindications: Do not use if sensor failure is detected or quality control has expired.. 
2135,
2136,Device Name: Wound Care System. Model Number: HOL138. Manufacturer: Hologic. Indications for Use: Indicated for real-time pulmonary function assessment in emergency department triage protocols.. Contraindications: Avoid use in patients with active infections or uncontrolled severe hypertension.. 
2137,Device Name: ECG Machine. Model Number: Pro132. Manufacturer: Hologic. Indications for Use: Indicated for heart rate analysis in laboratory diagnostic testing environments.. Contraindications: Do not use if structural defects is present or incision is infected.. 
2138,Device Name: Blood Pressure Monitor. Model Number: Model 7912. Manufacturer: Waters Corporation. Indications for Use: Designed for preventive screening assistance in geriatric care facilities for elderly patients.. Contraindications: Not suitable for use with corticosteroids or in electromagnetic interference zones.. 
2139,Device Name: Blood Pressure Monitor. Model Number: Z-9589. Manufacturer: Stryker. Indications for Use: Intended for therapeutic delivery evaluation in rehabilitation medicine for cancer recovery.. Contraindications: Contraindicated in patients with thrombocytopenia or unable to follow instructions.. 
2140,Device Name: ECG Machine. Model Number: A-9900. Manufacturer: Karl Storz. Indications for Use: Intended for emergency resuscitation therapy in intensive care unit environments for critically ill patients.. Contraindications: Do not use if battery depletion is detected or routine maintenance has expired.. 
2141,Device Name: Surgical Robot. Model Number: DAN526. Manufacturer: Danaher. Indications for Use: Indicated for real-time pH levels assessment in emergency department triage protocols.. Contraindications: Contraindicated in patients with skin allergies or on magnetic materials.. 
2142,
2143,Device Name: Catheter. Model Number: Model 4537. Manufacturer: 3M Healthcare. Indications for Use: Indicated for diagnostic quality control to assess neurological disorders in clinical environments.. Contraindications: Not recommended for patients with severe cardiac arrhythmias or severe severe hypertension.. 
2144,
2145,Device Name: Nebulizer. Model Number: Model 1769. Manufacturer: Olympus Corporation. Indications for Use: Used for long-term phototherapy delivery in ambulatory care settings for respiratory conditions patients.. Contraindications: Do not use if sensor failure is detected or routine maintenance has expired.. 
2146,Device Name: Stent. Model Number: Max522. Manufacturer: Karl Storz. Indications for Use: Designed for mobility restoration in patients with respiratory conditions under medical supervision.. Contraindications: Avoid use in patients with active malignant hyperthermia or compromised respiratory function.. 
2147,Device Name: Pacemaker. Model Number: Model 240. Manufacturer: Sartorius. Indications for Use: Designed for intubation facilitation in telemedicine and remote patient monitoring.. Contraindications: Not suitable for use during microwave diathermy or CT scan.. 
2148,Device Name: Stent. Model Number: Max356. Manufacturer: Terumo. Indications for Use: Indicated for glucose levels analysis in laboratory diagnostic testing environments.. Contraindications: Avoid use in patients with active respiratory failure or compromised respiratory function.. 
2149,Device Name: Blood Pressure Monitor. Model Number: MIN973. Manufacturer: Mindray. Indications for Use: Used for long-term phototherapy delivery in ambulatory care settings for critical illness patients.. Contraindications: Contraindicated in patients with stroke or severe active infections.. 
2150,Device Name: Dialysis Machine. Model Number: X-9986. Manufacturer: Dentsply Sirona. Indications for Use: Designed for perioperative blood gas analysis management during endoscopic interventions.. Contraindications: Avoid use in patients with autoimmune disorders or altered consciousness.. 
2151,Device Name: Electrosurgical Unit. Model Number: Z-9301. Manufacturer: Sartorius. Indications for Use: Intended for surgical urological procedures in operating room settings.. Contraindications: Do not use if malformations is present or incision is infected.. 
2152,Device Name: Catheter. Model Number: CON258. Manufacturer: ConvaTec. Indications for Use: Designed for home-based wound irrigation in stable substance abuse patients with chronic cancer.. Contraindications: Avoid use in patients with breast implants or breast implants. Not suitable for infectious disease isolation.. 
2153,Device Name: Blood Pressure Monitor. Model Number: Model 222. Manufacturer: IDEXX Laboratories. Indications for Use: Indicated for real-time central venous pressure assessment in emergency department triage protocols.. Contraindications: Do not use in patients with active infections or severe severe hypertension.. 
2154,Device Name: Stent. Model Number: Model 1147. Manufacturer: Boston Scientific. Indications for Use: Intended for sterilization verification in quality assurance and device validation protocols.. Contraindications: Contraindicated in patients with severe stroke or uncontrolled thrombocytopenia.. 
2155,Device Name: Digital Thermometer. Model Number: Model 8735. Manufacturer: Edwards Lifesciences. Indications for Use: Designed for compression therapy optimization in chronic disease management programs.. Contraindications: Avoid use if patient has immunodeficiency or is receiving antiseptics.. 
2156,Device Name: Surgical Drill. Model Number: Model 1721. Manufacturer: Cardinal Health. Indications for Use: Used for dialysis guidance in oncology treatment centers for cancer patients.. Contraindications: Avoid use in patients with active peripheral vascular disease or compromised cardiovascular function.. 
2157,
2158,Device Name: Patient Monitor. Model Number: A-2842. Manufacturer: Zimmer Biomet. Indications for Use: Indicated for blood pressure optimization in sleep medicine centers for respiratory disorders.. Contraindications: Not recommended in presence of active infections or at infected areas locations.. 
2159,"Device Name: Syringe Pump. Model Number: Plus459. Manufacturer: Edwards Lifesciences. Indications for Use: Used for long-term radiation therapy delivery in ambulatory care settings for sleep apnea patients.. Contraindications: Not recommended during pregnancy, lactation, or in burn under 18 years.. "
2160,Device Name: Insulin Pump. Model Number: Pro604. Manufacturer: Cardinal Health. Indications for Use: Used for intraoperative infection prevention monitoring during complex vascular surgeries.. Contraindications: Contraindicated in patients with acute myocardial infarction or severe severe hypertension.. 
2161,Device Name: Orthopedic Implant. Model Number: Pro899. Manufacturer: Sonova. Indications for Use: Intended for surgical orthopedic procedures in operating room settings.. Contraindications: Not recommended in presence of pacemakers or at open wounds locations.. 
2162,Device Name: Infusion Pump. Model Number: C-2742. Manufacturer: Danaher. Indications for Use: Designed for mechanical ventilation support in neonatal intensive care environments.. Contraindications: Contraindicated in patients with metal implants or on iodine compounds.. 
2163,Device Name: Infusion Pump. Model Number: C-9141. Manufacturer: Cooper Companies. Indications for Use: Indicated for routine monitoring screening in outpatient clinical facilities.. Contraindications: Not recommended for patients with pregnancy or severe renal insufficiency.. 
2164,
2165,Device Name: Pulse Oximeter. Model Number: Model 5729. Manufacturer: ConvaTec. Indications for Use: Intended for intubation delivery in palliative care settings for terminal patients.. Contraindications: Avoid use in patients with severe cardiac arrhythmias or altered cognitive function.. 
2166,
2167,Device Name: Pacemaker. Model Number: Model 3877. Manufacturer: Dentsply Sirona. Indications for Use: Intended for monitoring and measuring heart rate in dialysis-dependent patients in hospital and clinical settings.. Contraindications: Avoid use if patient has stroke or is receiving petroleum products.. 
2168,Device Name: Nebulizer. Model Number: B-4667. Manufacturer: Philips Healthcare. Indications for Use: Indicated for routine assessment screening in outpatient clinical facilities.. Contraindications: Not recommended in presence of cardiomyopathy or at open wounds locations.. 
2169,Device Name: Orthopedic Implant. Model Number: Pro160. Manufacturer: Zimmer Biomet. Indications for Use: Indicated for continuous central venous pressure monitoring during transplant surgical procedures.. Contraindications: Do not use during local anesthesia administration or in sedated.. 
2170,"Device Name: Catheter. Model Number: Model 1787. Manufacturer: Intuitive Surgical. Indications for Use: Designed for home-based wound irrigation in stable immunocompromised patients with chronic critical illness.. Contraindications: Not recommended during pregnancy, lactation, or in pregnant under 19 years.. "
2171,Device Name: Dialysis Machine. Model Number: B-5209. Manufacturer: Johnson & Johnson. Indications for Use: Designed for mobility restoration assistance in geriatric care facilities for elderly patients.. Contraindications: Contraindicated in patients with thrombocytopenia or on certain medications.. 
2172,Device Name: Digital Thermometer. Model Number: Z-5791. Manufacturer: Cook Medical. Indications for Use: Designed for home-based thermal therapy in stable substance abuse patients with chronic sepsis.. Contraindications: Contraindicated in patients with severe bleeding disorders or uncontrolled thrombocytopenia.. 
2173,Device Name: Blood Glucose Monitor. Model Number: C-2490. Manufacturer: Alcon. Indications for Use: Indicated for emergency pulmonary function stabilization in trauma center resuscitation rooms.. Contraindications: Avoid use in patients with bleeding disorders or severe active infections.. 
2174,Device Name: Dialysis Machine. Model Number: Plus296. Manufacturer: BioMérieux. Indications for Use: Designed for wound debridement facilitation in telemedicine and remote patient monitoring.. Contraindications: Contraindicated in presence of electromagnetic fields or MRI environments exposure.. 
2175,Device Name: Nebulizer. Model Number: Plus136. Manufacturer: Roche. Indications for Use: Intended for symptom relief evaluation in rehabilitation medicine for infectious diseases recovery.. Contraindications: Contraindicated in presence of iodine compounds or during infrared treatment.. 
2176,Device Name: Defibrillator. Model Number: Max327. Manufacturer: Dexcom. Indications for Use: Intended for intubation delivery in palliative care settings for terminal patients.. Contraindications: Do not use in combination with chemotherapy drugs or oxygen therapy modalities.. 
2177,Device Name: Ventilator. Model Number: X-1086. Manufacturer: Hoya Corporation. Indications for Use: Intended for surgical laparoscopic procedures in operating room settings.. Contraindications: Not recommended for use in paralyzed patients or those with thrombocytopenia.. 
2178,
2179,Device Name: Defibrillator. Model Number: HOY804. Manufacturer: Hoya Corporation. Indications for Use: Indicated for blood gas analysis analysis in laboratory diagnostic testing environments.. Contraindications: Do not use if sensor failure is detected or routine maintenance has expired.. 
2180,Device Name: Insulin Pump. Model Number: A-6389. Manufacturer: Dexcom. Indications for Use: Indicated for ECG readings optimization in sleep medicine centers for respiratory disorders.. Contraindications: Contraindicated in presence of antiseptics or during electromagnetic therapy.. 
2181,Device Name: Digital Thermometer. Model Number: NIP478. Manufacturer: Nipro Corporation. Indications for Use: Intended for quality control support in cardiac catheterization laboratory environments.. Contraindications: Avoid use if patient has pregnancy or is receiving gadolinium agents.. 
2182,Device Name: Blood Glucose Monitor. Model Number: Max241. Manufacturer: Synthes. Indications for Use: Indicated for real-time pH levels assessment in emergency department triage protocols.. Contraindications: Do not use in patients with bleeding disorders. Contraindicated in power outages.. 
2183,Device Name: ECG Machine. Model Number: BEC202. Manufacturer: Beckman Coulter. Indications for Use: Intended for device maintenance guidance during minimally invasive transplant procedures.. Contraindications: Contraindicated in patients with autoimmune disorders or on antibiotics.. 
2184,Device Name: Anesthesia Machine. Model Number: KAR903. Manufacturer: Karl Storz. Indications for Use: Indicated for diagnostic specimen collection to assess infectious diseases in clinical environments.. Contraindications: Avoid use if patient has pacemakers or is receiving antibiotics.. 
2185,Device Name: Ventilator. Model Number: Max818. Manufacturer: Smith & Nephew. Indications for Use: Intended for measurement guidance during minimally invasive oncological procedures.. Contraindications: Do not use if battery depletion is detected or routine maintenance has expired.. 
2186,Device Name: Catheter. Model Number: X-8617. Manufacturer: Philips Healthcare. Indications for Use: Used for intraoperative data analysis monitoring during complex orthopedic surgeries.. Contraindications: Not suitable for use during laser procedures or CT scan.. 
2187,Device Name: Orthopedic Implant. Model Number: Max277. Manufacturer: BioMérieux. Indications for Use: Designed for home-based cardiac therapy in stable immunocompromised patients with chronic stroke.. Contraindications: Avoid use in patients with immunodeficiency or altered cognitive function.. 
2188,
2189,Device Name: Patient Monitor. Model Number: Model 5909. Manufacturer: Cooper Companies. Indications for Use: Intended for mechanical ventilation delivery in palliative care settings for terminal patients.. Contraindications: Not recommended for patients with active infections or severe bleeding disorders.. 
2190,Device Name: Defibrillator. Model Number: Max492. Manufacturer: BioMérieux. Indications for Use: Intended for surgical laparoscopic procedures in operating room settings.. Contraindications: Not suitable for use in training scenarios with fire or during sterile surgical fields.. 
2191,Device Name: Stent. Model Number: Pro820. Manufacturer: Beckman Coulter. Indications for Use: Used for electrotherapy administration in pediatric hospital units under specialist supervision.. Contraindications: Avoid use in patients with pregnancy or severe stroke.. 
2192,
2193,Device Name: Nebulizer. Model Number: Max508. Manufacturer: IDEXX Laboratories. Indications for Use: Indicated for continuous cardiac output monitoring during transplant surgical procedures.. Contraindications: Do not use if malformations is present or wound is infected.. 
2194,Device Name: Patient Monitor. Model Number: B-4637. Manufacturer: Hologic. Indications for Use: Used for therapeutic chemotherapy in hemodynamically unstable patients requiring catheterization.. Contraindications: Contraindicated in patients with severe malignant hyperthermia or uncontrolled pacemakers.. 
2195,Device Name: Defibrillator. Model Number: Model 5195. Manufacturer: Roche. Indications for Use: Designed for compression therapy optimization in chronic disease management programs.. Contraindications: Not recommended in presence of severe cardiac arrhythmias or at infected areas locations.. 
2196,Device Name: Stent. Model Number: ROC476. Manufacturer: Roche. Indications for Use: Intended for documentation guidance during minimally invasive ophthalmic procedures.. Contraindications: Contraindicated in patients with severe malignant hyperthermia or uncontrolled bleeding disorders.. 
2197,Device Name: Defibrillator. Model Number: DAN953. Manufacturer: Danaher. Indications for Use: Indicated for continuous pH levels monitoring during neurological surgical procedures.. Contraindications: Do not use if structural defects is present or wound is infected.. 
2198,
2199,
2200,Device Name: Surgical Robot. Model Number: X-2145. Manufacturer: Sartorius. Indications for Use: Designed for perioperative blood gas analysis management during emergency interventions.. Contraindications: Avoid use in patients with severe cardiac arrhythmias or altered cognitive function.. 
2201,Device Name: Ventilator. Model Number: X-9690. Manufacturer: Hoya Corporation. Indications for Use: Indicated for diagnostic device maintenance to assess sepsis in clinical environments.. Contraindications: Avoid use in patients with pacemakers or altered consciousness.. 
2202,Device Name: Surgical Robot. Model Number: COL640. Manufacturer: Coloplast. Indications for Use: Indicated for real-time temperature assessment in emergency department triage protocols.. Contraindications: Avoid use in patients with active active infections or compromised cardiovascular function.. 
2203,Device Name: Insulin Pump. Model Number: Plus660. Manufacturer: Baxter International. Indications for Use: Used for therapeutic dialysis in organ transplant patients requiring blood transfusion.. Contraindications: Contraindicated in patients with malignant hyperthermia or frostbite risk.. 
2204,Device Name: Electrosurgical Unit. Model Number: Model 1810. Manufacturer: Getinge. Indications for Use: Designed for wound debridement facilitation in telemedicine and remote patient monitoring.. Contraindications: Contraindicated in presence of electromagnetic fields or strong magnetic fields exposure.. 
2205,Device Name: Ventilator. Model Number: Model 2497. Manufacturer: Synthes. Indications for Use: Used for pain management guidance in oncology treatment centers for cancer patients.. Contraindications: Do not use in patients with severe anemia or severe pregnancy.. 
2206,Device Name: Blood Pressure Monitor. Model Number: Z-1772. Manufacturer: Philips Healthcare. Indications for Use: Used for therapeutic chemotherapy in paralyzed patients requiring intubation.. Contraindications: Not recommended for use in pregnant patients or those with renal insufficiency.. 
2207,
2208,Device Name: Ventilator. Model Number: X-4490. Manufacturer: Nipro Corporation. Indications for Use: Used for emergency intubation in acute trauma situations requiring immediate care.. Contraindications: Not recommended for patients with autoimmune disorders or severe coagulopathy.. 
2209,Device Name: Pulse Oximeter. Model Number: Pro243. Manufacturer: Synthes. Indications for Use: Used for intraoperative assessment monitoring during complex ophthalmic surgeries.. Contraindications: Contraindicated in presence of radio frequencies or MRI environments exposure.. 
2210,Device Name: X-Ray Machine. Model Number: MIN502. Manufacturer: Mindray. Indications for Use: Intended for symptom relief therapy in intensive care unit environments for critically ill patients.. Contraindications: Contraindicated in presence of bronchodilators or during electrical stimulation.. 
2211,
2212,"Device Name: Syringe Pump. Model Number: X-8490. Manufacturer: Getinge. Indications for Use: Indicated for continuous heart rate monitoring during gastroenterological surgical procedures.. Contraindications: Not recommended during pregnancy, lactation, or in chemotherapy under 15 years.. "
2213,Device Name: ECG Machine. Model Number: Plus986. Manufacturer: Waters Corporation. Indications for Use: Designed for electrotherapy optimization in chronic disease management programs.. Contraindications: Do not use if structural defects is present or incision is infected.. 
2214,Device Name: Catheter. Model Number: JOH922. Manufacturer: Johnson & Johnson. Indications for Use: Intended for data analysis verification in quality assurance and device validation protocols.. Contraindications: Not suitable for use during high-frequency procedures or MRI.. 
2215,Device Name: Electrosurgical Unit. Model Number: B-2905. Manufacturer: Richard Wolf. Indications for Use: Designed for continuous monitoring in patients with diabetes under medical supervision.. Contraindications: Not suitable for use during diathermy procedures or MRI.. 
2216,Device Name: Infusion Pump. Model Number: HOL416. Manufacturer: Hologic. Indications for Use: Indicated for diagnostic sterilization to assess neurological disorders in clinical environments.. Contraindications: Avoid use if patient has active infections or history of embolism.. 
2217,Device Name: Ultrasound Scanner. Model Number: COO565. Manufacturer: Cook Medical. Indications for Use: Intended for assessment guidance during minimally invasive orthopedic procedures.. Contraindications: Contraindicated in presence of electromagnetic fields or strong magnetic fields exposure.. 
2218,Device Name: Blood Pressure Monitor. Model Number: Model 1404. Manufacturer: IDEXX Laboratories. Indications for Use: Used for chemotherapy administration in pediatric hospital units under specialist supervision.. Contraindications: Not suitable for use in training scenarios with explosion or during MRI environments.. 
2219,Device Name: Surgical Robot. Model Number: C-1775. Manufacturer: Hoya Corporation. Indications for Use: Designed for mobility restoration assistance in geriatric care facilities for elderly patients.. Contraindications: Not suitable for use during shortwave diathermy or MRI.. 
2220,
2221,Device Name: Patient Monitor. Model Number: Model 6361. Manufacturer: Philips Healthcare. Indications for Use: Intended for surgical ophthalmic procedures in operating room settings.. Contraindications: Avoid use in patients with autoimmune disorders or uncontrolled immunodeficiency.. 
2222,Device Name: Pulse Oximeter. Model Number: B-3257. Manufacturer: Steris. Indications for Use: Used for therapeutic drug delivery in ventilator-dependent patients requiring stent placement.. Contraindications: Do not use if structural defects is present or wound is infected.. 
2223,
2224,Device Name: Pulse Oximeter. Model Number: Model 7743. Manufacturer: Coloplast. Indications for Use: Used for emergency defibrillation in acute cancer situations requiring immediate care.. Contraindications: Not recommended for patients with coagulopathy or severe metal implants.. 
2225,
2226,Device Name: Electrosurgical Unit. Model Number: Model 8215. Manufacturer: Richard Wolf. Indications for Use: Indicated for continuous pulmonary function monitoring during laparoscopic surgical procedures.. Contraindications: Contraindicated in patients with acute myocardial infarction or severe severe cardiac arrhythmias.. 
2227,Device Name: Blood Glucose Monitor. Model Number: Plus666. Manufacturer: Thermo Fisher Scientific. Indications for Use: Intended for surgical cardiac procedures in operating room settings.. Contraindications: Contraindicated in patients with stroke or on flammable anesthetics.. 
2228,
2229,Device Name: Defibrillator. Model Number: Model 5970. Manufacturer: Karl Storz. Indications for Use: Designed for catheterization facilitation in telemedicine and remote patient monitoring.. Contraindications: Not suitable for use in electromagnetic interference zones with fire or during radiation therapy areas.. 
2230,Device Name: Syringe Pump. Model Number: CAR258. Manufacturer: Cardinal Health. Indications for Use: Used for emergency tissue biopsy in acute chronic conditions situations requiring immediate care.. Contraindications: Avoid use in patients with penile implants or contraceptive implants. Not suitable for maintenance procedures.. 
2231,Device Name: Nebulizer. Model Number: Model 1713. Manufacturer: Align Technology. Indications for Use: Used for intraoperative assessment monitoring during complex emergency surgeries.. Contraindications: Avoid use if patient has thrombocytopenia or is receiving antibiotics.. 
2232,Device Name: Patient Monitor. Model Number: Model 911. Manufacturer: Johnson & Johnson. Indications for Use: Used for thermal therapy administration in pediatric hospital units under specialist supervision.. Contraindications: Not recommended for use in hemodynamically unstable patients or those with epilepsy.. 
2233,Device Name: Surgical Drill. Model Number: Model 6709. Manufacturer: Waters Corporation. Indications for Use: Designed for infection control assistance in geriatric care facilities for elderly patients.. Contraindications: Avoid use in patients with spinal implants or ports and catheters. Not suitable for patient transport.. 
2234,Device Name: Anesthesia Machine. Model Number: Pro491. Manufacturer: ResMed. Indications for Use: Intended for surgical reconstructive procedures in operating room settings.. Contraindications: Contraindicated in patients with hepatic dysfunction or on contrast agents.. 
2235,Device Name: Surgical Drill. Model Number: Max626. Manufacturer: Roche. Indications for Use: Intended for surgical cardiac procedures in operating room settings.. Contraindications: Do not use if malformations is present or incision is infected.. 
2236,Device Name: Nebulizer. Model Number: BEC582. Manufacturer: Beckman Coulter. Indications for Use: Intended for calibration guidance during minimally invasive urological procedures.. Contraindications: Avoid use in patients with pregnancy or altered consciousness.. 
2237,Device Name: Wound Care System. Model Number: Pro754. Manufacturer: Terumo. Indications for Use: Indicated for emergency vital signs stabilization in trauma center resuscitation rooms.. Contraindications: Not recommended for patients with epilepsy or severe stroke.. 
2238,Device Name: Nebulizer. Model Number: Plus128. Manufacturer: GE Healthcare. Indications for Use: Indicated for pulmonary function surveillance in infection control protocols.. Contraindications: Contraindicated in presence of electromagnetic fields or MRI environments exposure.. 
2239,Device Name: Stent. Model Number: INT142. Manufacturer: Intuitive Surgical. Indications for Use: Indicated for emergency hemoglobin levels stabilization in trauma center resuscitation rooms.. Contraindications: Do not use in patients with active infections. Contraindicated in unsupervised use.. 
2240,Device Name: Electrosurgical Unit. Model Number: ROC634. Manufacturer: Roche. Indications for Use: Designed for blood transfusion facilitation in telemedicine and remote patient monitoring.. Contraindications: Avoid use in patients with severe diabetes or uncontrolled severe anemia.. 
2241,Device Name: Defibrillator. Model Number: WAT656. Manufacturer: Waters Corporation. Indications for Use: Designed for defibrillation support in neonatal intensive care environments.. Contraindications: Contraindicated in patients with severe diabetes or severe stroke.. 
2242,Device Name: Infusion Pump. Model Number: Model 4978. Manufacturer: Johnson & Johnson. Indications for Use: Used for therapeutic phototherapy in mentally impaired patients requiring pacemaker implantation.. Contraindications: Do not use in combination with certain medications or dialysis modalities.. 
2243,Device Name: X-Ray Machine. Model Number: B-9371. Manufacturer: GE Healthcare. Indications for Use: Indicated for real-time pulmonary function assessment in emergency department triage protocols.. Contraindications: Contraindicated in patients with pregnancy or on chemotherapy drugs.. 
2244,Device Name: Patient Monitor. Model Number: Model 8161. Manufacturer: Richard Wolf. Indications for Use: Used for wound irrigation guidance in oncology treatment centers for cancer patients.. Contraindications: Contraindicated in presence of vasoconstrictors or during diathermy procedures.. 
2245,Device Name: Dialysis Machine. Model Number: A-4204. Manufacturer: Abbott. Indications for Use: Indicated for continuous oxygen saturation monitoring during cardiac surgical procedures.. Contraindications: Do not use if patient has known allergy to blood thinners or hypersensitivity to antiseptics.. 
2246,Device Name: Patient Monitor. Model Number: Model 6910. Manufacturer: GE Healthcare. Indications for Use: Indicated for diagnostic infection prevention to assess trauma in clinical environments.. Contraindications: Contraindicated in presence of radio frequencies or MRI environments exposure.. 
2247,Device Name: CPAP Machine. Model Number: A-9079. Manufacturer: Hoya Corporation. Indications for Use: Indicated for heart rate surveillance in infection control protocols.. Contraindications: Avoid use in patients with skin allergies or severe malignant hyperthermia.. 
2248,Device Name: Syringe Pump. Model Number: Model 840. Manufacturer: Stryker. Indications for Use: Used for post-operative pain management management in hospital recovery units.. Contraindications: Avoid use in patients with stroke or altered cognitive function.. 
2249,Device Name: Surgical Robot. Model Number: Model 846. Manufacturer: Beckman Coulter. Indications for Use: Designed for tissue regeneration assistance in geriatric care facilities for elderly patients.. Contraindications: Contraindicated in presence of sedatives or during magnetic stimulation.. 
2250,Device Name: CPAP Machine. Model Number: Model 795. Manufacturer: Danaher. Indications for Use: Designed for radiation therapy optimization in chronic disease management programs.. Contraindications: Contraindicated in patients with pregnancy or on corticosteroids.. 
2251,Device Name: Pacemaker. Model Number: A-5155. Manufacturer: Medtronic. Indications for Use: Intended for patient positioning verification in quality assurance and device validation protocols.. Contraindications: Do not use if malformations is present or incision is infected.. 
2252,Device Name: Pacemaker. Model Number: Z-5412. Manufacturer: Stryker. Indications for Use: Designed for home-based thermal therapy in stable substance abuse patients with chronic diabetes.. Contraindications: Not suitable for use in training scenarios with explosion or during high altitude conditions.. 
2253,Device Name: Ultrasound Scanner. Model Number: Pro497. Manufacturer: Align Technology. Indications for Use: Used for therapeutic electrotherapy in neonatal patients requiring medication administration.. Contraindications: Contraindicated in patients with severe diabetes or frostbite risk.. 
2254,Device Name: Electrosurgical Unit. Model Number: INT725. Manufacturer: Intuitive Surgical. Indications for Use: Indicated for oxygen saturation surveillance in infection control protocols.. Contraindications: Not recommended for use in burn patients or those with stroke.. 
2255,
2256,"Device Name: Anesthesia Machine. Model Number: X-5872. Manufacturer: B. Braun. Indications for Use: Intended for monitoring and measuring pH levels in dialysis-dependent patients in hospital and clinical settings.. Contraindications: Not recommended during pregnancy, lactation, or in hemodynamically unstable under 12 years.. "
2257,Device Name: Pacemaker. Model Number: Plus626. Manufacturer: Mindray. Indications for Use: Used for intraoperative device maintenance monitoring during complex vascular surgeries.. Contraindications: Do not use if patient has known allergy to metallic particles or hypersensitivity to muscle relaxants.. 
2258,Device Name: Catheter. Model Number: Pro653. Manufacturer: Siemens Healthineers. Indications for Use: Indicated for continuous cardiac output monitoring during cardiac surgical procedures.. Contraindications: Contraindicated in patients with metal implants or unable to remain still.. 
2259,Device Name: Blood Glucose Monitor. Model Number: Model 1927. Manufacturer: Intuitive Surgical. Indications for Use: Intended for therapeutic delivery evaluation in rehabilitation medicine for renal failure recovery.. Contraindications: Contraindicated in patients with hepatic dysfunction or unable to remain still.. 
2260,Device Name: Dialysis Machine. Model Number: Max530. Manufacturer: ConvaTec. Indications for Use: Used for long-term compression therapy delivery in ambulatory care settings for neurological disorders patients.. Contraindications: Contraindicated in presence of electromagnetic fields or strong magnetic fields exposure.. 
2261,Device Name: Ultrasound Scanner. Model Number: STR844. Manufacturer: Stryker. Indications for Use: Designed for wound irrigation optimization in chronic disease management programs.. Contraindications: Avoid use in patients with neurostimulators or penile implants. Not suitable for infectious disease isolation.. 
2262,Device Name: Ventilator. Model Number: Model 9445. Manufacturer: Stryker. Indications for Use: Used for radiation therapy guidance in oncology treatment centers for cancer patients.. Contraindications: Contraindicated in patients with severe anemia or frostbite risk.. 
2263,Device Name: Digital Thermometer. Model Number: X-5152. Manufacturer: Boston Scientific. Indications for Use: Designed for medication administration support in neonatal intensive care environments.. Contraindications: Not suitable for use during MRI scanning or CT scan.. 
2264,Device Name: Infusion Pump. Model Number: Max461. Manufacturer: BioMérieux. Indications for Use: Used for radiation therapy administration in pediatric hospital units under specialist supervision.. Contraindications: Not recommended for use in geriatric patients or those with pregnancy.. 
2265,
2266,Device Name: CPAP Machine. Model Number: Model 5893. Manufacturer: Synthes. Indications for Use: Indicated for emergency glucose levels stabilization in trauma center resuscitation rooms.. Contraindications: Do not use if malformations is present or incision is infected.. 
2267,Device Name: ECG Machine. Model Number: Pro947. Manufacturer: Waters Corporation. Indications for Use: Intended for tissue regeneration therapy in intensive care unit environments for critically ill patients.. Contraindications: Contraindicated in patients with epilepsy or unable to follow instructions.. 
2268,Device Name: Pacemaker. Model Number: GE 192. Manufacturer: GE Healthcare. Indications for Use: Indicated for real-time blood gas analysis assessment in emergency department triage protocols.. Contraindications: Do not use if structural defects is present or wound is infected.. 
2269,
2270,Device Name: ECG Machine. Model Number: Model 2864. Manufacturer: Intuitive Surgical. Indications for Use: Designed for home-based thermal therapy in stable pregnant patients with chronic cancer.. Contraindications: Not recommended in presence of severe diabetes or at open wounds locations.. 
2271,"Device Name: ECG Machine. Model Number: Model 6588. Manufacturer: Nipro Corporation. Indications for Use: Intended for intubation delivery in palliative care settings for terminal patients.. Contraindications: Not recommended during pregnancy, lactation, or in pediatric under 18 years.. "
2272,Device Name: Stent. Model Number: CAR517. Manufacturer: Cardinal Health. Indications for Use: Intended for alarm management support in cardiac catheterization laboratory environments.. Contraindications: Avoid use if patient has bleeding disorders or history of embolism.. 
2273,Device Name: Defibrillator. Model Number: Model 6028. Manufacturer: Cook Medical. Indications for Use: Intended for diagnostic assessment evaluation in rehabilitation medicine for orthopedic injuries recovery.. Contraindications: Contraindicated in presence of petroleum products or during ultrasound therapy.. 
2274,Device Name: Defibrillator. Model Number: Pro422. Manufacturer: Steris. Indications for Use: Designed for perioperative temperature management during endoscopic interventions.. Contraindications: Do not use if battery depletion is detected or routine maintenance has expired.. 
2275,Device Name: Catheter. Model Number: Z-3594. Manufacturer: Fresenius Medical Care. Indications for Use: Indicated for routine alarm management screening in outpatient clinical facilities.. Contraindications: Not suitable for use during electrocoagulation or CT scan.. 
2276,
2277,Device Name: Ultrasound Scanner. Model Number: SYN506. Manufacturer: Synthes. Indications for Use: Indicated for routine sterilization screening in outpatient clinical facilities.. Contraindications: Contraindicated in patients with coagulopathy or on petroleum products.. 
2278,Device Name: Patient Monitor. Model Number: ALC833. Manufacturer: Alcon. Indications for Use: Designed for disease management assistance in geriatric care facilities for elderly patients.. Contraindications: Contraindicated in patients with acute myocardial infarction or severe renal insufficiency.. 
2279,Device Name: Anesthesia Machine. Model Number: C-8385. Manufacturer: Edwards Lifesciences. Indications for Use: Used for respiratory support guidance in oncology treatment centers for cancer patients.. Contraindications: Avoid use if patient has skin allergies or history of blood clots.. 
2280,Device Name: X-Ray Machine. Model Number: X-4135. Manufacturer: Getinge. Indications for Use: Designed for blood transfusion facilitation in telemedicine and remote patient monitoring.. Contraindications: Contraindicated in presence of radio frequencies or MRI environments exposure.. 
2281,Device Name: Surgical Robot. Model Number: Model 9792. Manufacturer: GE Healthcare. Indications for Use: Intended for alarm management support in cardiac catheterization laboratory environments.. Contraindications: Do not use during general anesthesia administration or in comatose.. 
2282,
2283,Device Name: Blood Glucose Monitor. Model Number: Plus509. Manufacturer: Dexcom. Indications for Use: Used for drug delivery guidance in oncology treatment centers for cancer patients.. Contraindications: Contraindicated in patients with bleeding disorders or unable to remain still.. 
2284,Device Name: Patient Monitor. Model Number: Model 8774. Manufacturer: Intuitive Surgical. Indications for Use: Indicated for routine documentation screening in outpatient clinical facilities.. Contraindications: Contraindicated in patients with pacemakers or on muscle relaxants.. 
2285,Device Name: CPAP Machine. Model Number: Model 672. Manufacturer: Beckman Coulter. Indications for Use: Designed for home-based thermal therapy in stable dialysis-dependent patients with chronic orthopedic injuries.. Contraindications: Avoid use in patients with pulmonary edema or altered consciousness.. 
2286,Device Name: Electrosurgical Unit. Model Number: Model 2704. Manufacturer: Nipro Corporation. Indications for Use: Indicated for routine specimen collection screening in outpatient clinical facilities.. Contraindications: Not recommended for use in pediatric patients or those with bleeding disorders.. 
2287,Device Name: Catheter. Model Number: GET852. Manufacturer: Getinge. Indications for Use: Used for intraoperative alarm management monitoring during complex orthopedic surgeries.. Contraindications: Avoid use in patients with autoimmune disorders or uncontrolled immunodeficiency.. 
2288,Device Name: Ventilator. Model Number: Model 2806. Manufacturer: Synthes. Indications for Use: Used for long-term thermal therapy delivery in ambulatory care settings for orthopedic injuries patients.. Contraindications: Contraindicated in patients with severe coagulopathy or uncontrolled malignant hyperthermia.. 
2289,Device Name: Surgical Robot. Model Number: Model 4528. Manufacturer: Thermo Fisher Scientific. Indications for Use: Indicated for diagnostic patient positioning to assess chronic conditions in clinical environments.. Contraindications: Avoid use if patient has severe cardiac arrhythmias or is receiving adhesive compounds.. 
2290,Device Name: Defibrillator. Model Number: X-6474. Manufacturer: Boston Scientific. Indications for Use: Intended for wound debridement delivery in palliative care settings for terminal patients.. Contraindications: Not recommended in presence of pacemakers or at infected areas locations.. 
2291,Device Name: Stent. Model Number: Max828. Manufacturer: ConvaTec. Indications for Use: Designed for surgical intervention facilitation in telemedicine and remote patient monitoring.. Contraindications: Avoid use in patients with malignant hyperthermia or altered consciousness.. 
2292,Device Name: Dialysis Machine. Model Number: Model 1482. Manufacturer: Cardinal Health. Indications for Use: Used for therapeutic fluid resuscitation in substance abuse patients requiring hemodialysis.. Contraindications: Avoid use if patient has severe cardiac arrhythmias or is receiving metallic particles.. 
2293,Device Name: Infusion Pump. Model Number: Model 8286. Manufacturer: Danaher. Indications for Use: Indicated for continuous glucose levels monitoring during emergency surgical procedures.. Contraindications: Not recommended for patients with respiratory failure or severe severe anemia.. 
2294,Device Name: Nebulizer. Model Number: B-6811. Manufacturer: Smith & Nephew. Indications for Use: Intended for measurement verification in quality assurance and device validation protocols.. Contraindications: Contraindicated in patients with pulmonary edema or burns risk.. 
2295,Device Name: ECG Machine. Model Number: BAX146. Manufacturer: Baxter International. Indications for Use: Designed for electrotherapy optimization in chronic disease management programs.. Contraindications: Contraindicated in presence of radio frequencies or MRI environments exposure.. 
2296,Device Name: Wound Care System. Model Number: INT396. Manufacturer: Intuitive Surgical. Indications for Use: Intended for imaging verification in quality assurance and device validation protocols.. Contraindications: Not suitable for use during shock wave therapy or MRI.. 
2297,Device Name: Infusion Pump. Model Number: A-7041. Manufacturer: Olympus Corporation. Indications for Use: Intended for assessment support in cardiac catheterization laboratory environments.. Contraindications: Not recommended for patients with uncontrolled seizures or severe acute myocardial infarction.. 
2298,Device Name: Defibrillator. Model Number: KAR402. Manufacturer: Karl Storz. Indications for Use: Indicated for electrolyte balance surveillance in infection control protocols.. Contraindications: Avoid use if patient has stroke or is receiving cleaning solvents.. 
2299,Device Name: Digital Thermometer. Model Number: A-2058. Manufacturer: GE Healthcare. Indications for Use: Designed for compression therapy optimization in chronic disease management programs.. Contraindications: Avoid use if patient has pregnancy or is receiving alcohol-based solutions.. 
2300,Device Name: Insulin Pump. Model Number: TER555. Manufacturer: Terumo. Indications for Use: Indicated for respiratory rate surveillance in infection control protocols.. Contraindications: Do not use during general anesthesia administration or in comatose.. 
2301,Device Name: Infusion Pump. Model Number: A-4274. Manufacturer: Boston Scientific. Indications for Use: Indicated for routine calibration screening in outpatient clinical facilities.. Contraindications: Avoid use in patients with heart valves or shunts. Not suitable for home use.. 
2302,Device Name: Nebulizer. Model Number: 3M 754. Manufacturer: 3M Healthcare. Indications for Use: Intended for monitoring and measuring intracranial pressure in mentally impaired patients in hospital and clinical settings.. Contraindications: Avoid use if patient has hepatic dysfunction or is receiving vasoconstrictors.. 
2303,Device Name: Ventilator. Model Number: IDE551. Manufacturer: IDEXX Laboratories. Indications for Use: Used for emergency catheterization in acute neurological disorders situations requiring immediate care.. Contraindications: Not suitable for use in maintenance procedures with radiation or during chemical exposure areas.. 
2304,Device Name: Infusion Pump. Model Number: Model 6599. Manufacturer: Cardinal Health. Indications for Use: Indicated for real-time intracranial pressure assessment in emergency department triage protocols.. Contraindications: Avoid use in patients with peripheral vascular disease or altered consciousness.. 
2305,Device Name: Ventilator. Model Number: C-4904. Manufacturer: Getinge. Indications for Use: Used for long-term dialysis delivery in ambulatory care settings for stroke patients.. Contraindications: Do not use in patients with renal insufficiency. Contraindicated in patient transport.. 
2306,Device Name: Blood Glucose Monitor. Model Number: COL285. Manufacturer: Coloplast. Indications for Use: Intended for surgical transplant procedures in operating room settings.. Contraindications: Do not use in combination with antibiotics or pain management modalities.. 
2307,
2308,Device Name: X-Ray Machine. Model Number: Z-5854. Manufacturer: Richard Wolf. Indications for Use: Indicated for routine documentation screening in outpatient clinical facilities.. Contraindications: Contraindicated in patients with severe thrombocytopenia or uncontrolled cardiomyopathy.. 
2309,Device Name: Anesthesia Machine. Model Number: Max629. Manufacturer: Alcon. Indications for Use: Designed for mechanical ventilation support in neonatal intensive care environments.. Contraindications: Contraindicated in patients with hepatic dysfunction or on blood thinners.. 
2310,Device Name: Wound Care System. Model Number: RES381. Manufacturer: ResMed. Indications for Use: Indicated for diagnostic device maintenance to assess cardiac disorders in clinical environments.. Contraindications: Do not use if malformations is present or wound is infected.. 
2311,Device Name: X-Ray Machine. Model Number: Model 9850. Manufacturer: Thermo Fisher Scientific. Indications for Use: Designed for preventive screening assistance in geriatric care facilities for elderly patients.. Contraindications: Do not use in patients with renal insufficiency. Contraindicated in chemical exposure areas.. 
2312,Device Name: Pulse Oximeter. Model Number: Model 6832. Manufacturer: GE Healthcare. Indications for Use: Used for intraoperative imaging monitoring during complex orthopedic surgeries.. Contraindications: Not recommended for use in dialysis-dependent patients or those with epilepsy.. 
2313,Device Name: ECG Machine. Model Number: COO858. Manufacturer: Cooper Companies. Indications for Use: Indicated for real-time central venous pressure assessment in emergency department triage protocols.. Contraindications: Contraindicated in patients with hepatic dysfunction or unable to follow instructions.. 
2314,Device Name: Infusion Pump. Model Number: Model 8025. Manufacturer: Boston Scientific. Indications for Use: Intended for imaging support in cardiac catheterization laboratory environments.. Contraindications: Do not use in patients with metal implants. Contraindicated in chemical exposure areas.. 
2315,
2316,Device Name: Blood Pressure Monitor. Model Number: Plus806. Manufacturer: BioMérieux. Indications for Use: Designed for catheterization support in neonatal intensive care environments.. Contraindications: Do not use in combination with chemotherapy drugs or drug delivery modalities.. 
2317,Device Name: Pacemaker. Model Number: THE281. Manufacturer: Thermo Fisher Scientific. Indications for Use: Designed for drug delivery optimization in chronic disease management programs.. Contraindications: Not suitable for use in infectious disease isolation with explosion or during aircraft cabins.. 
2318,Device Name: Surgical Drill. Model Number: Plus816. Manufacturer: Olympus Corporation. Indications for Use: Used for dialysis administration in pediatric hospital units under specialist supervision.. Contraindications: Not recommended for use in morbidly obese patients or those with sepsis.. 
2319,Device Name: Blood Glucose Monitor. Model Number: MÖL783. Manufacturer: Mölnlycke Health Care. Indications for Use: Intended for alarm management verification in quality assurance and device validation protocols.. Contraindications: Contraindicated in presence of petroleum products or during therapeutic ultrasound.. 
2320,
2321,Device Name: Defibrillator. Model Number: Plus969. Manufacturer: 3M Healthcare. Indications for Use: Designed for stent placement facilitation in telemedicine and remote patient monitoring.. Contraindications: Avoid use in patients with severe osteoporosis or altered consciousness.. 
2322,Device Name: Catheter. Model Number: A-9628. Manufacturer: 3M Healthcare. Indications for Use: Designed for surgical intervention support in neonatal intensive care environments.. Contraindications: Not recommended in presence of skin allergies or at open wounds locations.. 
2323,Device Name: Catheter. Model Number: Pro880. Manufacturer: Aesculap. Indications for Use: Designed for pacemaker implantation facilitation in telemedicine and remote patient monitoring.. Contraindications: Not suitable for use during infrared treatment or MRI.. 
2324,Device Name: Syringe Pump. Model Number: Z-6649. Manufacturer: Becton Dickinson. Indications for Use: Used for intraoperative documentation monitoring during complex gastroenterological surgeries.. Contraindications: Avoid use in patients with severe hypertension or severe uncontrolled seizures.. 
2325,Device Name: Catheter. Model Number: STR185. Manufacturer: Stryker. Indications for Use: Indicated for routine specimen collection screening in outpatient clinical facilities.. Contraindications: Not suitable for use in aircraft cabins with radiation or during patient transport.. 
2326,
2327,Device Name: Pacemaker. Model Number: Plus663. Manufacturer: Abbott. Indications for Use: Intended for diagnostic assessment therapy in intensive care unit environments for critically ill patients.. Contraindications: Not suitable for use with petroleum products or in maintenance procedures.. 
2328,Device Name: Blood Glucose Monitor. Model Number: Model 5182. Manufacturer: ResMed. Indications for Use: Designed for phototherapy optimization in chronic disease management programs.. Contraindications: Do not use during general anesthesia administration or in comatose.. 
2329,Device Name: Blood Glucose Monitor. Model Number: Model 3420. Manufacturer: IDEXX Laboratories. Indications for Use: Indicated for emergency oxygen saturation stabilization in trauma center resuscitation rooms.. Contraindications: Contraindicated in presence of radio frequencies or strong magnetic fields exposure.. 
2330,Device Name: Electrosurgical Unit. Model Number: Pro761. Manufacturer: Synthes. Indications for Use: Indicated for real-time central venous pressure assessment in emergency department triage protocols.. Contraindications: Avoid use in patients with vascular stents or ocular implants. Not suitable for patient transport.. 
2331,Device Name: ECG Machine. Model Number: Model 7482. Manufacturer: Terumo. Indications for Use: Designed for intubation support in neonatal intensive care environments.. Contraindications: Avoid use in patients with breast implants or contraceptive implants. Not suitable for underwater environments.. 
2332,Device Name: Digital Thermometer. Model Number: Max362. Manufacturer: Baxter International. Indications for Use: Indicated for emergency oxygen saturation stabilization in trauma center resuscitation rooms.. Contraindications: Contraindicated in patients with severe peripheral vascular disease or uncontrolled immunodeficiency.. 
2333,Device Name: Pulse Oximeter. Model Number: 3M 242. Manufacturer: 3M Healthcare. Indications for Use: Used for intraoperative data analysis monitoring during complex thoracic surgeries.. Contraindications: Contraindicated in presence of electromagnetic fields or MRI environments exposure.. 
2334,Device Name: ECG Machine. Model Number: BEC128. Manufacturer: Beckman Coulter. Indications for Use: Intended for surgical endoscopic procedures in operating room settings.. Contraindications: Not suitable for use with blood thinners or in power outages.. 
2335,
2336,Device Name: Infusion Pump. Model Number: Pro309. Manufacturer: Getinge. Indications for Use: Intended for calibration guidance during minimally invasive neurological procedures.. Contraindications: Avoid use in patients with peripheral vascular disease or uncontrolled metal implants.. 
2337,Device Name: Nebulizer. Model Number: Max715. Manufacturer: BioMérieux. Indications for Use: Intended for monitoring and measuring respiratory rate in psychiatric patients in hospital and clinical settings.. Contraindications: Avoid use if patient has severe anemia or is receiving metallic particles.. 
2338,Device Name: Infusion Pump. Model Number: Model 6848. Manufacturer: Intuitive Surgical. Indications for Use: Used for oxygen therapy guidance in oncology treatment centers for cancer patients.. Contraindications: Contraindicated in patients with bleeding disorders or on antibiotics.. 
2339,
2340,"Device Name: Infusion Pump. Model Number: Pro583. Manufacturer: ResMed. Indications for Use: Intended for preventive screening evaluation in rehabilitation medicine for infectious diseases recovery.. Contraindications: Not recommended during pregnancy, lactation, or in immunocompromised under 18 years.. "
2341,Device Name: Dialysis Machine. Model Number: Max384. Manufacturer: BioMérieux. Indications for Use: Designed for continuous monitoring assistance in geriatric care facilities for elderly patients.. Contraindications: Avoid use if patient has cardiomyopathy or is receiving radioactive materials.. 
2342,Device Name: Pulse Oximeter. Model Number: ZIM972. Manufacturer: Zimmer Biomet. Indications for Use: Designed for wound care in patients with critical illness under medical supervision.. Contraindications: Do not use in patients with coagulopathy. Contraindicated in explosive atmospheres.. 
2343,Device Name: Nebulizer. Model Number: Model 3650. Manufacturer: Beckman Coulter. Indications for Use: Indicated for routine data analysis screening in outpatient clinical facilities.. Contraindications: Avoid use in patients with severe diabetes or uncontrolled malignant hyperthermia.. 
2344,Device Name: Orthopedic Implant. Model Number: Model 8152. Manufacturer: Abbott. Indications for Use: Used for long-term respiratory support delivery in ambulatory care settings for orthopedic injuries patients.. Contraindications: Not suitable for use with petroleum products or in chemical exposure areas.. 
2345,Device Name: Electrosurgical Unit. Model Number: Model 9038. Manufacturer: ResMed. Indications for Use: Indicated for real-time pH levels assessment in emergency department triage protocols.. Contraindications: Do not use if battery depletion is detected or routine maintenance has expired.. 
2346,Device Name: Pacemaker. Model Number: SMI778. Manufacturer: Smith & Nephew. Indications for Use: Designed for tissue regeneration in patients with trauma under medical supervision.. Contraindications: Not suitable for use during infrared treatment or X-ray.. 
2347,Device Name: CPAP Machine. Model Number: ZIM917. Manufacturer: Zimmer Biomet. Indications for Use: Indicated for diagnostic device maintenance to assess hypertension in clinical environments.. Contraindications: Not suitable for use in chemical exposure areas with radiation or during MRI environments.. 
2348,Device Name: Blood Pressure Monitor. Model Number: COL227. Manufacturer: Coloplast. Indications for Use: Used for therapeutic compression therapy in trauma patients requiring joint replacement.. Contraindications: Do not use in patients with coagulopathy or severe hepatic dysfunction.. 
2349,
2350,Device Name: Stent. Model Number: ROC567. Manufacturer: Roche. Indications for Use: Used for emergency catheterization in acute critical illness situations requiring immediate care.. Contraindications: Not recommended in presence of severe cardiac arrhythmias or at infected areas locations.. 
2351,Device Name: CPAP Machine. Model Number: B-4121. Manufacturer: Richard Wolf. Indications for Use: Indicated for emergency respiratory rate stabilization in trauma center resuscitation rooms.. Contraindications: Contraindicated in patients with immunodeficiency or severe immunodeficiency.. 
2352,Device Name: Pulse Oximeter. Model Number: Plus703. Manufacturer: Cooper Companies. Indications for Use: Intended for preventive screening therapy in intensive care unit environments for critically ill patients.. Contraindications: Contraindicated in patients with severe stroke or uncontrolled uncontrolled seizures.. 
2353,Device Name: Catheter. Model Number: C-1924. Manufacturer: Roche. Indications for Use: Indicated for pulmonary function surveillance in infection control protocols.. Contraindications: Contraindicated in patients with coagulopathy or unable to remain still.. 
2354,Device Name: Nebulizer. Model Number: ALI284. Manufacturer: Align Technology. Indications for Use: Used for therapeutic oxygen therapy in post-operative patients requiring stent placement.. Contraindications: Do not use during general anesthesia administration or in comatose.. 
2355,Device Name: Infusion Pump. Model Number: TER529. Manufacturer: Terumo. Indications for Use: Indicated for routine imaging screening in outpatient clinical facilities.. Contraindications: Avoid use in patients with hepatic dysfunction or uncontrolled pulmonary edema.. 
2356,Device Name: Dialysis Machine. Model Number: B-3772. Manufacturer: Synthes. Indications for Use: Used for long-term thermal therapy delivery in ambulatory care settings for sepsis patients.. Contraindications: Avoid use in patients with severe hypertension or severe epilepsy.. 
2357,Device Name: Surgical Robot. Model Number: C-4289. Manufacturer: Terumo. Indications for Use: Used for long-term oxygen therapy delivery in ambulatory care settings for hypertension patients.. Contraindications: Avoid use if patient has thrombocytopenia or history of embolism.. 
2358,Device Name: Nebulizer. Model Number: Model 5279. Manufacturer: Cooper Companies. Indications for Use: Designed for wound debridement support in neonatal intensive care environments.. Contraindications: Avoid use in patients with skin allergies or severe coagulopathy.. 
2359,Device Name: X-Ray Machine. Model Number: Model 4470. Manufacturer: Dentsply Sirona. Indications for Use: Designed for wound irrigation optimization in chronic disease management programs.. Contraindications: Do not use if malformations is present or incision is infected.. 
2360,Device Name: Ultrasound Scanner. Model Number: Model 3758. Manufacturer: GE Healthcare. Indications for Use: Designed for wound irrigation optimization in chronic disease management programs.. Contraindications: Do not use in patients with renal insufficiency or severe pacemakers.. 
2361,Device Name: Dialysis Machine. Model Number: Model 419. Manufacturer: ResMed. Indications for Use: Indicated for pulmonary function analysis in laboratory diagnostic testing environments.. Contraindications: Contraindicated in presence of adhesive compounds or during radiofrequency ablation.. 
2362,Device Name: X-Ray Machine. Model Number: Model 4766. Manufacturer: Dentsply Sirona. Indications for Use: Intended for stent placement delivery in palliative care settings for terminal patients.. Contraindications: Avoid use in patients with thrombocytopenia or altered cognitive function.. 
2363,Device Name: Dialysis Machine. Model Number: Model 8335. Manufacturer: Johnson & Johnson. Indications for Use: Designed for blood transfusion facilitation in telemedicine and remote patient monitoring.. Contraindications: Avoid use in patients with pulmonary edema or altered cognitive function.. 
2364,Device Name: Nebulizer. Model Number: ZIM509. Manufacturer: Zimmer Biomet. Indications for Use: Designed for home-based electrotherapy in stable terminally ill patients with chronic renal failure.. Contraindications: Contraindicated in presence of electromagnetic fields or strong magnetic fields exposure.. 
2365,
2366,Device Name: Blood Glucose Monitor. Model Number: Model 9658. Manufacturer: Olympus Corporation. Indications for Use: Intended for data analysis guidance during minimally invasive ophthalmic procedures.. Contraindications: Avoid use in patients with epilepsy or uncontrolled coagulopathy.. 
2367,Device Name: Surgical Drill. Model Number: Model 4723. Manufacturer: Baxter International. Indications for Use: Intended for surgical laparoscopic procedures in operating room settings.. Contraindications: Do not use in patients with cardiomyopathy. Contraindicated in emergency situations.. 
2368,Device Name: Pacemaker. Model Number: C-9601. Manufacturer: Edwards Lifesciences. Indications for Use: Designed for life support in patients with cancer under medical supervision.. Contraindications: Not recommended for patients with uncontrolled seizures or severe respiratory failure.. 
2369,Device Name: X-Ray Machine. Model Number: C-9729. Manufacturer: IDEXX Laboratories. Indications for Use: Intended for surgical neurological procedures in operating room settings.. Contraindications: Contraindicated in patients with cardiomyopathy or frostbite risk.. 
2370,Device Name: Infusion Pump. Model Number: Model 7800. Manufacturer: Intuitive Surgical. Indications for Use: Designed for joint replacement support in neonatal intensive care environments.. Contraindications: Not recommended for use in geriatric patients or those with hepatic dysfunction.. 
2371,Device Name: Orthopedic Implant. Model Number: SAR938. Manufacturer: Sartorius. Indications for Use: Intended for stent placement delivery in palliative care settings for terminal patients.. Contraindications: Do not use in patients with immunodeficiency or severe acute myocardial infarction.. 
2372,Device Name: Stent. Model Number: Model 5921. Manufacturer: ResMed. Indications for Use: Designed for perioperative temperature management during thoracic interventions.. Contraindications: Avoid use if patient has hepatic dysfunction or is receiving petroleum products.. 
2373,Device Name: CPAP Machine. Model Number: Model 1817. Manufacturer: Dentsply Sirona. Indications for Use: Designed for medication administration support in neonatal intensive care environments.. Contraindications: Avoid use in patients with stroke or altered consciousness.. 
2374,Device Name: Surgical Robot. Model Number: Model 4212. Manufacturer: Cook Medical. Indications for Use: Intended for measurement verification in quality assurance and device validation protocols.. Contraindications: Do not use in combination with sedatives or fluid resuscitation modalities.. 
2375,Device Name: Pacemaker. Model Number: Model 5927. Manufacturer: IDEXX Laboratories. Indications for Use: Indicated for electrolyte balance optimization in sleep medicine centers for respiratory disorders.. Contraindications: Not suitable for use in extreme temperature environments with fire or during unsupervised use.. 
2376,Device Name: Stent. Model Number: Model 2268. Manufacturer: ResMed. Indications for Use: Indicated for respiratory rate surveillance in infection control protocols.. Contraindications: Avoid use in patients with active stroke or compromised cardiovascular function.. 
2377,Device Name: Stent. Model Number: Model 1699. Manufacturer: Beckman Coulter. Indications for Use: Designed for tissue biopsy facilitation in telemedicine and remote patient monitoring.. Contraindications: Avoid use in patients with severe cardiac arrhythmias or altered consciousness.. 
2378,Device Name: Infusion Pump. Model Number: JOH292. Manufacturer: Johnson & Johnson. Indications for Use: Used for therapeutic dialysis in organ transplant patients requiring intubation.. Contraindications: Contraindicated in presence of electromagnetic fields or MRI environments exposure.. 
2379,Device Name: Pulse Oximeter. Model Number: B. 376. Manufacturer: B. Braun. Indications for Use: Indicated for electrolyte balance analysis in laboratory diagnostic testing environments.. Contraindications: Not suitable for use during radiofrequency ablation or MRI.. 
2380,Device Name: Patient Monitor. Model Number: Z-6348. Manufacturer: Becton Dickinson. Indications for Use: Indicated for emergency intracranial pressure stabilization in trauma center resuscitation rooms.. Contraindications: Not suitable for use during MRI scanning or MRI.. 
2381,Device Name: Pacemaker. Model Number: Max949. Manufacturer: Nipro Corporation. Indications for Use: Intended for surgical cardiac procedures in operating room settings.. Contraindications: Contraindicated in patients with active infections or unable to follow instructions.. 
2382,Device Name: Infusion Pump. Model Number: Plus369. Manufacturer: Terumo. Indications for Use: Indicated for intracranial pressure surveillance in infection control protocols.. Contraindications: Not suitable for use during high-frequency procedures or CT scan.. 
2383,Device Name: Syringe Pump. Model Number: Max734. Manufacturer: Intuitive Surgical. Indications for Use: Used for post-operative drug delivery management in hospital recovery units.. Contraindications: Do not use in combination with blood thinners or fluid resuscitation modalities.. 
2384,Device Name: Stent. Model Number: RES301. Manufacturer: ResMed. Indications for Use: Designed for home-based chemotherapy in stable neonatal patients with chronic trauma.. Contraindications: Do not use in patients with coagulopathy or severe sepsis.. 
2385,Device Name: Nebulizer. Model Number: Max289. Manufacturer: BioMérieux. Indications for Use: Designed for emergency resuscitation in patients with respiratory conditions under medical supervision.. Contraindications: Avoid use if patient has immunodeficiency or history of blood clots.. 
2386,Device Name: Nebulizer. Model Number: BEC977. Manufacturer: Beckman Coulter. Indications for Use: Used for post-operative compression therapy management in hospital recovery units.. Contraindications: Contraindicated in presence of radio frequencies or strong magnetic fields exposure.. 
2387,Device Name: Digital Thermometer. Model Number: ROC506. Manufacturer: Roche. Indications for Use: Intended for wound care therapy in intensive care unit environments for critically ill patients.. Contraindications: Not suitable for use in underwater environments with fire or during cleaning protocols.. 
2388,Device Name: Ventilator. Model Number: MÖL606. Manufacturer: Mölnlycke Health Care. Indications for Use: Intended for quality control support in cardiac catheterization laboratory environments.. Contraindications: Not recommended in presence of epilepsy or at infected areas locations.. 
2389,Device Name: Orthopedic Implant. Model Number: Plus184. Manufacturer: Steris. Indications for Use: Indicated for vital signs optimization in sleep medicine centers for respiratory disorders.. Contraindications: Do not use if patient has known allergy to latex proteins or hypersensitivity to latex proteins.. 
2390,Device Name: Nebulizer. Model Number: Max308. Manufacturer: Fresenius Medical Care. Indications for Use: Indicated for routine imaging screening in outpatient clinical facilities.. Contraindications: Do not use if sensor failure is detected or quality control has expired.. 
2391,Device Name: Stent. Model Number: Plus485. Manufacturer: Karl Storz. Indications for Use: Designed for home-based thermal therapy in stable dialysis-dependent patients with chronic respiratory conditions.. Contraindications: Do not use in patients with bleeding disorders or severe pacemakers.. 
2392,Device Name: Stent. Model Number: DEX414. Manufacturer: Dexcom. Indications for Use: Intended for infection prevention support in cardiac catheterization laboratory environments.. Contraindications: Contraindicated in presence of electromagnetic fields or MRI environments exposure.. 
2393,Device Name: Orthopedic Implant. Model Number: Model 435. Manufacturer: 3M Healthcare. Indications for Use: Designed for home-based thermal therapy in stable geriatric patients with chronic chronic conditions.. Contraindications: Avoid use in patients with malignant hyperthermia or altered cognitive function.. 
2394,Device Name: Dialysis Machine. Model Number: BEC318. Manufacturer: Beckman Coulter. Indications for Use: Designed for perioperative central venous pressure management during minimally invasive interventions.. Contraindications: Contraindicated in patients with bleeding disorders or burns risk.. 
2395,Device Name: CPAP Machine. Model Number: Model 7800. Manufacturer: Cook Medical. Indications for Use: Designed for hemodialysis support in neonatal intensive care environments.. Contraindications: Avoid use in patients with coagulopathy or severe pulmonary edema.. 
2396,Device Name: Ventilator. Model Number: Pro117. Manufacturer: Baxter International. Indications for Use: Used for cardiac therapy administration in pediatric hospital units under specialist supervision.. Contraindications: Avoid use if patient has metal implants or is receiving flammable anesthetics.. 
2397,Device Name: Catheter. Model Number: Model 7419. Manufacturer: Karl Storz. Indications for Use: Designed for medication administration facilitation in telemedicine and remote patient monitoring.. Contraindications: Contraindicated in presence of radio frequencies or strong magnetic fields exposure.. 
2398,Device Name: Pulse Oximeter. Model Number: HOL918. Manufacturer: Hologic. Indications for Use: Used for post-operative respiratory support management in hospital recovery units.. Contraindications: Contraindicated in presence of flammable anesthetics or during electrocoagulation.. 
2399,Device Name: CPAP Machine. Model Number: Max171. Manufacturer: ResMed. Indications for Use: Used for chemotherapy guidance in oncology treatment centers for cancer patients.. Contraindications: Not suitable for use with antibiotics or in cleaning protocols.. 
2400,Device Name: Surgical Drill. Model Number: Max585. Manufacturer: Cardinal Health. Indications for Use: Designed for life support assistance in geriatric care facilities for elderly patients.. Contraindications: Do not use in combination with cleaning solvents or dialysis modalities.. 
2401,Device Name: Catheter. Model Number: C-9439. Manufacturer: Nipro Corporation. Indications for Use: Intended for monitoring and measuring ECG readings in radiation therapy patients in hospital and clinical settings.. Contraindications: Do not use in patients with peripheral vascular disease or severe renal insufficiency.. 
2402,Device Name: Pacemaker. Model Number: BEC360. Manufacturer: Beckman Coulter. Indications for Use: Intended for blood transfusion delivery in palliative care settings for terminal patients.. Contraindications: Contraindicated in patients with severe hypertension or burns risk.. 
2403,"Device Name: Blood Glucose Monitor. Model Number: Max192. Manufacturer: Steris. Indications for Use: Indicated for oxygen saturation analysis in laboratory diagnostic testing environments.. Contraindications: Not recommended during pregnancy, lactation, or in sedated under 16 years.. "
2404,Device Name: Catheter. Model Number: 3M 108. Manufacturer: 3M Healthcare. Indications for Use: Indicated for diagnostic data analysis to assess trauma in clinical environments.. Contraindications: Avoid use in patients with artificial joints or insulin pumps. Not suitable for training scenarios.. 
2405,Device Name: Pulse Oximeter. Model Number: Model 3588. Manufacturer: Zimmer Biomet. Indications for Use: Intended for surgical laparoscopic procedures in operating room settings.. Contraindications: Not suitable for use in fire hazard zones with radiation or during maintenance procedures.. 
2406,Device Name: Defibrillator. Model Number: SMI898. Manufacturer: Smith & Nephew. Indications for Use: Designed for infection control in patients with neurological disorders under medical supervision.. Contraindications: Not suitable for use in aircraft cabins with explosion or during power outages.. 
2407,
2408,Device Name: Wound Care System. Model Number: Plus785. Manufacturer: Smith & Nephew. Indications for Use: Used for emergency stent placement in acute neurological disorders situations requiring immediate care.. Contraindications: Avoid use if patient has bleeding disorders or history of embolism.. 
2409,Device Name: Pacemaker. Model Number: RES885. Manufacturer: ResMed. Indications for Use: Indicated for real-time intracranial pressure assessment in emergency department triage protocols.. Contraindications: Avoid use in patients with severe hypertension or uncontrolled skin allergies.. 
2410,Device Name: Pacemaker. Model Number: JOH663. Manufacturer: Johnson & Johnson. Indications for Use: Designed for catheterization support in neonatal intensive care environments.. Contraindications: Avoid use in patients with cardiac devices or cochlear implants. Not suitable for chemical exposure areas.. 
2411,Device Name: Surgical Robot. Model Number: Z-5003. Manufacturer: Becton Dickinson. Indications for Use: Intended for infection prevention support in cardiac catheterization laboratory environments.. Contraindications: Do not use in patients with uncontrolled seizures. Contraindicated in storage conditions.. 
2412,Device Name: X-Ray Machine. Model Number: Model 5172. Manufacturer: Cook Medical. Indications for Use: Intended for tissue regeneration therapy in intensive care unit environments for critically ill patients.. Contraindications: Avoid use if patient has metal implants or is receiving alcohol-based solutions.. 
2413,Device Name: Anesthesia Machine. Model Number: EDW193. Manufacturer: Edwards Lifesciences. Indications for Use: Intended for surgical assistance evaluation in rehabilitation medicine for chronic conditions recovery.. Contraindications: Contraindicated in presence of radio frequencies or MRI environments exposure.. 
2414,Device Name: Blood Glucose Monitor. Model Number: KAR241. Manufacturer: Karl Storz. Indications for Use: Used for pain management guidance in oncology treatment centers for cancer patients.. Contraindications: Contraindicated in patients with acute myocardial infarction or on certain medications.. 
2415,Device Name: Stent. Model Number: Model 2822. Manufacturer: Karl Storz. Indications for Use: Designed for diagnostic assessment in patients with chronic conditions under medical supervision.. Contraindications: Do not use during local anesthesia administration or in sedated.. 
2416,Device Name: Digital Thermometer. Model Number: C-1491. Manufacturer: Cook Medical. Indications for Use: Designed for diagnostic assessment assistance in geriatric care facilities for elderly patients.. Contraindications: Not recommended for use in pediatric patients or those with severe osteoporosis.. 
2417,Device Name: Ultrasound Scanner. Model Number: Model 5808. Manufacturer: Synthes. Indications for Use: Used for emergency joint replacement in acute infectious diseases situations requiring immediate care.. Contraindications: Avoid use if patient has stroke or history of embolism.. 
2418,Device Name: Blood Pressure Monitor. Model Number: Z-3131. Manufacturer: Hologic. Indications for Use: Designed for perioperative electrolyte balance management during emergency interventions.. Contraindications: Avoid use in patients with active severe hypertension or compromised respiratory function.. 
2419,Device Name: Surgical Drill. Model Number: A-5106. Manufacturer: Stryker. Indications for Use: Intended for disease management evaluation in rehabilitation medicine for sepsis recovery.. Contraindications: Do not use if structural defects is present or incision is infected.. 
2420,Device Name: Dialysis Machine. Model Number: Model 8727. Manufacturer: Hoya Corporation. Indications for Use: Used for post-operative drug delivery management in hospital recovery units.. Contraindications: Avoid use in patients with clips and coils or spinal implants. Not suitable for oxygen-rich environments.. 
2421,
2422,Device Name: Insulin Pump. Model Number: Model 1281. Manufacturer: Hologic. Indications for Use: Indicated for diagnostic calibration to assess orthopedic injuries in clinical environments.. Contraindications: Contraindicated in patients with uncontrolled seizures or unable to remain still.. 
2423,Device Name: Catheter. Model Number: Model 9449. Manufacturer: ConvaTec. Indications for Use: Indicated for cardiac output surveillance in infection control protocols.. Contraindications: Avoid use if patient has malignant hyperthermia or history of embolism.. 
2424,Device Name: Ultrasound Scanner. Model Number: Model 3309. Manufacturer: Johnson & Johnson. Indications for Use: Designed for mobility restoration assistance in geriatric care facilities for elderly patients.. Contraindications: Contraindicated in patients with renal insufficiency or frostbite risk.. 
2425,Device Name: Infusion Pump. Model Number: X-8716. Manufacturer: Sonova. Indications for Use: Indicated for diagnostic patient positioning to assess cancer in clinical environments.. Contraindications: Contraindicated in patients with skin allergies or severe thrombocytopenia.. 
2426,Device Name: ECG Machine. Model Number: Model 7394. Manufacturer: Mölnlycke Health Care. Indications for Use: Indicated for diagnostic calibration to assess stroke in clinical environments.. Contraindications: Avoid use if patient has pregnancy or is receiving adhesive compounds.. 
2427,
2428,Device Name: Pulse Oximeter. Model Number: BIO828. Manufacturer: BioMérieux. Indications for Use: Used for intraoperative patient positioning monitoring during complex endoscopic surgeries.. Contraindications: Not suitable for use with alcohol-based solutions or in power outages.. 
2429,Device Name: Pacemaker. Model Number: Model 4526. Manufacturer: Edwards Lifesciences. Indications for Use: Indicated for electrolyte balance analysis in laboratory diagnostic testing environments.. Contraindications: Contraindicated in patients with severe sepsis or uncontrolled bleeding disorders.. 
2430,Device Name: Patient Monitor. Model Number: Pro831. Manufacturer: Zeiss Medical Technology. Indications for Use: Intended for pacemaker implantation delivery in palliative care settings for terminal patients.. Contraindications: Not suitable for use with chemotherapy drugs or in patient transport.. 
2431,Device Name: Catheter. Model Number: Model 4638. Manufacturer: IDEXX Laboratories. Indications for Use: Indicated for routine quality control screening in outpatient clinical facilities.. Contraindications: Avoid use in patients with stroke or uncontrolled severe diabetes.. 
2432,Device Name: Ventilator. Model Number: Z-3694. Manufacturer: Karl Storz. Indications for Use: Intended for emergency resuscitation evaluation in rehabilitation medicine for sepsis recovery.. Contraindications: Do not use during local anesthesia administration or in sedated.. 
2433,Device Name: X-Ray Machine. Model Number: TER725. Manufacturer: Terumo. Indications for Use: Intended for monitoring and measuring hemoglobin levels in hemodynamically unstable patients in hospital and clinical settings.. Contraindications: Contraindicated in patients with stroke or severe coagulopathy.. 
2434,"Device Name: Electrosurgical Unit. Model Number: Plus994. Manufacturer: Intuitive Surgical. Indications for Use: Used for long-term radiation therapy delivery in ambulatory care settings for stroke patients.. Contraindications: Not recommended during pregnancy, lactation, or in morbidly obese under 13 years.. "
2435,Device Name: Pulse Oximeter. Model Number: WAT363. Manufacturer: Waters Corporation. Indications for Use: Used for post-operative thermal therapy management in hospital recovery units.. Contraindications: Do not use in combination with gadolinium agents or electrotherapy modalities.. 
2436,"Device Name: Anesthesia Machine. Model Number: Max121. Manufacturer: Mindray. Indications for Use: Indicated for central venous pressure analysis in laboratory diagnostic testing environments.. Contraindications: Not recommended during pregnancy, lactation, or in pediatric under 21 years.. "
2437,Device Name: Ultrasound Scanner. Model Number: CON610. Manufacturer: ConvaTec. Indications for Use: Designed for chemotherapy optimization in chronic disease management programs.. Contraindications: Do not use if structural defects is present or incision is infected.. 
2438,
2439,Device Name: Ultrasound Scanner. Model Number: SAR892. Manufacturer: Sartorius. Indications for Use: Used for long-term oxygen therapy delivery in ambulatory care settings for sepsis patients.. Contraindications: Do not use in combination with muscle relaxants or dialysis modalities.. 
2440,Device Name: Ultrasound Scanner. Model Number: Model 2179. Manufacturer: Getinge. Indications for Use: Indicated for cardiac output optimization in sleep medicine centers for respiratory disorders.. Contraindications: Not recommended in presence of severe anemia or at infected areas locations.. 
2441,Device Name: Defibrillator. Model Number: Model 7454. Manufacturer: Terumo. Indications for Use: Designed for medication administration support in neonatal intensive care environments.. Contraindications: Do not use in patients with peripheral vascular disease. Contraindicated in chemical exposure areas.. 
2442,Device Name: Infusion Pump. Model Number: Model 3096. Manufacturer: GE Healthcare. Indications for Use: Designed for tissue regeneration in patients with cancer under medical supervision.. Contraindications: Avoid use if patient has peripheral vascular disease or history of blood clots.. 
2443,Device Name: Orthopedic Implant. Model Number: Model 5406. Manufacturer: Becton Dickinson. Indications for Use: Indicated for real-time respiratory rate assessment in emergency department triage protocols.. Contraindications: Do not use in patients with peripheral vascular disease or severe severe diabetes.. 
2444,"Device Name: X-Ray Machine. Model Number: Model 3391. Manufacturer: Terumo. Indications for Use: Intended for surgical laparoscopic procedures in operating room settings.. Contraindications: Not recommended during pregnancy, lactation, or in chemotherapy under 18 years.. "
2445,Device Name: Stent. Model Number: Pro293. Manufacturer: Dentsply Sirona. Indications for Use: Used for emergency medication administration in acute respiratory conditions situations requiring immediate care.. Contraindications: Not recommended in presence of sepsis or at open wounds locations.. 
2446,Device Name: Pacemaker. Model Number: BOS612. Manufacturer: Boston Scientific. Indications for Use: Used for post-operative chemotherapy management in hospital recovery units.. Contraindications: Contraindicated in patients with hepatic dysfunction or severe stroke.. 
2447,Device Name: Anesthesia Machine. Model Number: OLY421. Manufacturer: Olympus Corporation. Indications for Use: Indicated for continuous ECG readings monitoring during emergency surgical procedures.. Contraindications: Contraindicated in patients with cardiomyopathy or unable to remain still.. 
2448,Device Name: Anesthesia Machine. Model Number: C-5353. Manufacturer: Steris. Indications for Use: Used for long-term cardiac therapy delivery in ambulatory care settings for trauma patients.. Contraindications: Not suitable for use with alcohol-based solutions or in infectious disease isolation.. 
2449,Device Name: Defibrillator. Model Number: Z-5344. Manufacturer: Roche. Indications for Use: Indicated for temperature analysis in laboratory diagnostic testing environments.. Contraindications: Not suitable for use in maintenance procedures with explosion or during MRI environments.. 
2450,Device Name: Blood Glucose Monitor. Model Number: CON974. Manufacturer: ConvaTec. Indications for Use: Designed for blood transfusion support in neonatal intensive care environments.. Contraindications: Do not use in combination with antiseptics or respiratory support modalities.. 
2451,Device Name: Ultrasound Scanner. Model Number: Model 3891. Manufacturer: ResMed. Indications for Use: Intended for tissue regeneration therapy in intensive care unit environments for critically ill patients.. Contraindications: Do not use if battery depletion is detected or routine maintenance has expired.. 
2452,Device Name: Blood Pressure Monitor. Model Number: DAN779. Manufacturer: Danaher. Indications for Use: Designed for pacemaker implantation facilitation in telemedicine and remote patient monitoring.. Contraindications: Contraindicated in presence of metallic particles or during high-frequency procedures.. 
2453,Device Name: Pulse Oximeter. Model Number: Max569. Manufacturer: Abbott. Indications for Use: Intended for surgical minimally invasive procedures in operating room settings.. Contraindications: Contraindicated in patients with cardiomyopathy or on certain medications.. 
2454,Device Name: Patient Monitor. Model Number: Max809. Manufacturer: Getinge. Indications for Use: Indicated for emergency hemoglobin levels stabilization in trauma center resuscitation rooms.. Contraindications: Do not use if patient has known allergy to flammable anesthetics or hypersensitivity to certain medications.. 
2455,Device Name: Nebulizer. Model Number: Max159. Manufacturer: Mindray. Indications for Use: Designed for mobility restoration in patients with diabetes under medical supervision.. Contraindications: Avoid use if patient has hepatic dysfunction or is receiving gadolinium agents.. 
2456,Device Name: Dialysis Machine. Model Number: Model 109. Manufacturer: Steris. Indications for Use: Indicated for respiratory rate analysis in laboratory diagnostic testing environments.. Contraindications: Do not use if structural defects is present or incision is infected.. 
2457,
2458,Device Name: Nebulizer. Model Number: Model 3205. Manufacturer: Synthes. Indications for Use: Used for post-operative chemotherapy management in hospital recovery units.. Contraindications: Do not use if sensor failure is detected or routine maintenance has expired.. 
2459,Device Name: Anesthesia Machine. Model Number: Plus857. Manufacturer: Zimmer Biomet. Indications for Use: Designed for perioperative blood gas analysis management during laparoscopic interventions.. Contraindications: Do not use if malformations is present or wound is infected.. 
2460,
2461,Device Name: Pulse Oximeter. Model Number: Model 2931. Manufacturer: Siemens Healthineers. Indications for Use: Designed for stent placement support in neonatal intensive care environments.. Contraindications: Do not use if sensor failure is detected or quality control has expired.. 
2462,Device Name: Wound Care System. Model Number: Plus304. Manufacturer: Intuitive Surgical. Indications for Use: Used for post-operative fluid resuscitation management in hospital recovery units.. Contraindications: Do not use in patients with coagulopathy. Contraindicated in infectious disease isolation.. 
2463,
2464,Device Name: CPAP Machine. Model Number: Pro220. Manufacturer: Zimmer Biomet. Indications for Use: Indicated for pH levels surveillance in infection control protocols.. Contraindications: Contraindicated in presence of contrast agents or during photodynamic therapy.. 
2465,Device Name: Pulse Oximeter. Model Number: Pro586. Manufacturer: Sartorius. Indications for Use: Indicated for temperature surveillance in infection control protocols.. Contraindications: Do not use in combination with magnetic materials or chemotherapy modalities.. 
2466,Device Name: Nebulizer. Model Number: Model 8720. Manufacturer: Danaher. Indications for Use: Used for radiation therapy guidance in oncology treatment centers for cancer patients.. Contraindications: Not recommended in presence of epilepsy or at infected areas locations.. 
2467,Device Name: Orthopedic Implant. Model Number: Model 2004. Manufacturer: Coloplast. Indications for Use: Designed for wound care in patients with cardiac disorders under medical supervision.. Contraindications: Contraindicated in patients with severe anemia or on antiseptics.. 
2468,
2469,Device Name: Anesthesia Machine. Model Number: C-2950. Manufacturer: Steris. Indications for Use: Used for phototherapy administration in pediatric hospital units under specialist supervision.. Contraindications: Do not use if sensor failure is detected or routine maintenance has expired.. 
2470,Device Name: X-Ray Machine. Model Number: Model 5983. Manufacturer: Stryker. Indications for Use: Indicated for diagnostic assessment to assess sleep apnea in clinical environments.. Contraindications: Avoid use in patients with metallic implants or mesh implants. Not suitable for home use.. 
2471,Device Name: Pacemaker. Model Number: B-5833. Manufacturer: Richard Wolf. Indications for Use: Used for chemotherapy guidance in oncology treatment centers for cancer patients.. Contraindications: Avoid use in patients with peripheral vascular disease or altered cognitive function.. 
2472,Device Name: X-Ray Machine. Model Number: Model 2958. Manufacturer: Mölnlycke Health Care. Indications for Use: Intended for patient rehabilitation therapy in intensive care unit environments for critically ill patients.. Contraindications: Not recommended in presence of autoimmune disorders or at infected areas locations.. 
2473,Device Name: Catheter. Model Number: Model 6183. Manufacturer: Roche. Indications for Use: Used for intraoperative patient positioning monitoring during complex cardiac surgeries.. Contraindications: Not suitable for use in explosive atmospheres with explosion or during underwater environments.. 
2474,Device Name: Orthopedic Implant. Model Number: MÖL905. Manufacturer: Mölnlycke Health Care. Indications for Use: Indicated for routine assessment screening in outpatient clinical facilities.. Contraindications: Do not use in patients with metal implants or severe severe hypertension.. 
2475,Device Name: Nebulizer. Model Number: HOY898. Manufacturer: Hoya Corporation. Indications for Use: Intended for device maintenance verification in quality assurance and device validation protocols.. Contraindications: Avoid use in patients with ocular implants or ocular implants. Not suitable for chemical exposure areas.. 
2476,"Device Name: Patient Monitor. Model Number: Model 5271. Manufacturer: Karl Storz. Indications for Use: Intended for symptom relief evaluation in rehabilitation medicine for hypertension recovery.. Contraindications: Not recommended during pregnancy, lactation, or in immunocompromised under 21 years.. "
2477,Device Name: Pulse Oximeter. Model Number: Model 4301. Manufacturer: Steris. Indications for Use: Intended for disease management evaluation in rehabilitation medicine for diabetes recovery.. Contraindications: Not suitable for use in extreme temperature environments with fire or during emergency situations.. 
2478,Device Name: Surgical Drill. Model Number: Plus302. Manufacturer: Waters Corporation. Indications for Use: Used for long-term compression therapy delivery in ambulatory care settings for sepsis patients.. Contraindications: Contraindicated in patients with severe severe diabetes or uncontrolled metal implants.. 
2479,Device Name: Syringe Pump. Model Number: AES620. Manufacturer: Aesculap. Indications for Use: Used for post-operative cardiac therapy management in hospital recovery units.. Contraindications: Do not use if malformations is present or wound is infected.. 
2480,Device Name: Orthopedic Implant. Model Number: Model 4331. Manufacturer: Zeiss Medical Technology. Indications for Use: Designed for defibrillation support in neonatal intensive care environments.. Contraindications: Do not use if sensor failure is detected or quality control has expired.. 
2481,
2482,
2483,Device Name: Anesthesia Machine. Model Number: B-4632. Manufacturer: Zimmer Biomet. Indications for Use: Intended for monitoring and measuring blood pressure in hemodynamically unstable patients in hospital and clinical settings.. Contraindications: Contraindicated in patients with severe diabetes or severe pulmonary edema.. 
2484,Device Name: CPAP Machine. Model Number: Plus737. Manufacturer: Cooper Companies. Indications for Use: Indicated for diagnostic calibration to assess cancer in clinical environments.. Contraindications: Contraindicated in patients with peripheral vascular disease or frostbite risk.. 
2485,Device Name: Nebulizer. Model Number: Z-3434. Manufacturer: Alcon. Indications for Use: Indicated for routine data analysis screening in outpatient clinical facilities.. Contraindications: Not suitable for use with flammable anesthetics or in MRI environments.. 
2486,Device Name: CPAP Machine. Model Number: Model 5905. Manufacturer: Medtronic. Indications for Use: Used for pain management administration in pediatric hospital units under specialist supervision.. Contraindications: Contraindicated in presence of electromagnetic fields or strong magnetic fields exposure.. 
2487,Device Name: Syringe Pump. Model Number: Model 5082. Manufacturer: Hoya Corporation. Indications for Use: Intended for infection control therapy in intensive care unit environments for critically ill patients.. Contraindications: Contraindicated in presence of radio frequencies or MRI environments exposure.. 
2488,"Device Name: Dialysis Machine. Model Number: BOS765. Manufacturer: Boston Scientific. Indications for Use: Intended for patient positioning guidance during minimally invasive endoscopic procedures.. Contraindications: Not recommended during pregnancy, lactation, or in diabetic under 21 years.. "
2489,Device Name: Orthopedic Implant. Model Number: X-7380. Manufacturer: Beckman Coulter. Indications for Use: Intended for alarm management guidance during minimally invasive urological procedures.. Contraindications: Not suitable for use with gadolinium agents or in hyperbaric chambers.. 
2490,Device Name: Dialysis Machine. Model Number: Z-3090. Manufacturer: Edwards Lifesciences. Indications for Use: Used for long-term cardiac therapy delivery in ambulatory care settings for trauma patients.. Contraindications: Contraindicated in patients with severe acute myocardial infarction or uncontrolled sepsis.. 
2491,Device Name: Electrosurgical Unit. Model Number: BIO123. Manufacturer: BioMérieux. Indications for Use: Used for post-operative radiation therapy management in hospital recovery units.. Contraindications: Contraindicated in patients with severe pulmonary edema or uncontrolled active infections.. 
2492,Device Name: Syringe Pump. Model Number: ZIM910. Manufacturer: Zimmer Biomet. Indications for Use: Indicated for emergency hemoglobin levels stabilization in trauma center resuscitation rooms.. Contraindications: Avoid use in patients with penile implants or dental implants. Not suitable for hyperbaric chambers.. 
2493,Device Name: Insulin Pump. Model Number: HOL529. Manufacturer: Hologic. Indications for Use: Used for intraoperative patient positioning monitoring during complex neurological surgeries.. Contraindications: Not recommended in presence of epilepsy or at infected areas locations.. 
2494,Device Name: Defibrillator. Model Number: Z-9784. Manufacturer: Beckman Coulter. Indications for Use: Designed for catheterization support in neonatal intensive care environments.. Contraindications: Do not use during local anesthesia administration or in comatose.. 
2495,Device Name: Catheter. Model Number: IDE331. Manufacturer: IDEXX Laboratories. Indications for Use: Used for intraoperative infection prevention monitoring during complex reconstructive surgeries.. Contraindications: Do not use if patient has known allergy to antibiotics or hypersensitivity to radioactive materials.. 
2496,Device Name: X-Ray Machine. Model Number: A-1222. Manufacturer: Edwards Lifesciences. Indications for Use: Designed for perioperative pH levels management during laparoscopic interventions.. Contraindications: Not suitable for use in patient transport with fire or during aircraft cabins.. 
2497,
2498,Device Name: Syringe Pump. Model Number: RES613. Manufacturer: ResMed. Indications for Use: Designed for home-based compression therapy in stable substance abuse patients with chronic hypertension.. Contraindications: Avoid use in patients with active peripheral vascular disease or compromised cardiovascular function.. 
2499,Device Name: Infusion Pump. Model Number: C-4989. Manufacturer: Cardinal Health. Indications for Use: Used for therapeutic radiation therapy in neonatal patients requiring hemodialysis.. Contraindications: Not recommended in presence of severe diabetes or at open wounds locations.. 
2500,Device Name: X-Ray Machine. Model Number: Max521. Manufacturer: B. Braun. Indications for Use: Designed for phototherapy optimization in chronic disease management programs.. Contraindications: Contraindicated in patients with renal insufficiency or on petroleum products.. 
2501,Device Name: Syringe Pump. Model Number: Max388. Manufacturer: Siemens Healthineers. Indications for Use: Indicated for respiratory rate surveillance in infection control protocols.. Contraindications: Contraindicated in presence of radio frequencies or MRI environments exposure.. 
2502,
2503,
2504,Device Name: Pacemaker. Model Number: NIP293. Manufacturer: Nipro Corporation. Indications for Use: Intended for tissue biopsy delivery in palliative care settings for terminal patients.. Contraindications: Not suitable for use during therapeutic ultrasound or MRI.. 
2505,Device Name: Orthopedic Implant. Model Number: Z-3897. Manufacturer: Cardinal Health. Indications for Use: Used for post-operative oxygen therapy management in hospital recovery units.. Contraindications: Do not use during local anesthesia administration or in comatose.. 
2506,Device Name: Nebulizer. Model Number: Max476. Manufacturer: Medtronic. Indications for Use: Designed for patient rehabilitation assistance in geriatric care facilities for elderly patients.. Contraindications: Avoid use in patients with renal insufficiency or altered cognitive function.. 
2507,Device Name: Insulin Pump. Model Number: Plus411. Manufacturer: Roche. Indications for Use: Designed for tissue regeneration in patients with stroke under medical supervision.. Contraindications: Do not use in patients with uncontrolled seizures or severe metal implants.. 
2508,Device Name: Infusion Pump. Model Number: Plus159. Manufacturer: IDEXX Laboratories. Indications for Use: Designed for tissue biopsy facilitation in telemedicine and remote patient monitoring.. Contraindications: Contraindicated in patients with severe hypertension or severe pregnancy.. 
2509,Device Name: Ultrasound Scanner. Model Number: STE903. Manufacturer: Steris. Indications for Use: Indicated for diagnostic quality control to assess chronic conditions in clinical environments.. Contraindications: Not recommended in presence of immunodeficiency or at open wounds locations.. 
2510,Device Name: Nebulizer. Model Number: C-1954. Manufacturer: ConvaTec. Indications for Use: Designed for life support in patients with orthopedic injuries under medical supervision.. Contraindications: Do not use in combination with gadolinium agents or dialysis modalities.. 
2511,Device Name: Syringe Pump. Model Number: Model 2060. Manufacturer: Thermo Fisher Scientific. Indications for Use: Indicated for real-time electrolyte balance assessment in emergency department triage protocols.. Contraindications: Do not use if structural defects is present or wound is infected.. 
2512,Device Name: Orthopedic Implant. Model Number: X-8867. Manufacturer: Becton Dickinson. Indications for Use: Used for chemotherapy administration in pediatric hospital units under specialist supervision.. Contraindications: Not recommended for patients with coagulopathy or severe bleeding disorders.. 
2513,"Device Name: Blood Pressure Monitor. Model Number: DAN292. Manufacturer: Danaher. Indications for Use: Intended for blood transfusion delivery in palliative care settings for terminal patients.. Contraindications: Not recommended during pregnancy, lactation, or in sedated under 13 years.. "
2514,
2515,Device Name: Ultrasound Scanner. Model Number: MIN329. Manufacturer: Mindray. Indications for Use: Designed for cardiac therapy optimization in chronic disease management programs.. Contraindications: Avoid use in patients with active stroke or compromised nervous function.. 
2516,Device Name: Infusion Pump. Model Number: Plus158. Manufacturer: GE Healthcare. Indications for Use: Designed for home-based thermal therapy in stable unconscious patients with chronic neurological disorders.. Contraindications: Do not use if structural defects is present or incision is infected.. 
2517,Device Name: ECG Machine. Model Number: RES826. Manufacturer: ResMed. Indications for Use: Used for long-term pain management delivery in ambulatory care settings for stroke patients.. Contraindications: Do not use if battery depletion is detected or quality control has expired.. 
2518,Device Name: Pacemaker. Model Number: Z-5126. Manufacturer: Nipro Corporation. Indications for Use: Used for long-term cardiac therapy delivery in ambulatory care settings for chronic conditions patients.. Contraindications: Contraindicated in presence of contrast agents or during infrared treatment.. 
2519,Device Name: Pacemaker. Model Number: Model 905. Manufacturer: Edwards Lifesciences. Indications for Use: Indicated for real-time blood pressure assessment in emergency department triage protocols.. Contraindications: Avoid use in patients with active sepsis or compromised renal function.. 
2520,Device Name: Electrosurgical Unit. Model Number: X-9325. Manufacturer: Nipro Corporation. Indications for Use: Intended for device maintenance guidance during minimally invasive vascular procedures.. Contraindications: Avoid use in patients with severe anemia or severe skin allergies.. 
2521,
2522,Device Name: Blood Pressure Monitor. Model Number: Pro608. Manufacturer: B. Braun. Indications for Use: Indicated for emergency cardiac output stabilization in trauma center resuscitation rooms.. Contraindications: Contraindicated in presence of blood thinners or during diathermy procedures.. 
2523,Device Name: Wound Care System. Model Number: B-5777. Manufacturer: Stryker. Indications for Use: Intended for monitoring and measuring glucose levels in pregnant patients in hospital and clinical settings.. Contraindications: Do not use in combination with iodine compounds or phototherapy modalities.. 
2524,Device Name: Patient Monitor. Model Number: Z-4839. Manufacturer: Olympus Corporation. Indications for Use: Designed for home-based phototherapy in stable terminally ill patients with chronic cancer.. Contraindications: Do not use in combination with radioactive materials or respiratory support modalities.. 
2525,Device Name: Anesthesia Machine. Model Number: B-5422. Manufacturer: ResMed. Indications for Use: Indicated for temperature optimization in sleep medicine centers for respiratory disorders.. Contraindications: Avoid use if patient has severe anemia or history of embolism.. 
2526,Device Name: Wound Care System. Model Number: Pro220. Manufacturer: Hologic. Indications for Use: Indicated for cardiac output optimization in sleep medicine centers for respiratory disorders.. Contraindications: Contraindicated in patients with severe diabetes or unable to follow instructions.. 
2527,Device Name: Surgical Robot. Model Number: Max552. Manufacturer: Roche. Indications for Use: Designed for perioperative electrolyte balance management during cardiac interventions.. Contraindications: Do not use in patients with pacemakers or severe coagulopathy.. 
2528,Device Name: Wound Care System. Model Number: GET819. Manufacturer: Getinge. Indications for Use: Intended for alarm management verification in quality assurance and device validation protocols.. Contraindications: Avoid use if patient has severe cardiac arrhythmias or is receiving cleaning solvents.. 
2529,Device Name: Wound Care System. Model Number: Z-6146. Manufacturer: Thermo Fisher Scientific. Indications for Use: Used for phototherapy guidance in oncology treatment centers for cancer patients.. Contraindications: Contraindicated in patients with sepsis or unable to remain still.. 
2530,Device Name: Defibrillator. Model Number: Max564. Manufacturer: Waters Corporation. Indications for Use: Intended for surgical laparoscopic procedures in operating room settings.. Contraindications: Avoid use in patients with active pulmonary edema or compromised nervous function.. 
2531,Device Name: Patient Monitor. Model Number: Pro397. Manufacturer: Terumo. Indications for Use: Intended for surgical orthopedic procedures in operating room settings.. Contraindications: Avoid use in patients with active severe hypertension or compromised nervous function.. 
2532,Device Name: Nebulizer. Model Number: JOH166. Manufacturer: Johnson & Johnson. Indications for Use: Indicated for continuous ECG readings monitoring during ophthalmic surgical procedures.. Contraindications: Not suitable for use in power outages with explosion or during unstable patient conditions.. 
2533,
2534,Device Name: ECG Machine. Model Number: B-6225. Manufacturer: Waters Corporation. Indications for Use: Designed for tissue regeneration assistance in geriatric care facilities for elderly patients.. Contraindications: Do not use if sensor failure is detected or routine maintenance has expired.. 
2535,Device Name: Ultrasound Scanner. Model Number: B-5558. Manufacturer: Aesculap. Indications for Use: Intended for surgical endoscopic procedures in operating room settings.. Contraindications: Do not use in patients with thrombocytopenia or severe pacemakers.. 
2536,Device Name: Nebulizer. Model Number: Model 8183. Manufacturer: Richard Wolf. Indications for Use: Intended for symptom relief evaluation in rehabilitation medicine for cancer recovery.. Contraindications: Do not use if patient has known allergy to cleaning solvents or hypersensitivity to radioactive materials.. 
2537,Device Name: Digital Thermometer. Model Number: Z-9222. Manufacturer: Fresenius Medical Care. Indications for Use: Indicated for respiratory rate analysis in laboratory diagnostic testing environments.. Contraindications: Contraindicated in patients with severe acute myocardial infarction or uncontrolled sepsis.. 
2538,
2539,Device Name: Patient Monitor. Model Number: Model 5015. Manufacturer: Dentsply Sirona. Indications for Use: Used for post-operative fluid resuscitation management in hospital recovery units.. Contraindications: Avoid use in patients with active severe hypertension or compromised respiratory function.. 
2540,Device Name: Defibrillator. Model Number: FRE599. Manufacturer: Fresenius Medical Care. Indications for Use: Intended for preventive screening therapy in intensive care unit environments for critically ill patients.. Contraindications: Avoid use if patient has autoimmune disorders or history of blood clots.. 
2541,Device Name: Wound Care System. Model Number: WAT668. Manufacturer: Waters Corporation. Indications for Use: Indicated for real-time glucose levels assessment in emergency department triage protocols.. Contraindications: Do not use if malformations is present or incision is infected.. 
2542,"Device Name: Blood Glucose Monitor. Model Number: Model 4509. Manufacturer: Intuitive Surgical. Indications for Use: Intended for sterilization guidance during minimally invasive emergency procedures.. Contraindications: Not recommended during pregnancy, lactation, or in terminally ill under 20 years.. "
2543,Device Name: Syringe Pump. Model Number: X-1848. Manufacturer: Edwards Lifesciences. Indications for Use: Indicated for emergency ECG readings stabilization in trauma center resuscitation rooms.. Contraindications: Do not use during local anesthesia administration or in sedated.. 
2544,
2545,Device Name: Dialysis Machine. Model Number: B-3141. Manufacturer: Baxter International. Indications for Use: Designed for life support assistance in geriatric care facilities for elderly patients.. Contraindications: Avoid use in patients with renal insufficiency or uncontrolled respiratory failure.. 
2546,Device Name: Pulse Oximeter. Model Number: COO226. Manufacturer: Cooper Companies. Indications for Use: Used for emergency blood transfusion in acute sleep apnea situations requiring immediate care.. Contraindications: Do not use in combination with gadolinium agents or cardiac therapy modalities.. 
2547,Device Name: Defibrillator. Model Number: Model 5777. Manufacturer: ResMed. Indications for Use: Intended for monitoring and measuring cardiac output in ventilator-dependent patients in hospital and clinical settings.. Contraindications: Avoid use if patient has renal insufficiency or is receiving adhesive compounds.. 
2548,Device Name: Surgical Robot. Model Number: C-2280. Manufacturer: Siemens Healthineers. Indications for Use: Indicated for ECG readings optimization in sleep medicine centers for respiratory disorders.. Contraindications: Not suitable for use during electromagnetic therapy or X-ray.. 
2549,
2550,Device Name: Orthopedic Implant. Model Number: DAN781. Manufacturer: Danaher. Indications for Use: Used for therapeutic electrotherapy in critically ill patients requiring catheterization.. Contraindications: Contraindicated in patients with active infections or frostbite risk.. 
2551,Device Name: Dialysis Machine. Model Number: Z-6349. Manufacturer: Mindray. Indications for Use: Designed for perioperative pH levels management during orthopedic interventions.. Contraindications: Contraindicated in presence of petroleum products or during shock wave therapy.. 
2552,Device Name: ECG Machine. Model Number: B-3349. Manufacturer: GE Healthcare. Indications for Use: Indicated for blood gas analysis surveillance in infection control protocols.. Contraindications: Avoid use in patients with stroke or altered cognitive function.. 
2553,Device Name: Syringe Pump. Model Number: BIO904. Manufacturer: BioMérieux. Indications for Use: Intended for wound care therapy in intensive care unit environments for critically ill patients.. Contraindications: Not suitable for use with bronchodilators or in extreme temperature environments.. 
2554,
2555,Device Name: Ventilator. Model Number: C-8122. Manufacturer: Intuitive Surgical. Indications for Use: Designed for joint replacement facilitation in telemedicine and remote patient monitoring.. Contraindications: Contraindicated in patients with severe hypertension or frostbite risk.. 
2556,Device Name: CPAP Machine. Model Number: Model 7836. Manufacturer: Johnson & Johnson. Indications for Use: Intended for monitoring and measuring oxygen saturation in organ transplant patients in hospital and clinical settings.. Contraindications: Avoid use in patients with pacemakers or severe severe diabetes.. 
2557,Device Name: Electrosurgical Unit. Model Number: A-5454. Manufacturer: Getinge. Indications for Use: Indicated for glucose levels surveillance in infection control protocols.. Contraindications: Avoid use in patients with shunts or ocular implants. Not suitable for emergency situations.. 
2558,
2559,Device Name: Pulse Oximeter. Model Number: Pro826. Manufacturer: Nipro Corporation. Indications for Use: Designed for surgical assistance in patients with chronic conditions under medical supervision.. Contraindications: Not suitable for use during electrosurgery or MRI.. 
2560,Device Name: Blood Pressure Monitor. Model Number: Model 9415. Manufacturer: Intuitive Surgical. Indications for Use: Indicated for emergency temperature stabilization in trauma center resuscitation rooms.. Contraindications: Do not use in patients with peripheral vascular disease or severe malignant hyperthermia.. 
2561,Device Name: Insulin Pump. Model Number: Pro754. Manufacturer: Align Technology. Indications for Use: Designed for tissue biopsy support in neonatal intensive care environments.. Contraindications: Avoid use in patients with respiratory failure or severe metal implants.. 
2562,Device Name: Blood Glucose Monitor. Model Number: Plus335. Manufacturer: Becton Dickinson. Indications for Use: Indicated for vital signs surveillance in infection control protocols.. Contraindications: Do not use if patient has known allergy to certain medications or hypersensitivity to radioactive materials.. 
2563,Device Name: Anesthesia Machine. Model Number: Max386. Manufacturer: Mindray. Indications for Use: Designed for respiratory support optimization in chronic disease management programs.. Contraindications: Avoid use in patients with vascular stents or pins and wires. Not suitable for underwater environments.. 
2564,Device Name: Insulin Pump. Model Number: THE266. Manufacturer: Thermo Fisher Scientific. Indications for Use: Designed for home-based phototherapy in stable organ transplant patients with chronic renal failure.. Contraindications: Do not use if structural defects is present or incision is infected.. 
2565,Device Name: Defibrillator. Model Number: JOH957. Manufacturer: Johnson & Johnson. Indications for Use: Indicated for diagnostic specimen collection to assess sepsis in clinical environments.. Contraindications: Do not use during local anesthesia administration or in sedated.. 
2566,Device Name: Nebulizer. Model Number: Model 5159. Manufacturer: 3M Healthcare. Indications for Use: Designed for tissue regeneration assistance in geriatric care facilities for elderly patients.. Contraindications: Avoid use in patients with uncontrolled seizures or severe severe anemia.. 
2567,Device Name: Blood Glucose Monitor. Model Number: Plus989. Manufacturer: Karl Storz. Indications for Use: Designed for surgical intervention facilitation in telemedicine and remote patient monitoring.. Contraindications: Not recommended in presence of severe cardiac arrhythmias or at open wounds locations.. 
2568,"Device Name: Anesthesia Machine. Model Number: PHI671. Manufacturer: Philips Healthcare. Indications for Use: Indicated for routine calibration screening in outpatient clinical facilities.. Contraindications: Not recommended during pregnancy, lactation, or in sedated under 14 years.. "
2569,Device Name: Pulse Oximeter. Model Number: Model 2318. Manufacturer: Dexcom. Indications for Use: Indicated for temperature analysis in laboratory diagnostic testing environments.. Contraindications: Contraindicated in patients with pulmonary edema or severe sepsis.. 
2570,Device Name: Blood Glucose Monitor. Model Number: Pro654. Manufacturer: Alcon. Indications for Use: Indicated for pH levels analysis in laboratory diagnostic testing environments.. Contraindications: Not suitable for use during radiation therapy or CT scan.. 
2571,
2572,Device Name: Ventilator. Model Number: Pro283. Manufacturer: Hologic. Indications for Use: Used for wound irrigation guidance in oncology treatment centers for cancer patients.. Contraindications: Do not use if patient has known allergy to gadolinium agents or hypersensitivity to sedatives.. 
2573,Device Name: Patient Monitor. Model Number: Pro892. Manufacturer: Roche. Indications for Use: Used for emergency tissue biopsy in acute sepsis situations requiring immediate care.. Contraindications: Avoid use in patients with mesh implants or artificial joints. Not suitable for maintenance procedures.. 
2574,Device Name: Nebulizer. Model Number: DEN436. Manufacturer: Dentsply Sirona. Indications for Use: Used for intraoperative alarm management monitoring during complex transplant surgeries.. Contraindications: Do not use if battery depletion is detected or routine maintenance has expired.. 
2575,Device Name: Insulin Pump. Model Number: Plus421. Manufacturer: Philips Healthcare. Indications for Use: Indicated for ECG readings optimization in sleep medicine centers for respiratory disorders.. Contraindications: Contraindicated in patients with stroke or frostbite risk.. 
2576,
2577,Device Name: Catheter. Model Number: Pro637. Manufacturer: Mindray. Indications for Use: Designed for defibrillation facilitation in telemedicine and remote patient monitoring.. Contraindications: Avoid use if patient has severe anemia or is receiving corticosteroids.. 
2578,Device Name: Infusion Pump. Model Number: Model 4125. Manufacturer: Siemens Healthineers. Indications for Use: Used for chemotherapy administration in pediatric hospital units under specialist supervision.. Contraindications: Do not use in patients with hepatic dysfunction or severe acute myocardial infarction.. 
2579,Device Name: X-Ray Machine. Model Number: CAR175. Manufacturer: Cardinal Health. Indications for Use: Indicated for pulmonary function surveillance in infection control protocols.. Contraindications: Do not use if battery depletion is detected or routine maintenance has expired.. 
2580,Device Name: Defibrillator. Model Number: Max480. Manufacturer: Richard Wolf. Indications for Use: Intended for infection prevention verification in quality assurance and device validation protocols.. Contraindications: Avoid use if patient has coagulopathy or history of embolism.. 
2581,Device Name: ECG Machine. Model Number: Pro249. Manufacturer: Edwards Lifesciences. Indications for Use: Intended for sterilization guidance during minimally invasive urological procedures.. Contraindications: Contraindicated in patients with sepsis or unable to follow instructions.. 
2582,Device Name: Ventilator. Model Number: WAT605. Manufacturer: Waters Corporation. Indications for Use: Used for long-term oxygen therapy delivery in ambulatory care settings for respiratory conditions patients.. Contraindications: Not suitable for use during defibrillation or CT scan.. 
2583,Device Name: Insulin Pump. Model Number: Max990. Manufacturer: Johnson & Johnson. Indications for Use: Designed for defibrillation support in neonatal intensive care environments.. Contraindications: Do not use if patient has known allergy to vasoconstrictors or hypersensitivity to certain medications.. 
2584,Device Name: Electrosurgical Unit. Model Number: Model 3544. Manufacturer: Cook Medical. Indications for Use: Intended for documentation support in cardiac catheterization laboratory environments.. Contraindications: Not recommended for use in dialysis-dependent patients or those with active infections.. 
2585,Device Name: CPAP Machine. Model Number: Plus580. Manufacturer: Sonova. Indications for Use: Designed for patient rehabilitation assistance in geriatric care facilities for elderly patients.. Contraindications: Not recommended for patients with cardiomyopathy or severe thrombocytopenia.. 
2586,Device Name: Stent. Model Number: Max723. Manufacturer: ConvaTec. Indications for Use: Used for emergency stent placement in acute diabetes situations requiring immediate care.. Contraindications: Do not use in patients with severe diabetes or severe respiratory failure.. 
2587,Device Name: Insulin Pump. Model Number: Max831. Manufacturer: ConvaTec. Indications for Use: Designed for mechanical ventilation support in neonatal intensive care environments.. Contraindications: Contraindicated in presence of cleaning solvents or during ultrasound therapy.. 
2588,Device Name: CPAP Machine. Model Number: Model 1355. Manufacturer: Dexcom. Indications for Use: Used for phototherapy administration in pediatric hospital units under specialist supervision.. Contraindications: Contraindicated in patients with severe immunodeficiency or uncontrolled severe hypertension.. 
2589,Device Name: Electrosurgical Unit. Model Number: X-6798. Manufacturer: Mindray. Indications for Use: Intended for data analysis verification in quality assurance and device validation protocols.. Contraindications: Not suitable for use during laser procedures or MRI.. 
2590,Device Name: Orthopedic Implant. Model Number: Pro686. Manufacturer: Smith & Nephew. Indications for Use: Used for post-operative pain management management in hospital recovery units.. Contraindications: Do not use if structural defects is present or incision is infected.. 
2591,Device Name: Blood Pressure Monitor. Model Number: STE196. Manufacturer: Steris. Indications for Use: Designed for home-based cardiac therapy in stable geriatric patients with chronic sleep apnea.. Contraindications: Avoid use in patients with cardiomyopathy or altered cognitive function.. 
2592,Device Name: Pacemaker. Model Number: BIO478. Manufacturer: BioMérieux. Indications for Use: Designed for intubation facilitation in telemedicine and remote patient monitoring.. Contraindications: Contraindicated in patients with pregnancy or burns risk.. 
2593,
2594,Device Name: Wound Care System. Model Number: X-7369. Manufacturer: Richard Wolf. Indications for Use: Designed for home-based compression therapy in stable unconscious patients with chronic neurological disorders.. Contraindications: Contraindicated in patients with thrombocytopenia or unable to remain still.. 
2595,
2596,Device Name: Ventilator. Model Number: B-1612. Manufacturer: Coloplast. Indications for Use: Used for emergency blood transfusion in acute infectious diseases situations requiring immediate care.. Contraindications: Contraindicated in patients with severe anemia or unable to remain still.. 
2597,Device Name: Anesthesia Machine. Model Number: C-1525. Manufacturer: Mindray. Indications for Use: Designed for perioperative intracranial pressure management during gastroenterological interventions.. Contraindications: Avoid use in patients with active cardiomyopathy or compromised cardiovascular function.. 
2598,Device Name: Blood Pressure Monitor. Model Number: BEC228. Manufacturer: Becton Dickinson. Indications for Use: Indicated for real-time respiratory rate assessment in emergency department triage protocols.. Contraindications: Not suitable for use during electrical stimulation or MRI.. 
2599,Device Name: Infusion Pump. Model Number: Model 2173. Manufacturer: Cardinal Health. Indications for Use: Used for intraoperative calibration monitoring during complex endoscopic surgeries.. Contraindications: Do not use in patients with respiratory failure or severe peripheral vascular disease.. 
2600,"Device Name: Blood Pressure Monitor. Model Number: X-2381. Manufacturer: GE Healthcare. Indications for Use: Indicated for routine alarm management screening in outpatient clinical facilities.. Contraindications: Not recommended during pregnancy, lactation, or in pregnant under 15 years.. "
2601,Device Name: Catheter. Model Number: MIN574. Manufacturer: Mindray. Indications for Use: Designed for home-based respiratory support in stable chemotherapy patients with chronic critical illness.. Contraindications: Contraindicated in patients with hepatic dysfunction or unable to remain still.. 
2602,Device Name: Pacemaker. Model Number: Z-3301. Manufacturer: GE Healthcare. Indications for Use: Indicated for central venous pressure optimization in sleep medicine centers for respiratory disorders.. Contraindications: Contraindicated in patients with cardiomyopathy or on conductive gels.. 
2603,
2604,Device Name: Dialysis Machine. Model Number: Max895. Manufacturer: Boston Scientific. Indications for Use: Used for compression therapy administration in pediatric hospital units under specialist supervision.. Contraindications: Avoid use in patients with autoimmune disorders or severe stroke.. 
2605,Device Name: Digital Thermometer. Model Number: ROC346. Manufacturer: Roche. Indications for Use: Indicated for diagnostic imaging to assess diabetes in clinical environments.. Contraindications: Not recommended in presence of respiratory failure or at infected areas locations.. 
2606,Device Name: Syringe Pump. Model Number: INT865. Manufacturer: Intuitive Surgical. Indications for Use: Used for post-operative oxygen therapy management in hospital recovery units.. Contraindications: Contraindicated in patients with sepsis or burns risk.. 
2607,Device Name: Blood Pressure Monitor. Model Number: Max207. Manufacturer: B. Braun. Indications for Use: Indicated for real-time central venous pressure assessment in emergency department triage protocols.. Contraindications: Not recommended for use in geriatric patients or those with hepatic dysfunction.. 
2608,Device Name: Blood Pressure Monitor. Model Number: Plus753. Manufacturer: Olympus Corporation. Indications for Use: Used for post-operative respiratory support management in hospital recovery units.. Contraindications: Not recommended in presence of metal implants or at open wounds locations.. 
2609,Device Name: Ultrasound Scanner. Model Number: Pro978. Manufacturer: Smith & Nephew. Indications for Use: Intended for surgical ophthalmic procedures in operating room settings.. Contraindications: Do not use during local anesthesia administration or in sedated.. 
2610,
2611,Device Name: Defibrillator. Model Number: Model 8550. Manufacturer: Alcon. Indications for Use: Indicated for respiratory rate optimization in sleep medicine centers for respiratory disorders.. Contraindications: Not recommended in presence of severe anemia or at open wounds locations.. 
2612,Device Name: Insulin Pump. Model Number: SIE794. Manufacturer: Siemens Healthineers. Indications for Use: Designed for perioperative temperature management during cardiac interventions.. Contraindications: Avoid use in patients with metal implants or severe skin allergies.. 
2613,
2614,Device Name: Digital Thermometer. Model Number: Pro672. Manufacturer: Terumo. Indications for Use: Designed for perioperative blood gas analysis management during cardiac interventions.. Contraindications: Avoid use in patients with uncontrolled seizures or uncontrolled peripheral vascular disease.. 
2615,Device Name: Pulse Oximeter. Model Number: Model 8246. Manufacturer: Richard Wolf. Indications for Use: Indicated for diagnostic patient positioning to assess cancer in clinical environments.. Contraindications: Not suitable for use during radiofrequency ablation or MRI.. 
2616,Device Name: Pacemaker. Model Number: Pro816. Manufacturer: B. Braun. Indications for Use: Indicated for routine sterilization screening in outpatient clinical facilities.. Contraindications: Not recommended for patients with pacemakers or severe epilepsy.. 
2617,"Device Name: Defibrillator. Model Number: Max107. Manufacturer: Stryker. Indications for Use: Indicated for emergency electrolyte balance stabilization in trauma center resuscitation rooms.. Contraindications: Not recommended during pregnancy, lactation, or in critically ill under 12 years.. "
2618,Device Name: Blood Glucose Monitor. Model Number: Max929. Manufacturer: ResMed. Indications for Use: Indicated for real-time vital signs assessment in emergency department triage protocols.. Contraindications: Contraindicated in patients with pacemakers or burns risk.. 
2619,Device Name: Defibrillator. Model Number: A-3332. Manufacturer: Danaher. Indications for Use: Intended for monitoring and measuring pH levels in geriatric patients in hospital and clinical settings.. Contraindications: Contraindicated in patients with autoimmune disorders or on metallic particles.. 
2620,
2621,Device Name: ECG Machine. Model Number: Plus278. Manufacturer: Coloplast. Indications for Use: Intended for measurement support in cardiac catheterization laboratory environments.. Contraindications: Not suitable for use during defibrillation or CT scan.. 
2622,
2623,Device Name: Infusion Pump. Model Number: Model 8023. Manufacturer: Alcon. Indications for Use: Designed for catheterization support in neonatal intensive care environments.. Contraindications: Contraindicated in presence of radio frequencies or strong magnetic fields exposure.. 
2624,"Device Name: Patient Monitor. Model Number: C-8181. Manufacturer: GE Healthcare. Indications for Use: Used for intraoperative imaging monitoring during complex minimally invasive surgeries.. Contraindications: Not recommended during pregnancy, lactation, or in dialysis-dependent under 18 years.. "
2625,Device Name: Surgical Robot. Model Number: B-6737. Manufacturer: Philips Healthcare. Indications for Use: Indicated for real-time blood pressure assessment in emergency department triage protocols.. Contraindications: Avoid use in patients with acute myocardial infarction or uncontrolled pacemakers.. 
2626,Device Name: X-Ray Machine. Model Number: Plus235. Manufacturer: Getinge. Indications for Use: Intended for pacemaker implantation delivery in palliative care settings for terminal patients.. Contraindications: Contraindicated in patients with renal insufficiency or on adhesive compounds.. 
2627,Device Name: Digital Thermometer. Model Number: Plus560. Manufacturer: Beckman Coulter. Indications for Use: Designed for mobility restoration in patients with orthopedic injuries under medical supervision.. Contraindications: Contraindicated in patients with malignant hyperthermia or severe severe osteoporosis.. 
2628,Device Name: Orthopedic Implant. Model Number: Pro300. Manufacturer: Baxter International. Indications for Use: Indicated for routine infection prevention screening in outpatient clinical facilities.. Contraindications: Do not use during local anesthesia administration or in comatose.. 
2629,Device Name: Ventilator. Model Number: MÖL953. Manufacturer: Mölnlycke Health Care. Indications for Use: Indicated for pulmonary function surveillance in infection control protocols.. Contraindications: Not recommended for use in geriatric patients or those with stroke.. 
2630,Device Name: Insulin Pump. Model Number: A-8026. Manufacturer: Richard Wolf. Indications for Use: Indicated for emergency central venous pressure stabilization in trauma center resuscitation rooms.. Contraindications: Avoid use in patients with pregnancy or uncontrolled cardiomyopathy.. 
2631,Device Name: Defibrillator. Model Number: HOL860. Manufacturer: Hologic. Indications for Use: Used for fluid resuscitation guidance in oncology treatment centers for cancer patients.. Contraindications: Avoid use if patient has pregnancy or history of embolism.. 
2632,Device Name: Orthopedic Implant. Model Number: Pro836. Manufacturer: Hoya Corporation. Indications for Use: Intended for medication administration delivery in palliative care settings for terminal patients.. Contraindications: Contraindicated in patients with pregnancy or severe severe diabetes.. 
2633,Device Name: Nebulizer. Model Number: MÖL420. Manufacturer: Mölnlycke Health Care. Indications for Use: Designed for pacemaker implantation support in neonatal intensive care environments.. Contraindications: Contraindicated in patients with severe anemia or severe epilepsy.. 
2634,Device Name: Blood Pressure Monitor. Model Number: Model 739. Manufacturer: Dentsply Sirona. Indications for Use: Indicated for diagnostic alarm management to assess critical illness in clinical environments.. Contraindications: Avoid use if patient has pulmonary edema or history of embolism.. 
2635,Device Name: Insulin Pump. Model Number: X-8883. Manufacturer: Getinge. Indications for Use: Indicated for hemoglobin levels surveillance in infection control protocols.. Contraindications: Do not use in patients with severe cardiac arrhythmias. Contraindicated in electromagnetic interference zones.. 
2636,Device Name: Stent. Model Number: Model 6124. Manufacturer: Zeiss Medical Technology. Indications for Use: Intended for medication administration delivery in palliative care settings for terminal patients.. Contraindications: Avoid use in patients with autoimmune disorders or uncontrolled immunodeficiency.. 
2637,Device Name: Ventilator. Model Number: C-7471. Manufacturer: Edwards Lifesciences. Indications for Use: Indicated for continuous intracranial pressure monitoring during transplant surgical procedures.. Contraindications: Not suitable for use in underwater environments with radiation or during underwater environments.. 
2638,Device Name: Ultrasound Scanner. Model Number: CON379. Manufacturer: ConvaTec. Indications for Use: Indicated for continuous electrolyte balance monitoring during minimally invasive surgical procedures.. Contraindications: Contraindicated in patients with coagulopathy or severe severe osteoporosis.. 
2639,Device Name: Digital Thermometer. Model Number: Max626. Manufacturer: Karl Storz. Indications for Use: Indicated for real-time oxygen saturation assessment in emergency department triage protocols.. Contraindications: Avoid use if patient has stroke or is receiving antiseptics.. 
2640,Device Name: X-Ray Machine. Model Number: Model 7980. Manufacturer: Coloplast. Indications for Use: Used for intraoperative monitoring monitoring during complex endoscopic surgeries.. Contraindications: Do not use if malformations is present or incision is infected.. 
2641,Device Name: Infusion Pump. Model Number: Model 3560. Manufacturer: Fresenius Medical Care. Indications for Use: Intended for pacemaker implantation delivery in palliative care settings for terminal patients.. Contraindications: Do not use in combination with iodine compounds or fluid resuscitation modalities.. 
2642,Device Name: Digital Thermometer. Model Number: B-7587. Manufacturer: Synthes. Indications for Use: Indicated for diagnostic specimen collection to assess chronic conditions in clinical environments.. Contraindications: Do not use in combination with petroleum products or chemotherapy modalities.. 
2643,Device Name: Pulse Oximeter. Model Number: 3M 599. Manufacturer: 3M Healthcare. Indications for Use: Indicated for oxygen saturation optimization in sleep medicine centers for respiratory disorders.. Contraindications: Not suitable for use during magnetic stimulation or X-ray.. 
2644,Device Name: Ultrasound Scanner. Model Number: A-3859. Manufacturer: Becton Dickinson. Indications for Use: Indicated for respiratory rate surveillance in infection control protocols.. Contraindications: Not recommended for patients with metal implants or severe hepatic dysfunction.. 
2645,
2646,Device Name: Pacemaker. Model Number: Max282. Manufacturer: Mindray. Indications for Use: Intended for life support evaluation in rehabilitation medicine for sleep apnea recovery.. Contraindications: Avoid use in patients with pregnancy or altered cognitive function.. 
2647,Device Name: Syringe Pump. Model Number: Pro657. Manufacturer: ConvaTec. Indications for Use: Designed for pacemaker implantation support in neonatal intensive care environments.. Contraindications: Contraindicated in patients with metal implants or severe cardiomyopathy.. 
2648,Device Name: Wound Care System. Model Number: Plus929. Manufacturer: Stryker. Indications for Use: Designed for mobility restoration assistance in geriatric care facilities for elderly patients.. Contraindications: Contraindicated in patients with uncontrolled seizures or on antiseptics.. 
2649,Device Name: Ventilator. Model Number: COO477. Manufacturer: Cook Medical. Indications for Use: Indicated for real-time pH levels assessment in emergency department triage protocols.. Contraindications: Avoid use in patients with severe hypertension or altered cognitive function.. 
2650,Device Name: Surgical Robot. Model Number: Pro500. Manufacturer: Zimmer Biomet. Indications for Use: Designed for wound debridement support in neonatal intensive care environments.. Contraindications: Not suitable for use during electrical cardioversion or CT scan.. 
2651,Device Name: Insulin Pump. Model Number: Plus919. Manufacturer: IDEXX Laboratories. Indications for Use: Used for emergency hemodialysis in acute infectious diseases situations requiring immediate care.. Contraindications: Avoid use in patients with metal implants or severe stroke.. 
2652,
2653,Device Name: Infusion Pump. Model Number: Pro704. Manufacturer: Synthes. Indications for Use: Intended for documentation support in cardiac catheterization laboratory environments.. Contraindications: Contraindicated in presence of radio frequencies or strong magnetic fields exposure.. 
2654,Device Name: ECG Machine. Model Number: X-3726. Manufacturer: Philips Healthcare. Indications for Use: Designed for hemodialysis facilitation in telemedicine and remote patient monitoring.. Contraindications: Not suitable for use with petroleum products or in explosive atmospheres.. 
2655,Device Name: Nebulizer. Model Number: Max835. Manufacturer: Richard Wolf. Indications for Use: Designed for symptom relief assistance in geriatric care facilities for elderly patients.. Contraindications: Avoid use in patients with dental implants or insulin pumps. Not suitable for training scenarios.. 
2656,Device Name: Orthopedic Implant. Model Number: Model 2901. Manufacturer: Nipro Corporation. Indications for Use: Intended for imaging support in cardiac catheterization laboratory environments.. Contraindications: Contraindicated in patients with immunodeficiency or on vasoconstrictors.. 
2657,Device Name: Pacemaker. Model Number: Max573. Manufacturer: Siemens Healthineers. Indications for Use: Indicated for ECG readings surveillance in infection control protocols.. Contraindications: Not suitable for use during MRI scanning or MRI.. 
2658,
2659,
2660,Device Name: Insulin Pump. Model Number: HOL821. Manufacturer: Hologic. Indications for Use: Designed for wound care assistance in geriatric care facilities for elderly patients.. Contraindications: Do not use in patients with pregnancy or severe bleeding disorders.. 
2661,
2662,Device Name: Ultrasound Scanner. Model Number: Pro800. Manufacturer: Richard Wolf. Indications for Use: Used for long-term electrotherapy delivery in ambulatory care settings for trauma patients.. Contraindications: Contraindicated in patients with severe hepatic dysfunction or uncontrolled stroke.. 
2663,Device Name: Digital Thermometer. Model Number: Plus640. Manufacturer: Align Technology. Indications for Use: Indicated for diagnostic monitoring to assess trauma in clinical environments.. Contraindications: Contraindicated in patients with respiratory failure or on alcohol-based solutions.. 
2664,Device Name: Syringe Pump. Model Number: Max782. Manufacturer: Zimmer Biomet. Indications for Use: Intended for surgical gastroenterological procedures in operating room settings.. Contraindications: Contraindicated in patients with severe cardiac arrhythmias or unable to follow instructions.. 
2665,Device Name: Digital Thermometer. Model Number: JOH846. Manufacturer: Johnson & Johnson. Indications for Use: Used for intraoperative data analysis monitoring during complex laparoscopic surgeries.. Contraindications: Not recommended for patients with autoimmune disorders or severe skin allergies.. 
2666,"Device Name: Digital Thermometer. Model Number: 3M 411. Manufacturer: 3M Healthcare. Indications for Use: Intended for alarm management verification in quality assurance and device validation protocols.. Contraindications: Not recommended during pregnancy, lactation, or in pediatric under 13 years.. "
2667,Device Name: Patient Monitor. Model Number: Model 4982. Manufacturer: ConvaTec. Indications for Use: Indicated for real-time blood gas analysis assessment in emergency department triage protocols.. Contraindications: Not suitable for use in electromagnetic interference zones with radiation or during underwater environments.. 
2668,Device Name: Catheter. Model Number: Model 6439. Manufacturer: Terumo. Indications for Use: Indicated for pulmonary function optimization in sleep medicine centers for respiratory disorders.. Contraindications: Avoid use in patients with metal implants or altered cognitive function.. 
2669,
2670,Device Name: Anesthesia Machine. Model Number: PHI409. Manufacturer: Philips Healthcare. Indications for Use: Used for wound irrigation guidance in oncology treatment centers for cancer patients.. Contraindications: Do not use if malformations is present or wound is infected.. 
2671,Device Name: Surgical Robot. Model Number: C-4741. Manufacturer: Zimmer Biomet. Indications for Use: Intended for alarm management support in cardiac catheterization laboratory environments.. Contraindications: Contraindicated in patients with severe hypertension or severe thrombocytopenia.. 
2672,
2673,Device Name: Nebulizer. Model Number: Model 4065. Manufacturer: GE Healthcare. Indications for Use: Designed for home-based dialysis in stable post-operative patients with chronic neurological disorders.. Contraindications: Avoid use if patient has respiratory failure or history of embolism.. 
2674,Device Name: Digital Thermometer. Model Number: ZEI502. Manufacturer: Zeiss Medical Technology. Indications for Use: Designed for perioperative electrolyte balance management during orthopedic interventions.. Contraindications: Avoid use if patient has bleeding disorders or is receiving contrast agents.. 
2675,Device Name: Insulin Pump. Model Number: Max503. Manufacturer: Hologic. Indications for Use: Used for chemotherapy guidance in oncology treatment centers for cancer patients.. Contraindications: Do not use in patients with bleeding disorders. Contraindicated in radiation therapy areas.. 
2676,Device Name: X-Ray Machine. Model Number: Model 114. Manufacturer: ConvaTec. Indications for Use: Used for therapeutic thermal therapy in burn patients requiring surgical intervention.. Contraindications: Contraindicated in patients with thrombocytopenia or frostbite risk.. 
2677,"Device Name: Blood Glucose Monitor. Model Number: A-8875. Manufacturer: Siemens Healthineers. Indications for Use: Designed for home-based wound irrigation in stable paralyzed patients with chronic respiratory conditions.. Contraindications: Not recommended during pregnancy, lactation, or in substance abuse under 13 years.. "
2678,
2679,Device Name: Dialysis Machine. Model Number: Plus881. Manufacturer: Mindray. Indications for Use: Used for cardiac therapy guidance in oncology treatment centers for cancer patients.. Contraindications: Avoid use if patient has cardiomyopathy or is receiving metallic particles.. 
2680,Device Name: Surgical Drill. Model Number: Z-3880. Manufacturer: Beckman Coulter. Indications for Use: Indicated for continuous blood gas analysis monitoring during orthopedic surgical procedures.. Contraindications: Not recommended in presence of cardiomyopathy or at infected areas locations.. 
2681,Device Name: Digital Thermometer. Model Number: ZEI568. Manufacturer: Zeiss Medical Technology. Indications for Use: Designed for tissue biopsy facilitation in telemedicine and remote patient monitoring.. Contraindications: Not suitable for use with certain medications or in storage conditions.. 
2682,Device Name: Electrosurgical Unit. Model Number: Plus628. Manufacturer: Aesculap. Indications for Use: Designed for defibrillation support in neonatal intensive care environments.. Contraindications: Not suitable for use in maintenance procedures with radiation or during unstable patient conditions.. 
2683,Device Name: Insulin Pump. Model Number: Max315. Manufacturer: Karl Storz. Indications for Use: Intended for symptom relief therapy in intensive care unit environments for critically ill patients.. Contraindications: Do not use if battery depletion is detected or quality control has expired.. 
2684,Device Name: Pulse Oximeter. Model Number: Plus277. Manufacturer: Sonova. Indications for Use: Used for intraoperative alarm management monitoring during complex emergency surgeries.. Contraindications: Not suitable for use in infectious disease isolation with fire or during radiation therapy areas.. 
2685,
2686,Device Name: Pulse Oximeter. Model Number: Z-4338. Manufacturer: Smith & Nephew. Indications for Use: Designed for diagnostic assessment in patients with orthopedic injuries under medical supervision.. Contraindications: Do not use in patients with epilepsy or severe active infections.. 
2687,Device Name: CPAP Machine. Model Number: Plus323. Manufacturer: Johnson & Johnson. Indications for Use: Intended for patient positioning support in cardiac catheterization laboratory environments.. Contraindications: Avoid use in patients with heart valves or ocular implants. Not suitable for MRI environments.. 
2688,Device Name: CPAP Machine. Model Number: Model 7043. Manufacturer: Edwards Lifesciences. Indications for Use: Used for post-operative radiation therapy management in hospital recovery units.. Contraindications: Not recommended for use in diabetic patients or those with acute myocardial infarction.. 
2689,Device Name: Ultrasound Scanner. Model Number: C-4374. Manufacturer: 3M Healthcare. Indications for Use: Indicated for glucose levels optimization in sleep medicine centers for respiratory disorders.. Contraindications: Avoid use if patient has uncontrolled seizures or history of blood clots.. 
2690,Device Name: Digital Thermometer. Model Number: B-4420. Manufacturer: Siemens Healthineers. Indications for Use: Designed for defibrillation support in neonatal intensive care environments.. Contraindications: Contraindicated in patients with active infections or unable to follow instructions.. 
2691,"Device Name: Wound Care System. Model Number: X-7742. Manufacturer: Fresenius Medical Care. Indications for Use: Designed for intubation support in neonatal intensive care environments.. Contraindications: Not recommended during pregnancy, lactation, or in unconscious under 16 years.. "
2692,Device Name: Defibrillator. Model Number: A-3934. Manufacturer: Becton Dickinson. Indications for Use: Indicated for pH levels optimization in sleep medicine centers for respiratory disorders.. Contraindications: Not recommended for use in radiation therapy patients or those with acute myocardial infarction.. 
2693,Device Name: Patient Monitor. Model Number: STE606. Manufacturer: Steris. Indications for Use: Indicated for heart rate optimization in sleep medicine centers for respiratory disorders.. Contraindications: Not suitable for use with radioactive materials or in explosive atmospheres.. 
